2026-06-06 21:46:35.247 | INFO     | backend.pipeline.news_pipeline:run_all:278 - Starting news pipeline run
2026-06-06 21:46:35.290 | INFO     | backend.pipeline.news_pipeline:run_all:282 - Warming publisher RSS feed cache...
2026-06-06 21:46:35.290 | INFO     | backend.pipeline.news_pipeline:run_all:284 - Publisher feeds cached.
2026-06-06 21:46:35.301 | INFO     | backend.pipeline.news_pipeline:run_all:301 - Processing Adhikari Soumendu
2026-06-06 21:46:46.991 | INFO     | backend.pipeline.news_pipeline:run_all:314 -   Done: {'mp_name': 'Adhikari Soumendu', 'articles_fetched': 0, 'quotes_extracted': 0, 'statements_stored': 0, 'errors': []}
2026-06-06 21:46:48.999 | INFO     | backend.pipeline.news_pipeline:run_all:301 - Processing Aashtikar Patil Nagesh Bapurao
2026-06-06 21:47:02.964 | INFO     | backend.pipeline.news_pipeline:run_all:314 -   Done: {'mp_name': 'Aashtikar Patil Nagesh Bapurao', 'articles_fetched': 0, 'quotes_extracted': 0, 'statements_stored': 0, 'errors': []}
2026-06-06 21:47:04.965 | INFO     | backend.pipeline.news_pipeline:run_all:301 - Processing Abdul Rashid Sheikh
2026-06-06 21:47:56.977 | INFO     | backend.pipeline.news_pipeline:run_all:314 -   Done: {'mp_name': 'Abdul Rashid Sheikh', 'articles_fetched': 0, 'quotes_extracted': 0, 'statements_stored': 0, 'errors': []}
2026-06-06 21:47:58.978 | INFO     | backend.pipeline.news_pipeline:run_all:301 - Processing Abhijit Gangopadhyay
2026-06-06 21:48:39.423 | INFO     | backend.api.main:_start_scheduler:65 - Weekly news pipeline scheduled (Sun 02:00)
2026-06-06 21:49:30.043 | INFO     | backend.pipeline.news_pipeline:run_all:314 -   Done: {'mp_name': 'Abhijit Gangopadhyay', 'articles_fetched': 0, 'quotes_extracted': 0, 'statements_stored': 0, 'errors': []}
2026-06-06 21:49:32.044 | INFO     | backend.pipeline.news_pipeline:run_all:301 - Processing Aditya Yadav
2026-06-06 21:51:19.580 | INFO     | backend.pipeline.news_pipeline:run_all:314 -   Done: {'mp_name': 'Aditya Yadav', 'articles_fetched': 0, 'quotes_extracted': 0, 'statements_stored': 0, 'errors': []}
2026-06-06 21:51:21.582 | INFO     | backend.pipeline.news_pipeline:run_all:301 - Processing Abhay Kumar Sinha
2026-06-06 21:51:47.091 | INFO     | backend.pipeline.news_pipeline:run_all:314 -   Done: {'mp_name': 'Abhay Kumar Sinha', 'articles_fetched': 0, 'quotes_extracted': 0, 'statements_stored': 0, 'errors': []}
2026-06-06 21:51:49.092 | INFO     | backend.pipeline.news_pipeline:run_all:301 - Processing Abhishek Banerjee
2026-06-06 21:52:28.637 | WARNING  | backend.agents.statement_agent:_call_llm:97 - Groq rate limit hit (llama-3.3-70b-versatile), falling back to Ollama: Error code: 429 - {'error': {'message': 'Rate limit reached for model `llama-3.3-70b-versatile` in organization `org_01k8z2tgj1ezjbwz5qv57a5s85` service tier `on_demand` on tokens per day (TPD): Limit 100000, Used 99747, Requested 1271. Please try again in 14m39.552s. Need more tokens? Upgrade to Dev Tier today at https://console.groq.com/settings/billing', 'type': 'tokens', 'code': 'rate_limit_exceeded'}}
2026-06-06 21:52:34.880 | WARNING  | backend.agents.statement_agent:_call_llm:97 - Groq rate limit hit (llama-3.3-70b-versatile), falling back to Ollama: Error code: 429 - {'error': {'message': 'Rate limit reached for model `llama-3.3-70b-versatile` in organization `org_01k8z2tgj1ezjbwz5qv57a5s85` service tier `on_demand` on tokens per day (TPD): Limit 100000, Used 99740, Requested 1020. Please try again in 10m56.64s. Need more tokens? Upgrade to Dev Tier today at https://console.groq.com/settings/billing', 'type': 'tokens', 'code': 'rate_limit_exceeded'}}
2026-06-06 21:52:59.000 | WARNING  | backend.agents.statement_agent:_call_llm:97 - Groq rate limit hit (llama-3.3-70b-versatile), falling back to Ollama: Error code: 429 - {'error': {'message': 'Rate limit reached for model `llama-3.3-70b-versatile` in organization `org_01k8z2tgj1ezjbwz5qv57a5s85` service tier `on_demand` on tokens per day (TPD): Limit 100000, Used 99712, Requested 1079. Please try again in 11m23.424s. Need more tokens? Upgrade to Dev Tier today at https://console.groq.com/settings/billing', 'type': 'tokens', 'code': 'rate_limit_exceeded'}}
2026-06-06 21:53:05.551 | WARNING  | backend.agents.statement_agent:_call_llm:97 - Groq rate limit hit (llama-3.3-70b-versatile), falling back to Ollama: Error code: 429 - {'error': {'message': 'Rate limit reached for model `llama-3.3-70b-versatile` in organization `org_01k8z2tgj1ezjbwz5qv57a5s85` service tier `on_demand` on tokens per day (TPD): Limit 100000, Used 99705, Requested 1061. Please try again in 11m1.824s. Need more tokens? Upgrade to Dev Tier today at https://console.groq.com/settings/billing', 'type': 'tokens', 'code': 'rate_limit_exceeded'}}
2026-06-06 21:53:10.377 | WARNING  | backend.agents.statement_agent:_call_llm:97 - Groq rate limit hit (llama-3.3-70b-versatile), falling back to Ollama: Error code: 429 - {'error': {'message': 'Rate limit reached for model `llama-3.3-70b-versatile` in organization `org_01k8z2tgj1ezjbwz5qv57a5s85` service tier `on_demand` on tokens per day (TPD): Limit 100000, Used 99699, Requested 1306. Please try again in 14m28.319999999s. Need more tokens? Upgrade to Dev Tier today at https://console.groq.com/settings/billing', 'type': 'tokens', 'code': 'rate_limit_exceeded'}}
2026-06-06 21:53:15.034 | WARNING  | backend.agents.statement_agent:_call_llm:97 - Groq rate limit hit (llama-3.3-70b-versatile), falling back to Ollama: Error code: 429 - {'error': {'message': 'Rate limit reached for model `llama-3.3-70b-versatile` in organization `org_01k8z2tgj1ezjbwz5qv57a5s85` service tier `on_demand` on tokens per day (TPD): Limit 100000, Used 99694, Requested 1311. Please try again in 14m28.319999999s. Need more tokens? Upgrade to Dev Tier today at https://console.groq.com/settings/billing', 'type': 'tokens', 'code': 'rate_limit_exceeded'}}
2026-06-06 21:53:19.994 | WARNING  | backend.agents.statement_agent:_call_llm:97 - Groq rate limit hit (llama-3.3-70b-versatile), falling back to Ollama: Error code: 429 - {'error': {'message': 'Rate limit reached for model `llama-3.3-70b-versatile` in organization `org_01k8z2tgj1ezjbwz5qv57a5s85` service tier `on_demand` on tokens per day (TPD): Limit 100000, Used 99688, Requested 1307. Please try again in 14m19.68s. Need more tokens? Upgrade to Dev Tier today at https://console.groq.com/settings/billing', 'type': 'tokens', 'code': 'rate_limit_exceeded'}}
2026-06-06 21:53:24.989 | WARNING  | backend.agents.statement_agent:_call_llm:97 - Groq rate limit hit (llama-3.3-70b-versatile), falling back to Ollama: Error code: 429 - {'error': {'message': 'Rate limit reached for model `llama-3.3-70b-versatile` in organization `org_01k8z2tgj1ezjbwz5qv57a5s85` service tier `on_demand` on tokens per day (TPD): Limit 100000, Used 99682, Requested 1089. Please try again in 11m6.144s. Need more tokens? Upgrade to Dev Tier today at https://console.groq.com/settings/billing', 'type': 'tokens', 'code': 'rate_limit_exceeded'}}
2026-06-06 21:53:39.196 | WARNING  | backend.agents.statement_agent:_call_llm:97 - Groq rate limit hit (llama-3.3-70b-versatile), falling back to Ollama: Error code: 429 - {'error': {'message': 'Rate limit reached for model `llama-3.3-70b-versatile` in organization `org_01k8z2tgj1ezjbwz5qv57a5s85` service tier `on_demand` on tokens per day (TPD): Limit 100000, Used 99666, Requested 1095. Please try again in 10m57.504s. Need more tokens? Upgrade to Dev Tier today at https://console.groq.com/settings/billing', 'type': 'tokens', 'code': 'rate_limit_exceeded'}}
2026-06-06 21:53:44.595 | WARNING  | backend.agents.statement_agent:_call_llm:97 - Groq rate limit hit (llama-3.3-70b-versatile), falling back to Ollama: Error code: 429 - {'error': {'message': 'Rate limit reached for model `llama-3.3-70b-versatile` in organization `org_01k8z2tgj1ezjbwz5qv57a5s85` service tier `on_demand` on tokens per day (TPD): Limit 100000, Used 99660, Requested 1267. Please try again in 13m20.928s. Need more tokens? Upgrade to Dev Tier today at https://console.groq.com/settings/billing', 'type': 'tokens', 'code': 'rate_limit_exceeded'}}
2026-06-06 21:53:49.191 | WARNING  | backend.agents.statement_agent:_call_llm:97 - Groq rate limit hit (llama-3.3-70b-versatile), falling back to Ollama: Error code: 429 - {'error': {'message': 'Rate limit reached for model `llama-3.3-70b-versatile` in organization `org_01k8z2tgj1ezjbwz5qv57a5s85` service tier `on_demand` on tokens per day (TPD): Limit 100000, Used 99654, Requested 1320. Please try again in 14m1.536s. Need more tokens? Upgrade to Dev Tier today at https://console.groq.com/settings/billing', 'type': 'tokens', 'code': 'rate_limit_exceeded'}}
2026-06-06 21:54:06.990 | WARNING  | backend.agents.statement_agent:_call_llm:97 - Groq rate limit hit (llama-3.3-70b-versatile), falling back to Ollama: Error code: 429 - {'error': {'message': 'Rate limit reached for model `llama-3.3-70b-versatile` in organization `org_01k8z2tgj1ezjbwz5qv57a5s85` service tier `on_demand` on tokens per day (TPD): Limit 100000, Used 99634, Requested 1304. Please try again in 13m30.431999999s. Need more tokens? Upgrade to Dev Tier today at https://console.groq.com/settings/billing', 'type': 'tokens', 'code': 'rate_limit_exceeded'}}
2026-06-06 21:54:13.558 | WARNING  | backend.agents.statement_agent:_call_llm:97 - Groq rate limit hit (llama-3.3-70b-versatile), falling back to Ollama: Error code: 429 - {'error': {'message': 'Rate limit reached for model `llama-3.3-70b-versatile` in organization `org_01k8z2tgj1ezjbwz5qv57a5s85` service tier `on_demand` on tokens per day (TPD): Limit 100000, Used 99626, Requested 1050. Please try again in 9m44.064s. Need more tokens? Upgrade to Dev Tier today at https://console.groq.com/settings/billing', 'type': 'tokens', 'code': 'rate_limit_exceeded'}}
2026-06-06 21:54:18.531 | WARNING  | backend.agents.statement_agent:_call_llm:97 - Groq rate limit hit (llama-3.3-70b-versatile), falling back to Ollama: Error code: 429 - {'error': {'message': 'Rate limit reached for model `llama-3.3-70b-versatile` in organization `org_01k8z2tgj1ezjbwz5qv57a5s85` service tier `on_demand` on tokens per day (TPD): Limit 100000, Used 99620, Requested 1284. Please try again in 13m1.055999999s. Need more tokens? Upgrade to Dev Tier today at https://console.groq.com/settings/billing', 'type': 'tokens', 'code': 'rate_limit_exceeded'}}
2026-06-06 21:54:23.460 | WARNING  | backend.agents.statement_agent:_call_llm:97 - Groq rate limit hit (llama-3.3-70b-versatile), falling back to Ollama: Error code: 429 - {'error': {'message': 'Rate limit reached for model `llama-3.3-70b-versatile` in organization `org_01k8z2tgj1ezjbwz5qv57a5s85` service tier `on_demand` on tokens per day (TPD): Limit 100000, Used 99615, Requested 1073. Please try again in 9m54.432s. Need more tokens? Upgrade to Dev Tier today at https://console.groq.com/settings/billing', 'type': 'tokens', 'code': 'rate_limit_exceeded'}}
2026-06-06 21:54:28.465 | WARNING  | backend.agents.statement_agent:_call_llm:97 - Groq rate limit hit (llama-3.3-70b-versatile), falling back to Ollama: Error code: 429 - {'error': {'message': 'Rate limit reached for model `llama-3.3-70b-versatile` in organization `org_01k8z2tgj1ezjbwz5qv57a5s85` service tier `on_demand` on tokens per day (TPD): Limit 100000, Used 99609, Requested 1041. Please try again in 9m21.6s. Need more tokens? Upgrade to Dev Tier today at https://console.groq.com/settings/billing', 'type': 'tokens', 'code': 'rate_limit_exceeded'}}
2026-06-06 21:54:32.893 | WARNING  | backend.agents.statement_agent:_call_llm:97 - Groq rate limit hit (llama-3.3-70b-versatile), falling back to Ollama: Error code: 429 - {'error': {'message': 'Rate limit reached for model `llama-3.3-70b-versatile` in organization `org_01k8z2tgj1ezjbwz5qv57a5s85` service tier `on_demand` on tokens per day (TPD): Limit 100000, Used 99604, Requested 1061. Please try again in 9m34.56s. Need more tokens? Upgrade to Dev Tier today at https://console.groq.com/settings/billing', 'type': 'tokens', 'code': 'rate_limit_exceeded'}}
2026-06-06 21:54:37.579 | WARNING  | backend.agents.statement_agent:_call_llm:97 - Groq rate limit hit (llama-3.3-70b-versatile), falling back to Ollama: Error code: 429 - {'error': {'message': 'Rate limit reached for model `llama-3.3-70b-versatile` in organization `org_01k8z2tgj1ezjbwz5qv57a5s85` service tier `on_demand` on tokens per day (TPD): Limit 100000, Used 99598, Requested 1282. Please try again in 12m40.32s. Need more tokens? Upgrade to Dev Tier today at https://console.groq.com/settings/billing', 'type': 'tokens', 'code': 'rate_limit_exceeded'}}
2026-06-06 21:54:42.386 | WARNING  | backend.agents.statement_agent:_call_llm:97 - Groq rate limit hit (llama-3.3-70b-versatile), falling back to Ollama: Error code: 429 - {'error': {'message': 'Rate limit reached for model `llama-3.3-70b-versatile` in organization `org_01k8z2tgj1ezjbwz5qv57a5s85` service tier `on_demand` on tokens per day (TPD): Limit 100000, Used 99593, Requested 1277. Please try again in 12m31.68s. Need more tokens? Upgrade to Dev Tier today at https://console.groq.com/settings/billing', 'type': 'tokens', 'code': 'rate_limit_exceeded'}}
2026-06-06 21:54:47.402 | WARNING  | backend.agents.statement_agent:_call_llm:97 - Groq rate limit hit (llama-3.3-70b-versatile), falling back to Ollama: Error code: 429 - {'error': {'message': 'Rate limit reached for model `llama-3.3-70b-versatile` in organization `org_01k8z2tgj1ezjbwz5qv57a5s85` service tier `on_demand` on tokens per day (TPD): Limit 100000, Used 99587, Requested 1308. Please try again in 12m53.28s. Need more tokens? Upgrade to Dev Tier today at https://console.groq.com/settings/billing', 'type': 'tokens', 'code': 'rate_limit_exceeded'}}
2026-06-06 21:55:18.143 | INFO     | backend.pipeline.news_pipeline:run_all:314 -   Done: {'mp_name': 'Abhishek Banerjee', 'articles_fetched': 10, 'quotes_extracted': 21, 'statements_stored': 0, 'errors': []}
2026-06-06 21:55:20.153 | INFO     | backend.pipeline.news_pipeline:run_all:301 - Processing Abu Taher Khan
2026-06-06 21:56:22.673 | INFO     | backend.pipeline.news_pipeline:run_all:314 -   Done: {'mp_name': 'Abu Taher Khan', 'articles_fetched': 0, 'quotes_extracted': 0, 'statements_stored': 0, 'errors': []}
2026-06-06 21:56:24.675 | INFO     | backend.pipeline.news_pipeline:run_all:301 - Processing Anil Firojiya
2026-06-06 21:56:57.794 | INFO     | backend.pipeline.news_pipeline:run_all:314 -   Done: {'mp_name': 'Anil Firojiya', 'articles_fetched': 0, 'quotes_extracted': 0, 'statements_stored': 0, 'errors': []}
2026-06-06 21:56:59.796 | INFO     | backend.pipeline.news_pipeline:run_all:301 - Processing Isha Khan Choudhury
2026-06-06 21:58:14.189 | INFO     | backend.pipeline.news_pipeline:run_all:314 -   Done: {'mp_name': 'Isha Khan Choudhury', 'articles_fetched': 0, 'quotes_extracted': 0, 'statements_stored': 0, 'errors': []}
2026-06-06 21:58:16.190 | INFO     | backend.pipeline.news_pipeline:run_all:301 - Processing Anil Yeshwant Desai
2026-06-06 21:58:28.880 | INFO     | backend.pipeline.news_pipeline:run_all:314 -   Done: {'mp_name': 'Anil Yeshwant Desai', 'articles_fetched': 0, 'quotes_extracted': 0, 'statements_stored': 0, 'errors': []}
2026-06-06 21:58:30.881 | INFO     | backend.pipeline.news_pipeline:run_all:301 - Processing Jagadish Chandra Barma Basunia
2026-06-06 21:59:27.270 | INFO     | backend.pipeline.news_pipeline:run_all:314 -   Done: {'mp_name': 'Jagadish Chandra Barma Basunia', 'articles_fetched': 0, 'quotes_extracted': 0, 'statements_stored': 0, 'errors': []}
2026-06-06 21:59:29.271 | INFO     | backend.pipeline.news_pipeline:run_all:301 - Processing Ruchi Vira
2026-06-06 21:59:54.522 | INFO     | backend.pipeline.news_pipeline:run_all:314 -   Done: {'mp_name': 'Ruchi Vira', 'articles_fetched': 0, 'quotes_extracted': 0, 'statements_stored': 0, 'errors': []}
2026-06-06 21:59:56.523 | INFO     | backend.pipeline.news_pipeline:run_all:301 - Processing Anita Nagarsingh Chouhan
2026-06-06 22:00:09.480 | INFO     | backend.pipeline.news_pipeline:run_all:314 -   Done: {'mp_name': 'Anita Nagarsingh Chouhan', 'articles_fetched': 0, 'quotes_extracted': 0, 'statements_stored': 0, 'errors': []}
2026-06-06 22:00:11.482 | INFO     | backend.pipeline.news_pipeline:run_all:301 - Processing Jagadish Shettar
2026-06-06 22:01:47.937 | INFO     | backend.pipeline.news_pipeline:run_all:314 -   Done: {'mp_name': 'Jagadish Shettar', 'articles_fetched': 0, 'quotes_extracted': 0, 'statements_stored': 0, 'errors': []}
2026-06-06 22:01:49.938 | INFO     | backend.pipeline.news_pipeline:run_all:301 - Processing Rudra Narayan Pany
2026-06-06 22:01:50.295 | INFO     | backend.pipeline.news_pipeline:run_all:314 -   Done: {'mp_name': 'Rudra Narayan Pany', 'articles_fetched': 0, 'quotes_extracted': 0, 'statements_stored': 0, 'errors': []}
2026-06-06 22:01:52.297 | INFO     | backend.pipeline.news_pipeline:run_all:301 - Processing Anita Subhadarshini
2026-06-06 22:02:04.885 | INFO     | backend.pipeline.news_pipeline:run_all:314 -   Done: {'mp_name': 'Anita Subhadarshini', 'articles_fetched': 0, 'quotes_extracted': 0, 'statements_stored': 0, 'errors': []}
2026-06-06 22:02:06.887 | INFO     | backend.pipeline.news_pipeline:run_all:301 - Processing Jagannath Sarkar
2026-06-06 22:03:27.612 | INFO     | backend.pipeline.news_pipeline:run_all:314 -   Done: {'mp_name': 'Jagannath Sarkar', 'articles_fetched': 0, 'quotes_extracted': 0, 'statements_stored': 0, 'errors': []}
2026-06-06 22:03:29.614 | INFO     | backend.pipeline.news_pipeline:run_all:301 - Processing Annpurna Devi
2026-06-06 22:04:44.601 | INFO     | backend.pipeline.news_pipeline:run_all:314 -   Done: {'mp_name': 'Annpurna Devi', 'articles_fetched': 0, 'quotes_extracted': 0, 'statements_stored': 0, 'errors': []}
2026-06-06 22:04:46.602 | INFO     | backend.pipeline.news_pipeline:run_all:301 - Processing Jagdambika Pal
2026-06-06 22:06:05.385 | INFO     | backend.pipeline.news_pipeline:run_all:314 -   Done: {'mp_name': 'Jagdambika Pal', 'articles_fetched': 0, 'quotes_extracted': 0, 'statements_stored': 0, 'errors': []}
2026-06-06 22:06:07.387 | INFO     | backend.pipeline.news_pipeline:run_all:301 - Processing S Jothimani
2026-06-06 22:07:31.726 | INFO     | backend.pipeline.news_pipeline:run_all:314 -   Done: {'mp_name': 'S Jothimani', 'articles_fetched': 0, 'quotes_extracted': 0, 'statements_stored': 0, 'errors': []}
2026-06-06 22:07:33.727 | INFO     | backend.pipeline.news_pipeline:run_all:301 - Processing Jai Parkash
2026-06-06 22:09:26.806 | INFO     | backend.pipeline.news_pipeline:run_all:314 -   Done: {'mp_name': 'Jai Parkash', 'articles_fetched': 0, 'quotes_extracted': 0, 'statements_stored': 0, 'errors': []}
2026-06-06 22:09:28.808 | INFO     | backend.pipeline.news_pipeline:run_all:301 - Processing S P Singh Baghel
2026-06-06 22:10:34.459 | INFO     | backend.pipeline.news_pipeline:run_all:314 -   Done: {'mp_name': 'S P Singh Baghel', 'articles_fetched': 0, 'quotes_extracted': 0, 'statements_stored': 0, 'errors': []}
2026-06-06 22:10:36.460 | INFO     | backend.pipeline.news_pipeline:run_all:301 - Processing Anto Antony
2026-06-06 22:11:41.374 | INFO     | backend.pipeline.news_pipeline:run_all:314 -   Done: {'mp_name': 'Anto Antony', 'articles_fetched': 0, 'quotes_extracted': 0, 'statements_stored': 0, 'errors': []}
2026-06-06 22:11:43.375 | INFO     | backend.pipeline.news_pipeline:run_all:301 - Processing Jai Prakash
2026-06-06 22:12:52.581 | INFO     | backend.pipeline.news_pipeline:run_all:314 -   Done: {'mp_name': 'Jai Prakash', 'articles_fetched': 0, 'quotes_extracted': 0, 'statements_stored': 0, 'errors': []}
2026-06-06 22:12:54.583 | INFO     | backend.pipeline.news_pipeline:run_all:301 - Processing S Supongmeren Jamir
2026-06-06 22:13:09.523 | INFO     | backend.pipeline.news_pipeline:run_all:314 -   Done: {'mp_name': 'S Supongmeren Jamir', 'articles_fetched': 0, 'quotes_extracted': 0, 'statements_stored': 0, 'errors': []}
2026-06-06 22:13:11.524 | INFO     | backend.pipeline.news_pipeline:run_all:301 - Processing Anup Sanjay Dhotre
2026-06-06 22:13:20.802 | INFO     | backend.pipeline.news_pipeline:run_all:314 -   Done: {'mp_name': 'Anup Sanjay Dhotre', 'articles_fetched': 0, 'quotes_extracted': 0, 'statements_stored': 0, 'errors': []}
2026-06-06 22:13:22.803 | INFO     | backend.pipeline.news_pipeline:run_all:301 - Processing Janardan Mishra
2026-06-06 22:13:54.031 | INFO     | backend.pipeline.news_pipeline:run_all:314 -   Done: {'mp_name': 'Janardan Mishra', 'articles_fetched': 0, 'quotes_extracted': 0, 'statements_stored': 0, 'errors': []}
2026-06-06 22:13:56.032 | INFO     | backend.pipeline.news_pipeline:run_all:301 - Processing S Venkatesan
2026-06-06 22:14:55.631 | INFO     | backend.pipeline.news_pipeline:run_all:314 -   Done: {'mp_name': 'S Venkatesan', 'articles_fetched': 0, 'quotes_extracted': 0, 'statements_stored': 0, 'errors': []}
2026-06-06 22:14:57.632 | INFO     | backend.pipeline.news_pipeline:run_all:301 - Processing Anupriya Patel
2026-06-06 22:16:23.804 | INFO     | backend.pipeline.news_pipeline:run_all:314 -   Done: {'mp_name': 'Anupriya Patel', 'articles_fetched': 0, 'quotes_extracted': 0, 'statements_stored': 0, 'errors': []}
2026-06-06 22:16:25.806 | INFO     | backend.pipeline.news_pipeline:run_all:301 - Processing Janardan Singh Sigriwal
2026-06-06 22:16:58.639 | INFO     | backend.pipeline.news_pipeline:run_all:314 -   Done: {'mp_name': 'Janardan Singh Sigriwal', 'articles_fetched': 0, 'quotes_extracted': 0, 'statements_stored': 0, 'errors': []}
2026-06-06 22:17:00.641 | INFO     | backend.pipeline.news_pipeline:run_all:301 - Processing Sachithanantham R
2026-06-06 22:17:17.765 | INFO     | backend.pipeline.news_pipeline:run_all:314 -   Done: {'mp_name': 'Sachithanantham R', 'articles_fetched': 0, 'quotes_extracted': 0, 'statements_stored': 0, 'errors': []}
2026-06-06 22:17:19.766 | INFO     | backend.pipeline.news_pipeline:run_all:301 - Processing Anurag Sharma
2026-06-06 22:18:46.792 | WARNING  | backend.agents.statement_agent:_call_llm:97 - Groq rate limit hit (llama-3.3-70b-versatile), falling back to Ollama: Error code: 429 - {'error': {'message': 'Rate limit reached for model `llama-3.3-70b-versatile` in organization `org_01k8z2tgj1ezjbwz5qv57a5s85` service tier `on_demand` on tokens per day (TPD): Limit 100000, Used 99282, Requested 1280. Please try again in 8m5.568s. Need more tokens? Upgrade to Dev Tier today at https://console.groq.com/settings/billing', 'type': 'tokens', 'code': 'rate_limit_exceeded'}}
2026-06-06 22:18:56.339 | WARNING  | backend.agents.statement_agent:_call_llm:97 - Groq rate limit hit (llama-3.3-70b-versatile), falling back to Ollama: Error code: 429 - {'error': {'message': 'Rate limit reached for model `llama-3.3-70b-versatile` in organization `org_01k8z2tgj1ezjbwz5qv57a5s85` service tier `on_demand` on tokens per day (TPD): Limit 100000, Used 99271, Requested 1027. Please try again in 4m17.471999999s. Need more tokens? Upgrade to Dev Tier today at https://console.groq.com/settings/billing', 'type': 'tokens', 'code': 'rate_limit_exceeded'}}
2026-06-06 22:19:01.166 | WARNING  | backend.agents.statement_agent:_call_llm:97 - Groq rate limit hit (llama-3.3-70b-versatile), falling back to Ollama: Error code: 429 - {'error': {'message': 'Rate limit reached for model `llama-3.3-70b-versatile` in organization `org_01k8z2tgj1ezjbwz5qv57a5s85` service tier `on_demand` on tokens per day (TPD): Limit 100000, Used 99266, Requested 1281. Please try again in 7m52.608s. Need more tokens? Upgrade to Dev Tier today at https://console.groq.com/settings/billing', 'type': 'tokens', 'code': 'rate_limit_exceeded'}}
2026-06-06 22:19:06.549 | WARNING  | backend.agents.statement_agent:_call_llm:97 - Groq rate limit hit (llama-3.3-70b-versatile), falling back to Ollama: Error code: 429 - {'error': {'message': 'Rate limit reached for model `llama-3.3-70b-versatile` in organization `org_01k8z2tgj1ezjbwz5qv57a5s85` service tier `on_demand` on tokens per day (TPD): Limit 100000, Used 99260, Requested 1026. Please try again in 4m7.104s. Need more tokens? Upgrade to Dev Tier today at https://console.groq.com/settings/billing', 'type': 'tokens', 'code': 'rate_limit_exceeded'}}
2026-06-06 22:19:11.254 | WARNING  | backend.agents.statement_agent:_call_llm:97 - Groq rate limit hit (llama-3.3-70b-versatile), falling back to Ollama: Error code: 429 - {'error': {'message': 'Rate limit reached for model `llama-3.3-70b-versatile` in organization `org_01k8z2tgj1ezjbwz5qv57a5s85` service tier `on_demand` on tokens per day (TPD): Limit 100000, Used 99254, Requested 1268. Please try again in 7m31.008s. Need more tokens? Upgrade to Dev Tier today at https://console.groq.com/settings/billing', 'type': 'tokens', 'code': 'rate_limit_exceeded'}}
2026-06-06 22:19:15.913 | WARNING  | backend.agents.statement_agent:_call_llm:97 - Groq rate limit hit (llama-3.3-70b-versatile), falling back to Ollama: Error code: 429 - {'error': {'message': 'Rate limit reached for model `llama-3.3-70b-versatile` in organization `org_01k8z2tgj1ezjbwz5qv57a5s85` service tier `on_demand` on tokens per day (TPD): Limit 100000, Used 99249, Requested 1279. Please try again in 7m36.192s. Need more tokens? Upgrade to Dev Tier today at https://console.groq.com/settings/billing', 'type': 'tokens', 'code': 'rate_limit_exceeded'}}
2026-06-06 22:19:20.828 | WARNING  | backend.agents.statement_agent:_call_llm:97 - Groq rate limit hit (llama-3.3-70b-versatile), falling back to Ollama: Error code: 429 - {'error': {'message': 'Rate limit reached for model `llama-3.3-70b-versatile` in organization `org_01k8z2tgj1ezjbwz5qv57a5s85` service tier `on_demand` on tokens per day (TPD): Limit 100000, Used 99243, Requested 1031. Please try again in 3m56.736s. Need more tokens? Upgrade to Dev Tier today at https://console.groq.com/settings/billing', 'type': 'tokens', 'code': 'rate_limit_exceeded'}}
2026-06-06 22:19:25.870 | WARNING  | backend.agents.statement_agent:_call_llm:97 - Groq rate limit hit (llama-3.3-70b-versatile), falling back to Ollama: Error code: 429 - {'error': {'message': 'Rate limit reached for model `llama-3.3-70b-versatile` in organization `org_01k8z2tgj1ezjbwz5qv57a5s85` service tier `on_demand` on tokens per day (TPD): Limit 100000, Used 99237, Requested 1269. Please try again in 7m17.184s. Need more tokens? Upgrade to Dev Tier today at https://console.groq.com/settings/billing', 'type': 'tokens', 'code': 'rate_limit_exceeded'}}
2026-06-06 22:19:39.314 | WARNING  | backend.agents.statement_agent:extract_quotes:181 - Quote extraction attempt 1 failed: Unterminated string starting at: line 111 column 18 (char 5468)
2026-06-06 22:20:06.783 | WARNING  | backend.agents.statement_agent:extract_quotes:181 - Quote extraction attempt 2 failed: Unterminated string starting at: line 111 column 18 (char 5468)
2026-06-06 22:20:39.649 | WARNING  | backend.agents.statement_agent:extract_quotes:181 - Quote extraction attempt 3 failed: Unterminated string starting at: line 111 column 18 (char 5468)
2026-06-06 22:21:06.375 | WARNING  | backend.agents.statement_agent:_call_llm:97 - Groq rate limit hit (llama-3.3-70b-versatile), falling back to Ollama: Error code: 429 - {'error': {'message': 'Rate limit reached for model `llama-3.3-70b-versatile` in organization `org_01k8z2tgj1ezjbwz5qv57a5s85` service tier `on_demand` on tokens per day (TPD): Limit 100000, Used 99121, Requested 1276. Please try again in 5m43.008s. Need more tokens? Upgrade to Dev Tier today at https://console.groq.com/settings/billing', 'type': 'tokens', 'code': 'rate_limit_exceeded'}}
2026-06-06 22:21:27.009 | WARNING  | backend.agents.statement_agent:_call_llm:97 - Groq rate limit hit (llama-3.3-70b-versatile), falling back to Ollama: Error code: 429 - {'error': {'message': 'Rate limit reached for model `llama-3.3-70b-versatile` in organization `org_01k8z2tgj1ezjbwz5qv57a5s85` service tier `on_demand` on tokens per day (TPD): Limit 100000, Used 99097, Requested 1294. Please try again in 5m37.824s. Need more tokens? Upgrade to Dev Tier today at https://console.groq.com/settings/billing', 'type': 'tokens', 'code': 'rate_limit_exceeded'}}
2026-06-06 22:21:33.432 | WARNING  | backend.agents.statement_agent:_call_llm:97 - Groq rate limit hit (llama-3.3-70b-versatile), falling back to Ollama: Error code: 429 - {'error': {'message': 'Rate limit reached for model `llama-3.3-70b-versatile` in organization `org_01k8z2tgj1ezjbwz5qv57a5s85` service tier `on_demand` on tokens per day (TPD): Limit 100000, Used 99090, Requested 1040. Please try again in 1m52.32s. Need more tokens? Upgrade to Dev Tier today at https://console.groq.com/settings/billing', 'type': 'tokens', 'code': 'rate_limit_exceeded'}}
2026-06-06 22:21:38.594 | WARNING  | backend.agents.statement_agent:_call_llm:97 - Groq rate limit hit (llama-3.3-70b-versatile), falling back to Ollama: Error code: 429 - {'error': {'message': 'Rate limit reached for model `llama-3.3-70b-versatile` in organization `org_01k8z2tgj1ezjbwz5qv57a5s85` service tier `on_demand` on tokens per day (TPD): Limit 100000, Used 99084, Requested 1077. Please try again in 2m19.104s. Need more tokens? Upgrade to Dev Tier today at https://console.groq.com/settings/billing', 'type': 'tokens', 'code': 'rate_limit_exceeded'}}
2026-06-06 22:21:43.555 | WARNING  | backend.agents.statement_agent:_call_llm:97 - Groq rate limit hit (llama-3.3-70b-versatile), falling back to Ollama: Error code: 429 - {'error': {'message': 'Rate limit reached for model `llama-3.3-70b-versatile` in organization `org_01k8z2tgj1ezjbwz5qv57a5s85` service tier `on_demand` on tokens per day (TPD): Limit 100000, Used 99078, Requested 1072. Please try again in 2m9.6s. Need more tokens? Upgrade to Dev Tier today at https://console.groq.com/settings/billing', 'type': 'tokens', 'code': 'rate_limit_exceeded'}}
2026-06-06 22:21:48.550 | WARNING  | backend.agents.statement_agent:_call_llm:97 - Groq rate limit hit (llama-3.3-70b-versatile), falling back to Ollama: Error code: 429 - {'error': {'message': 'Rate limit reached for model `llama-3.3-70b-versatile` in organization `org_01k8z2tgj1ezjbwz5qv57a5s85` service tier `on_demand` on tokens per day (TPD): Limit 100000, Used 99072, Requested 1042. Please try again in 1m38.496s. Need more tokens? Upgrade to Dev Tier today at https://console.groq.com/settings/billing', 'type': 'tokens', 'code': 'rate_limit_exceeded'}}
2026-06-06 22:21:53.229 | WARNING  | backend.agents.statement_agent:_call_llm:97 - Groq rate limit hit (llama-3.3-70b-versatile), falling back to Ollama: Error code: 429 - {'error': {'message': 'Rate limit reached for model `llama-3.3-70b-versatile` in organization `org_01k8z2tgj1ezjbwz5qv57a5s85` service tier `on_demand` on tokens per day (TPD): Limit 100000, Used 99067, Requested 1057. Please try again in 1m47.136s. Need more tokens? Upgrade to Dev Tier today at https://console.groq.com/settings/billing', 'type': 'tokens', 'code': 'rate_limit_exceeded'}}
2026-06-06 22:21:58.650 | WARNING  | backend.agents.statement_agent:_call_llm:97 - Groq rate limit hit (llama-3.3-70b-versatile), falling back to Ollama: Error code: 429 - {'error': {'message': 'Rate limit reached for model `llama-3.3-70b-versatile` in organization `org_01k8z2tgj1ezjbwz5qv57a5s85` service tier `on_demand` on tokens per day (TPD): Limit 100000, Used 99061, Requested 1033. Please try again in 1m21.216s. Need more tokens? Upgrade to Dev Tier today at https://console.groq.com/settings/billing', 'type': 'tokens', 'code': 'rate_limit_exceeded'}}
2026-06-06 22:22:03.650 | WARNING  | backend.agents.statement_agent:_call_llm:97 - Groq rate limit hit (llama-3.3-70b-versatile), falling back to Ollama: Error code: 429 - {'error': {'message': 'Rate limit reached for model `llama-3.3-70b-versatile` in organization `org_01k8z2tgj1ezjbwz5qv57a5s85` service tier `on_demand` on tokens per day (TPD): Limit 100000, Used 99055, Requested 1072. Please try again in 1m49.728s. Need more tokens? Upgrade to Dev Tier today at https://console.groq.com/settings/billing', 'type': 'tokens', 'code': 'rate_limit_exceeded'}}
2026-06-06 22:22:08.306 | WARNING  | backend.agents.statement_agent:_call_llm:97 - Groq rate limit hit (llama-3.3-70b-versatile), falling back to Ollama: Error code: 429 - {'error': {'message': 'Rate limit reached for model `llama-3.3-70b-versatile` in organization `org_01k8z2tgj1ezjbwz5qv57a5s85` service tier `on_demand` on tokens per day (TPD): Limit 100000, Used 99049, Requested 1317. Please try again in 5m16.224s. Need more tokens? Upgrade to Dev Tier today at https://console.groq.com/settings/billing', 'type': 'tokens', 'code': 'rate_limit_exceeded'}}
2026-06-06 22:37:16.823 | DEBUG    | backend.scraper.news:resolve_article_url:115 - gnewsdecoder returned no URL for 'Maiden Delhi-Deoghar flight lands, BJP MP pilots aircraft - '
2026-06-06 22:37:16.826 | DEBUG    | backend.pipeline.news_pipeline:run_for_mp:169 - No URL resolved for 'Maiden Delhi-Deoghar flight lands, BJP MP pilots aircraft - '
2026-06-06 22:37:16.829 | INFO     | backend.pipeline.news_pipeline:run_all:314 -   Done: {'mp_name': 'Anurag Sharma', 'articles_fetched': 4, 'quotes_extracted': 19, 'statements_stored': 1, 'errors': []}
2026-06-06 22:37:18.831 | INFO     | backend.pipeline.news_pipeline:run_all:301 - Processing Jashubhai Bhilubhai Rathva
2026-06-06 22:37:18.880 | WARNING  | backend.scraper.news:fetch_rss:90 - RSS parse issue for 'Jashubhai Bhilubhai Rathva': <urlopen error [Errno 11001] getaddrinfo failed>
2026-06-06 22:37:18.882 | INFO     | backend.pipeline.news_pipeline:run_all:314 -   Done: {'mp_name': 'Jashubhai Bhilubhai Rathva', 'articles_fetched': 0, 'quotes_extracted': 0, 'statements_stored': 0, 'errors': []}
2026-06-06 22:37:20.883 | INFO     | backend.pipeline.news_pipeline:run_all:301 - Processing Sagar Eshwar Khandre
2026-06-06 22:37:20.902 | WARNING  | backend.scraper.news:fetch_rss:90 - RSS parse issue for 'Sagar Eshwar Khandre': <urlopen error [Errno 11001] getaddrinfo failed>
2026-06-06 22:37:20.902 | INFO     | backend.pipeline.news_pipeline:run_all:314 -   Done: {'mp_name': 'Sagar Eshwar Khandre', 'articles_fetched': 0, 'quotes_extracted': 0, 'statements_stored': 0, 'errors': []}
2026-06-07 00:27:37.954 | INFO     | backend.pipeline.news_pipeline:run_all:301 - Processing Anurag Singh Thakur
2026-06-07 00:27:38.140 | WARNING  | backend.scraper.news:fetch_rss:90 - RSS parse issue for 'Anurag Singh Thakur': <urlopen error [Errno 11001] getaddrinfo failed>
2026-06-07 00:27:38.145 | INFO     | backend.pipeline.news_pipeline:run_all:314 -   Done: {'mp_name': 'Anurag Singh Thakur', 'articles_fetched': 0, 'quotes_extracted': 0, 'statements_stored': 0, 'errors': []}
2026-06-07 00:27:40.199 | INFO     | backend.pipeline.news_pipeline:run_all:301 - Processing Sajda Ahmed
2026-06-07 00:27:40.383 | WARNING  | backend.scraper.news:fetch_rss:90 - RSS parse issue for 'Sajda Ahmed': <urlopen error [Errno 11001] getaddrinfo failed>
2026-06-07 00:27:40.385 | INFO     | backend.pipeline.news_pipeline:run_all:314 -   Done: {'mp_name': 'Sajda Ahmed', 'articles_fetched': 0, 'quotes_extracted': 0, 'statements_stored': 0, 'errors': []}
2026-06-07 00:27:42.389 | INFO     | backend.pipeline.news_pipeline:run_all:301 - Processing Aparajita Sarangi
2026-06-07 00:27:42.474 | WARNING  | backend.scraper.news:fetch_rss:90 - RSS parse issue for 'Aparajita Sarangi': <urlopen error [Errno 11001] getaddrinfo failed>
2026-06-07 00:27:42.476 | INFO     | backend.pipeline.news_pipeline:run_all:314 -   Done: {'mp_name': 'Aparajita Sarangi', 'articles_fetched': 0, 'quotes_extracted': 0, 'statements_stored': 0, 'errors': []}
2026-06-07 00:27:44.478 | INFO     | backend.pipeline.news_pipeline:run_all:301 - Processing Jayanta Kumar Roy
2026-06-07 00:27:44.513 | WARNING  | backend.scraper.news:fetch_rss:90 - RSS parse issue for 'Jayanta Kumar Roy': <urlopen error [Errno 11001] getaddrinfo failed>
2026-06-07 00:27:44.514 | INFO     | backend.pipeline.news_pipeline:run_all:314 -   Done: {'mp_name': 'Jayanta Kumar Roy', 'articles_fetched': 0, 'quotes_extracted': 0, 'statements_stored': 0, 'errors': []}
2026-06-07 00:27:46.515 | INFO     | backend.pipeline.news_pipeline:run_all:301 - Processing Saleng A Sangma
2026-06-07 00:27:46.536 | WARNING  | backend.scraper.news:fetch_rss:90 - RSS parse issue for 'Saleng A Sangma': <urlopen error [Errno 11001] getaddrinfo failed>
2026-06-07 00:27:46.536 | INFO     | backend.pipeline.news_pipeline:run_all:314 -   Done: {'mp_name': 'Saleng A Sangma', 'articles_fetched': 0, 'quotes_extracted': 0, 'statements_stored': 0, 'errors': []}
2026-06-07 00:27:48.539 | INFO     | backend.pipeline.news_pipeline:run_all:301 - Processing Appalanaidu Kalisetti
2026-06-07 00:27:48.585 | WARNING  | backend.scraper.news:fetch_rss:90 - RSS parse issue for 'Appalanaidu Kalisetti': <urlopen error [Errno 11001] getaddrinfo failed>
2026-06-07 00:27:48.586 | INFO     | backend.pipeline.news_pipeline:run_all:314 -   Done: {'mp_name': 'Appalanaidu Kalisetti', 'articles_fetched': 0, 'quotes_extracted': 0, 'statements_stored': 0, 'errors': []}
2026-06-07 00:27:50.587 | INFO     | backend.pipeline.news_pipeline:run_all:301 - Processing Jitan Ram Manjhi
2026-06-07 00:29:04.703 | INFO     | backend.pipeline.news_pipeline:run_all:314 -   Done: {'mp_name': 'Jitan Ram Manjhi', 'articles_fetched': 0, 'quotes_extracted': 0, 'statements_stored': 0, 'errors': []}
2026-06-07 00:29:06.704 | INFO     | backend.pipeline.news_pipeline:run_all:301 - Processing Sambit Patra
2026-06-07 00:31:31.720 | INFO     | backend.pipeline.news_pipeline:run_all:314 -   Done: {'mp_name': 'Sambit Patra', 'articles_fetched': 0, 'quotes_extracted': 0, 'statements_stored': 0, 'errors': []}
2026-06-07 00:31:33.721 | INFO     | backend.pipeline.news_pipeline:run_all:301 - Processing Arjun Ram Meghwal
2026-06-07 00:33:33.469 | INFO     | backend.pipeline.news_pipeline:run_all:314 -   Done: {'mp_name': 'Arjun Ram Meghwal', 'articles_fetched': 0, 'quotes_extracted': 0, 'statements_stored': 0, 'errors': []}
2026-06-07 00:33:35.470 | INFO     | backend.pipeline.news_pipeline:run_all:301 - Processing Jitendra Kumar Dohare
2026-06-07 00:34:01.834 | INFO     | backend.pipeline.news_pipeline:run_all:314 -   Done: {'mp_name': 'Jitendra Kumar Dohare', 'articles_fetched': 0, 'quotes_extracted': 0, 'statements_stored': 0, 'errors': []}
2026-06-07 00:34:03.835 | INFO     | backend.pipeline.news_pipeline:run_all:301 - Processing Sanatan Pandey
2026-06-07 00:35:11.591 | INFO     | backend.pipeline.news_pipeline:run_all:314 -   Done: {'mp_name': 'Sanatan Pandey', 'articles_fetched': 0, 'quotes_extracted': 0, 'statements_stored': 0, 'errors': []}
2026-06-07 00:35:13.592 | INFO     | backend.pipeline.news_pipeline:run_all:301 - Processing Arun Bharti
2026-06-07 00:36:01.470 | INFO     | backend.pipeline.news_pipeline:run_all:314 -   Done: {'mp_name': 'Arun Bharti', 'articles_fetched': 0, 'quotes_extracted': 0, 'statements_stored': 0, 'errors': []}
2026-06-07 00:36:03.471 | INFO     | backend.pipeline.news_pipeline:run_all:301 - Processing Jitendra Singh
2026-06-07 00:37:41.615 | INFO     | backend.pipeline.news_pipeline:run_all:314 -   Done: {'mp_name': 'Jitendra Singh', 'articles_fetched': 0, 'quotes_extracted': 0, 'statements_stored': 0, 'errors': []}
2026-06-07 00:37:43.617 | INFO     | backend.pipeline.news_pipeline:run_all:301 - Processing Sandhya Ray
2026-06-07 00:46:59.317 | DEBUG    | backend.scraper.news:resolve_article_url:115 - gnewsdecoder returned no URL for 'Bhind (SC) Madhya Pradesh Bharatiya Janata Party - The Times'
2026-06-07 00:46:59.317 | DEBUG    | backend.pipeline.news_pipeline:run_for_mp:169 - No URL resolved for 'Bhind (SC) Madhya Pradesh Bharatiya Janata Party - The Times'
2026-06-07 00:47:26.818 | INFO     | backend.pipeline.news_pipeline:run_all:278 - Starting news pipeline run
2026-06-07 00:47:26.913 | INFO     | backend.pipeline.news_pipeline:run_all:282 - Warming publisher RSS feed cache...
2026-06-07 00:47:26.914 | INFO     | backend.pipeline.news_pipeline:run_all:284 - Publisher feeds cached.
2026-06-07 00:47:26.925 | INFO     | backend.pipeline.news_pipeline:run_all:301 - Processing Adhikari Soumendu
2026-06-07 00:47:46.364 | INFO     | backend.pipeline.news_pipeline:run_all:314 -   Done: {'mp_name': 'Adhikari Soumendu', 'articles_fetched': 0, 'quotes_extracted': 0, 'statements_stored': 0, 'errors': []}
2026-06-07 00:47:48.365 | INFO     | backend.pipeline.news_pipeline:run_all:301 - Processing Aashtikar Patil Nagesh Bapurao
2026-06-07 00:48:11.351 | INFO     | backend.pipeline.news_pipeline:run_all:314 -   Done: {'mp_name': 'Aashtikar Patil Nagesh Bapurao', 'articles_fetched': 0, 'quotes_extracted': 0, 'statements_stored': 0, 'errors': []}
2026-06-07 00:48:13.352 | INFO     | backend.pipeline.news_pipeline:run_all:301 - Processing Abdul Rashid Sheikh
2026-06-07 00:49:37.818 | INFO     | backend.pipeline.news_pipeline:run_all:314 -   Done: {'mp_name': 'Abdul Rashid Sheikh', 'articles_fetched': 0, 'quotes_extracted': 0, 'statements_stored': 0, 'errors': []}
2026-06-07 00:49:39.819 | INFO     | backend.pipeline.news_pipeline:run_all:301 - Processing Abhijit Gangopadhyay
2026-06-07 00:51:39.660 | INFO     | backend.pipeline.news_pipeline:run_all:314 -   Done: {'mp_name': 'Abhijit Gangopadhyay', 'articles_fetched': 0, 'quotes_extracted': 0, 'statements_stored': 0, 'errors': []}
2026-06-07 00:51:41.661 | INFO     | backend.pipeline.news_pipeline:run_all:301 - Processing Aditya Yadav
2026-06-07 00:53:52.943 | INFO     | backend.pipeline.news_pipeline:run_all:314 -   Done: {'mp_name': 'Aditya Yadav', 'articles_fetched': 0, 'quotes_extracted': 0, 'statements_stored': 0, 'errors': []}
2026-06-07 00:53:54.944 | INFO     | backend.pipeline.news_pipeline:run_all:301 - Processing Abhay Kumar Sinha
2026-06-07 00:54:23.857 | INFO     | backend.pipeline.news_pipeline:run_all:314 -   Done: {'mp_name': 'Abhay Kumar Sinha', 'articles_fetched': 0, 'quotes_extracted': 0, 'statements_stored': 0, 'errors': []}
2026-06-07 00:54:25.858 | INFO     | backend.pipeline.news_pipeline:run_all:301 - Processing Abhishek Banerjee
2026-06-07 00:56:59.744 | INFO     | backend.pipeline.news_pipeline:run_all:314 -   Done: {'mp_name': 'Abhishek Banerjee', 'articles_fetched': 10, 'quotes_extracted': 4, 'statements_stored': 0, 'errors': []}
2026-06-07 00:57:01.748 | INFO     | backend.pipeline.news_pipeline:run_all:301 - Processing Abu Taher Khan
2026-06-07 00:58:15.629 | INFO     | backend.pipeline.news_pipeline:run_all:314 -   Done: {'mp_name': 'Abu Taher Khan', 'articles_fetched': 0, 'quotes_extracted': 0, 'statements_stored': 0, 'errors': []}
2026-06-07 00:58:17.630 | INFO     | backend.pipeline.news_pipeline:run_all:301 - Processing Anil Firojiya
2026-06-07 00:58:55.769 | INFO     | backend.pipeline.news_pipeline:run_all:314 -   Done: {'mp_name': 'Anil Firojiya', 'articles_fetched': 0, 'quotes_extracted': 0, 'statements_stored': 0, 'errors': []}
2026-06-07 00:58:57.770 | INFO     | backend.pipeline.news_pipeline:run_all:301 - Processing Isha Khan Choudhury
2026-06-07 01:00:22.693 | INFO     | backend.pipeline.news_pipeline:run_all:314 -   Done: {'mp_name': 'Isha Khan Choudhury', 'articles_fetched': 0, 'quotes_extracted': 0, 'statements_stored': 0, 'errors': []}
2026-06-07 01:00:24.695 | INFO     | backend.pipeline.news_pipeline:run_all:301 - Processing Anil Yeshwant Desai
2026-06-07 01:00:39.309 | INFO     | backend.pipeline.news_pipeline:run_all:314 -   Done: {'mp_name': 'Anil Yeshwant Desai', 'articles_fetched': 0, 'quotes_extracted': 0, 'statements_stored': 0, 'errors': []}
2026-06-07 01:00:41.311 | INFO     | backend.pipeline.news_pipeline:run_all:301 - Processing Jagadish Chandra Barma Basunia
2026-06-07 01:01:43.268 | INFO     | backend.pipeline.news_pipeline:run_all:314 -   Done: {'mp_name': 'Jagadish Chandra Barma Basunia', 'articles_fetched': 0, 'quotes_extracted': 0, 'statements_stored': 0, 'errors': []}
2026-06-07 01:01:45.269 | INFO     | backend.pipeline.news_pipeline:run_all:301 - Processing Ruchi Vira
2026-06-07 01:02:14.647 | INFO     | backend.pipeline.news_pipeline:run_all:314 -   Done: {'mp_name': 'Ruchi Vira', 'articles_fetched': 0, 'quotes_extracted': 0, 'statements_stored': 0, 'errors': []}
2026-06-07 01:02:16.649 | INFO     | backend.pipeline.news_pipeline:run_all:301 - Processing Anita Nagarsingh Chouhan
2026-06-07 01:02:31.096 | INFO     | backend.pipeline.news_pipeline:run_all:314 -   Done: {'mp_name': 'Anita Nagarsingh Chouhan', 'articles_fetched': 0, 'quotes_extracted': 0, 'statements_stored': 0, 'errors': []}
2026-06-07 01:02:33.098 | INFO     | backend.pipeline.news_pipeline:run_all:301 - Processing Jagadish Shettar
2026-06-07 01:04:34.945 | INFO     | backend.pipeline.news_pipeline:run_all:314 -   Done: {'mp_name': 'Jagadish Shettar', 'articles_fetched': 1, 'quotes_extracted': 2, 'statements_stored': 0, 'errors': []}
2026-06-07 01:04:36.947 | INFO     | backend.pipeline.news_pipeline:run_all:301 - Processing Rudra Narayan Pany
2026-06-07 01:04:37.286 | INFO     | backend.pipeline.news_pipeline:run_all:314 -   Done: {'mp_name': 'Rudra Narayan Pany', 'articles_fetched': 0, 'quotes_extracted': 0, 'statements_stored': 0, 'errors': []}
2026-06-07 01:04:39.299 | INFO     | backend.pipeline.news_pipeline:run_all:301 - Processing Anita Subhadarshini
2026-06-07 01:04:53.541 | INFO     | backend.pipeline.news_pipeline:run_all:314 -   Done: {'mp_name': 'Anita Subhadarshini', 'articles_fetched': 0, 'quotes_extracted': 0, 'statements_stored': 0, 'errors': []}
2026-06-07 01:04:55.543 | INFO     | backend.pipeline.news_pipeline:run_all:301 - Processing Jagannath Sarkar
2026-06-07 01:06:30.186 | INFO     | backend.pipeline.news_pipeline:run_all:314 -   Done: {'mp_name': 'Jagannath Sarkar', 'articles_fetched': 0, 'quotes_extracted': 0, 'statements_stored': 0, 'errors': []}
2026-06-07 01:06:32.188 | INFO     | backend.pipeline.news_pipeline:run_all:301 - Processing Annpurna Devi
2026-06-07 01:07:55.475 | INFO     | backend.pipeline.news_pipeline:run_all:314 -   Done: {'mp_name': 'Annpurna Devi', 'articles_fetched': 0, 'quotes_extracted': 0, 'statements_stored': 0, 'errors': []}
2026-06-07 01:07:57.476 | INFO     | backend.pipeline.news_pipeline:run_all:301 - Processing Jagdambika Pal
2026-06-07 01:09:26.056 | INFO     | backend.pipeline.news_pipeline:run_all:314 -   Done: {'mp_name': 'Jagdambika Pal', 'articles_fetched': 0, 'quotes_extracted': 0, 'statements_stored': 0, 'errors': []}
2026-06-07 01:09:28.057 | INFO     | backend.pipeline.news_pipeline:run_all:301 - Processing S Jothimani
2026-06-07 01:10:58.461 | INFO     | backend.pipeline.news_pipeline:run_all:314 -   Done: {'mp_name': 'S Jothimani', 'articles_fetched': 0, 'quotes_extracted': 0, 'statements_stored': 0, 'errors': []}
2026-06-07 01:11:00.463 | INFO     | backend.pipeline.news_pipeline:run_all:301 - Processing Jai Parkash
2026-06-07 01:12:51.181 | INFO     | backend.pipeline.news_pipeline:run_all:314 -   Done: {'mp_name': 'Jai Parkash', 'articles_fetched': 0, 'quotes_extracted': 0, 'statements_stored': 0, 'errors': []}
2026-06-07 01:12:53.183 | INFO     | backend.pipeline.news_pipeline:run_all:301 - Processing S P Singh Baghel
2026-06-07 01:13:59.449 | INFO     | backend.pipeline.news_pipeline:run_all:314 -   Done: {'mp_name': 'S P Singh Baghel', 'articles_fetched': 0, 'quotes_extracted': 0, 'statements_stored': 0, 'errors': []}
2026-06-07 01:14:01.450 | INFO     | backend.pipeline.news_pipeline:run_all:301 - Processing Anto Antony
2026-06-07 01:15:12.083 | INFO     | backend.pipeline.news_pipeline:run_all:314 -   Done: {'mp_name': 'Anto Antony', 'articles_fetched': 0, 'quotes_extracted': 0, 'statements_stored': 0, 'errors': []}
2026-06-07 01:15:14.084 | INFO     | backend.pipeline.news_pipeline:run_all:301 - Processing Jai Prakash
2026-06-07 01:16:32.775 | INFO     | backend.pipeline.news_pipeline:run_all:314 -   Done: {'mp_name': 'Jai Prakash', 'articles_fetched': 0, 'quotes_extracted': 0, 'statements_stored': 0, 'errors': []}
2026-06-07 01:16:34.776 | INFO     | backend.pipeline.news_pipeline:run_all:301 - Processing S Supongmeren Jamir
2026-06-07 01:16:49.308 | INFO     | backend.pipeline.news_pipeline:run_all:314 -   Done: {'mp_name': 'S Supongmeren Jamir', 'articles_fetched': 0, 'quotes_extracted': 0, 'statements_stored': 0, 'errors': []}
2026-06-07 01:16:51.310 | INFO     | backend.pipeline.news_pipeline:run_all:301 - Processing Anup Sanjay Dhotre
2026-06-07 01:17:01.523 | INFO     | backend.pipeline.news_pipeline:run_all:314 -   Done: {'mp_name': 'Anup Sanjay Dhotre', 'articles_fetched': 0, 'quotes_extracted': 0, 'statements_stored': 0, 'errors': []}
2026-06-07 01:17:03.524 | INFO     | backend.pipeline.news_pipeline:run_all:301 - Processing Janardan Mishra
2026-06-07 01:17:37.060 | INFO     | backend.pipeline.news_pipeline:run_all:314 -   Done: {'mp_name': 'Janardan Mishra', 'articles_fetched': 0, 'quotes_extracted': 0, 'statements_stored': 0, 'errors': []}
2026-06-07 01:17:39.061 | INFO     | backend.pipeline.news_pipeline:run_all:301 - Processing S Venkatesan
2026-06-07 01:18:41.105 | INFO     | backend.pipeline.news_pipeline:run_all:314 -   Done: {'mp_name': 'S Venkatesan', 'articles_fetched': 0, 'quotes_extracted': 0, 'statements_stored': 0, 'errors': []}
2026-06-07 01:18:43.106 | INFO     | backend.pipeline.news_pipeline:run_all:301 - Processing Anupriya Patel
2026-06-07 01:20:09.427 | INFO     | backend.pipeline.news_pipeline:run_all:314 -   Done: {'mp_name': 'Anupriya Patel', 'articles_fetched': 0, 'quotes_extracted': 0, 'statements_stored': 0, 'errors': []}
2026-06-07 01:20:11.428 | INFO     | backend.pipeline.news_pipeline:run_all:301 - Processing Janardan Singh Sigriwal
2026-06-07 01:20:45.121 | INFO     | backend.pipeline.news_pipeline:run_all:314 -   Done: {'mp_name': 'Janardan Singh Sigriwal', 'articles_fetched': 0, 'quotes_extracted': 0, 'statements_stored': 0, 'errors': []}
2026-06-07 01:20:47.122 | INFO     | backend.pipeline.news_pipeline:run_all:301 - Processing Sachithanantham R
2026-06-07 01:21:05.864 | INFO     | backend.pipeline.news_pipeline:run_all:314 -   Done: {'mp_name': 'Sachithanantham R', 'articles_fetched': 0, 'quotes_extracted': 0, 'statements_stored': 0, 'errors': []}
2026-06-07 01:21:07.865 | INFO     | backend.pipeline.news_pipeline:run_all:301 - Processing Anurag Sharma
2026-06-07 01:23:02.918 | INFO     | backend.pipeline.news_pipeline:run_all:314 -   Done: {'mp_name': 'Anurag Sharma', 'articles_fetched': 0, 'quotes_extracted': 0, 'statements_stored': 0, 'errors': []}
2026-06-07 01:23:04.920 | INFO     | backend.pipeline.news_pipeline:run_all:301 - Processing Jashubhai Bhilubhai Rathva
2026-06-07 01:23:15.374 | INFO     | backend.pipeline.news_pipeline:run_all:314 -   Done: {'mp_name': 'Jashubhai Bhilubhai Rathva', 'articles_fetched': 0, 'quotes_extracted': 0, 'statements_stored': 0, 'errors': []}
2026-06-07 01:23:17.375 | INFO     | backend.pipeline.news_pipeline:run_all:301 - Processing Sagar Eshwar Khandre
2026-06-07 01:23:32.555 | INFO     | backend.pipeline.news_pipeline:run_all:314 -   Done: {'mp_name': 'Sagar Eshwar Khandre', 'articles_fetched': 0, 'quotes_extracted': 0, 'statements_stored': 0, 'errors': []}
2026-06-07 01:23:34.556 | INFO     | backend.pipeline.news_pipeline:run_all:301 - Processing Anurag Singh Thakur
2026-06-07 01:24:31.889 | INFO     | backend.pipeline.news_pipeline:run_all:314 -   Done: {'mp_name': 'Anurag Singh Thakur', 'articles_fetched': 0, 'quotes_extracted': 0, 'statements_stored': 0, 'errors': []}
2026-06-07 01:24:33.890 | INFO     | backend.pipeline.news_pipeline:run_all:301 - Processing Sajda Ahmed
2026-06-07 01:25:26.150 | INFO     | backend.pipeline.news_pipeline:run_all:314 -   Done: {'mp_name': 'Sajda Ahmed', 'articles_fetched': 0, 'quotes_extracted': 0, 'statements_stored': 0, 'errors': []}
2026-06-07 01:25:28.152 | INFO     | backend.pipeline.news_pipeline:run_all:301 - Processing Aparajita Sarangi
2026-06-07 01:27:06.584 | INFO     | backend.pipeline.news_pipeline:run_all:314 -   Done: {'mp_name': 'Aparajita Sarangi', 'articles_fetched': 0, 'quotes_extracted': 0, 'statements_stored': 0, 'errors': []}
2026-06-07 01:27:08.585 | INFO     | backend.pipeline.news_pipeline:run_all:301 - Processing Jayanta Kumar Roy
2026-06-07 01:27:33.128 | INFO     | backend.pipeline.news_pipeline:run_all:314 -   Done: {'mp_name': 'Jayanta Kumar Roy', 'articles_fetched': 0, 'quotes_extracted': 0, 'statements_stored': 0, 'errors': []}
2026-06-07 01:27:35.130 | INFO     | backend.pipeline.news_pipeline:run_all:301 - Processing Saleng A Sangma
2026-06-07 01:27:54.655 | INFO     | backend.pipeline.news_pipeline:run_all:314 -   Done: {'mp_name': 'Saleng A Sangma', 'articles_fetched': 0, 'quotes_extracted': 0, 'statements_stored': 0, 'errors': []}
2026-06-07 01:27:56.656 | INFO     | backend.pipeline.news_pipeline:run_all:301 - Processing Appalanaidu Kalisetti
2026-06-07 01:28:01.975 | INFO     | backend.pipeline.news_pipeline:run_all:314 -   Done: {'mp_name': 'Appalanaidu Kalisetti', 'articles_fetched': 0, 'quotes_extracted': 0, 'statements_stored': 0, 'errors': []}
2026-06-07 01:28:03.977 | INFO     | backend.pipeline.news_pipeline:run_all:301 - Processing Jitan Ram Manjhi
2026-06-07 01:29:45.745 | INFO     | backend.pipeline.news_pipeline:run_all:314 -   Done: {'mp_name': 'Jitan Ram Manjhi', 'articles_fetched': 0, 'quotes_extracted': 0, 'statements_stored': 0, 'errors': []}
2026-06-07 01:29:47.747 | INFO     | backend.pipeline.news_pipeline:run_all:301 - Processing Sambit Patra
2026-06-07 01:32:13.762 | INFO     | backend.pipeline.news_pipeline:run_all:314 -   Done: {'mp_name': 'Sambit Patra', 'articles_fetched': 0, 'quotes_extracted': 0, 'statements_stored': 0, 'errors': []}
2026-06-07 01:32:15.764 | INFO     | backend.pipeline.news_pipeline:run_all:301 - Processing Arjun Ram Meghwal
2026-06-07 01:34:04.566 | INFO     | backend.pipeline.news_pipeline:run_all:314 -   Done: {'mp_name': 'Arjun Ram Meghwal', 'articles_fetched': 0, 'quotes_extracted': 0, 'statements_stored': 0, 'errors': []}
2026-06-07 01:34:06.567 | INFO     | backend.pipeline.news_pipeline:run_all:301 - Processing Jitendra Kumar Dohare
2026-06-07 01:34:30.701 | INFO     | backend.pipeline.news_pipeline:run_all:314 -   Done: {'mp_name': 'Jitendra Kumar Dohare', 'articles_fetched': 0, 'quotes_extracted': 0, 'statements_stored': 0, 'errors': []}
2026-06-07 01:34:32.703 | INFO     | backend.pipeline.news_pipeline:run_all:301 - Processing Sanatan Pandey
2026-06-07 01:35:34.143 | INFO     | backend.pipeline.news_pipeline:run_all:314 -   Done: {'mp_name': 'Sanatan Pandey', 'articles_fetched': 0, 'quotes_extracted': 0, 'statements_stored': 0, 'errors': []}
2026-06-07 01:35:36.144 | INFO     | backend.pipeline.news_pipeline:run_all:301 - Processing Arun Bharti
2026-06-07 01:36:18.758 | INFO     | backend.pipeline.news_pipeline:run_all:314 -   Done: {'mp_name': 'Arun Bharti', 'articles_fetched': 0, 'quotes_extracted': 0, 'statements_stored': 0, 'errors': []}
2026-06-07 01:36:20.760 | INFO     | backend.pipeline.news_pipeline:run_all:301 - Processing Jitendra Singh
2026-06-07 01:37:50.303 | INFO     | backend.pipeline.news_pipeline:run_all:314 -   Done: {'mp_name': 'Jitendra Singh', 'articles_fetched': 0, 'quotes_extracted': 0, 'statements_stored': 0, 'errors': []}
2026-06-07 01:37:52.305 | INFO     | backend.pipeline.news_pipeline:run_all:301 - Processing Sandhya Ray
2026-06-07 01:38:30.828 | INFO     | backend.pipeline.news_pipeline:run_all:314 -   Done: {'mp_name': 'Sandhya Ray', 'articles_fetched': 0, 'quotes_extracted': 0, 'statements_stored': 0, 'errors': []}
2026-06-07 01:38:32.829 | INFO     | backend.pipeline.news_pipeline:run_all:301 - Processing Arun Govil
2026-06-07 01:40:25.422 | INFO     | backend.pipeline.news_pipeline:run_all:314 -   Done: {'mp_name': 'Arun Govil', 'articles_fetched': 0, 'quotes_extracted': 0, 'statements_stored': 0, 'errors': []}
2026-06-07 01:40:27.453 | INFO     | backend.pipeline.news_pipeline:run_all:318 - News pipeline complete: 50 MPs, 11 articles, 0 statements
2026-06-07 13:21:11.732 | INFO     | backend.pipeline.news_pipeline:run_all:278 - Starting news pipeline run
2026-06-07 13:21:11.823 | INFO     | backend.pipeline.news_pipeline:run_all:282 - Warming publisher RSS feed cache...
2026-06-07 13:21:11.823 | INFO     | backend.pipeline.news_pipeline:run_all:284 - Publisher feeds cached.
2026-06-07 13:21:11.823 | INFO     | backend.pipeline.news_pipeline:run_all:301 - Processing Aga Syed Ruhullah Mehdi
2026-06-07 13:22:35.100 | INFO     | backend.pipeline.news_pipeline:run_all:314 -   Done: {'mp_name': 'Aga Syed Ruhullah Mehdi', 'articles_fetched': 0, 'quotes_extracted': 0, 'statements_stored': 0, 'errors': []}
2026-06-07 13:22:37.102 | INFO     | backend.pipeline.news_pipeline:run_all:301 - Processing Bachhav Shobha Dinesh
2026-06-07 13:22:43.372 | INFO     | backend.pipeline.news_pipeline:run_all:314 -   Done: {'mp_name': 'Bachhav Shobha Dinesh', 'articles_fetched': 0, 'quotes_extracted': 0, 'statements_stored': 0, 'errors': []}
2026-06-07 13:22:45.373 | INFO     | backend.pipeline.news_pipeline:run_all:301 - Processing Kakoli Ghosh Dastidar
2026-06-07 13:22:52.208 | WARNING  | backend.agents.statement_agent:_call_llm:85 - Groq rate limit hit (llama-3.3-70b-versatile), falling back to Ollama: Error code: 429 - {'error': {'message': 'Rate limit reached for model `llama-3.3-70b-versatile` in organization `org_01k8z2tgj1ezjbwz5qv57a5s85` service tier `on_demand` on tokens per day (TPD): Limit 100000, Used 99417, Requested 1351. Please try again in 11m3.552s. Need more tokens? Upgrade to Dev Tier today at https://console.groq.com/settings/billing', 'type': 'tokens', 'code': 'rate_limit_exceeded'}}
2026-06-07 13:22:56.768 | WARNING  | backend.agents.statement_agent:_call_llm:85 - Groq rate limit hit (llama-3.3-70b-versatile), falling back to Ollama: Error code: 429 - {'error': {'message': 'Rate limit reached for model `llama-3.3-70b-versatile` in organization `org_01k8z2tgj1ezjbwz5qv57a5s85` service tier `on_demand` on tokens per day (TPD): Limit 100000, Used 99412, Requested 1366. Please try again in 11m12.192s. Need more tokens? Upgrade to Dev Tier today at https://console.groq.com/settings/billing', 'type': 'tokens', 'code': 'rate_limit_exceeded'}}
2026-06-07 13:23:01.463 | WARNING  | backend.agents.statement_agent:_call_llm:85 - Groq rate limit hit (llama-3.3-70b-versatile), falling back to Ollama: Error code: 429 - {'error': {'message': 'Rate limit reached for model `llama-3.3-70b-versatile` in organization `org_01k8z2tgj1ezjbwz5qv57a5s85` service tier `on_demand` on tokens per day (TPD): Limit 100000, Used 99406, Requested 1355. Please try again in 10m57.504s. Need more tokens? Upgrade to Dev Tier today at https://console.groq.com/settings/billing', 'type': 'tokens', 'code': 'rate_limit_exceeded'}}
2026-06-07 13:23:05.633 | WARNING  | backend.agents.statement_agent:_call_llm:85 - Groq rate limit hit (llama-3.3-70b-versatile), falling back to Ollama: Error code: 429 - {'error': {'message': 'Rate limit reached for model `llama-3.3-70b-versatile` in organization `org_01k8z2tgj1ezjbwz5qv57a5s85` service tier `on_demand` on tokens per day (TPD): Limit 100000, Used 99401, Requested 1348. Please try again in 10m47.136s. Need more tokens? Upgrade to Dev Tier today at https://console.groq.com/settings/billing', 'type': 'tokens', 'code': 'rate_limit_exceeded'}}
2026-06-07 13:23:10.182 | WARNING  | backend.agents.statement_agent:_call_llm:85 - Groq rate limit hit (llama-3.3-70b-versatile), falling back to Ollama: Error code: 429 - {'error': {'message': 'Rate limit reached for model `llama-3.3-70b-versatile` in organization `org_01k8z2tgj1ezjbwz5qv57a5s85` service tier `on_demand` on tokens per day (TPD): Limit 100000, Used 99396, Requested 1363. Please try again in 10m55.776s. Need more tokens? Upgrade to Dev Tier today at https://console.groq.com/settings/billing', 'type': 'tokens', 'code': 'rate_limit_exceeded'}}
2026-06-07 13:23:14.456 | WARNING  | backend.agents.statement_agent:_call_llm:85 - Groq rate limit hit (llama-3.3-70b-versatile), falling back to Ollama: Error code: 429 - {'error': {'message': 'Rate limit reached for model `llama-3.3-70b-versatile` in organization `org_01k8z2tgj1ezjbwz5qv57a5s85` service tier `on_demand` on tokens per day (TPD): Limit 100000, Used 99391, Requested 1352. Please try again in 10m41.952s. Need more tokens? Upgrade to Dev Tier today at https://console.groq.com/settings/billing', 'type': 'tokens', 'code': 'rate_limit_exceeded'}}
2026-06-07 13:23:18.649 | WARNING  | backend.agents.statement_agent:_call_llm:85 - Groq rate limit hit (llama-3.3-70b-versatile), falling back to Ollama: Error code: 429 - {'error': {'message': 'Rate limit reached for model `llama-3.3-70b-versatile` in organization `org_01k8z2tgj1ezjbwz5qv57a5s85` service tier `on_demand` on tokens per day (TPD): Limit 100000, Used 99386, Requested 1346. Please try again in 10m32.448s. Need more tokens? Upgrade to Dev Tier today at https://console.groq.com/settings/billing', 'type': 'tokens', 'code': 'rate_limit_exceeded'}}
2026-06-07 13:23:23.075 | WARNING  | backend.agents.statement_agent:_call_llm:85 - Groq rate limit hit (llama-3.3-70b-versatile), falling back to Ollama: Error code: 429 - {'error': {'message': 'Rate limit reached for model `llama-3.3-70b-versatile` in organization `org_01k8z2tgj1ezjbwz5qv57a5s85` service tier `on_demand` on tokens per day (TPD): Limit 100000, Used 99381, Requested 1346. Please try again in 10m28.128s. Need more tokens? Upgrade to Dev Tier today at https://console.groq.com/settings/billing', 'type': 'tokens', 'code': 'rate_limit_exceeded'}}
2026-06-07 13:23:27.456 | WARNING  | backend.agents.statement_agent:_call_llm:85 - Groq rate limit hit (llama-3.3-70b-versatile), falling back to Ollama: Error code: 429 - {'error': {'message': 'Rate limit reached for model `llama-3.3-70b-versatile` in organization `org_01k8z2tgj1ezjbwz5qv57a5s85` service tier `on_demand` on tokens per day (TPD): Limit 100000, Used 99376, Requested 1376. Please try again in 10m49.728s. Need more tokens? Upgrade to Dev Tier today at https://console.groq.com/settings/billing', 'type': 'tokens', 'code': 'rate_limit_exceeded'}}
2026-06-07 13:23:32.184 | WARNING  | backend.agents.statement_agent:_call_llm:85 - Groq rate limit hit (llama-3.3-70b-versatile), falling back to Ollama: Error code: 429 - {'error': {'message': 'Rate limit reached for model `llama-3.3-70b-versatile` in organization `org_01k8z2tgj1ezjbwz5qv57a5s85` service tier `on_demand` on tokens per day (TPD): Limit 100000, Used 99371, Requested 1344. Please try again in 10m17.76s. Need more tokens? Upgrade to Dev Tier today at https://console.groq.com/settings/billing', 'type': 'tokens', 'code': 'rate_limit_exceeded'}}
2026-06-07 13:23:36.568 | WARNING  | backend.agents.statement_agent:_call_llm:85 - Groq rate limit hit (llama-3.3-70b-versatile), falling back to Ollama: Error code: 429 - {'error': {'message': 'Rate limit reached for model `llama-3.3-70b-versatile` in organization `org_01k8z2tgj1ezjbwz5qv57a5s85` service tier `on_demand` on tokens per day (TPD): Limit 100000, Used 99366, Requested 1364. Please try again in 10m30.72s. Need more tokens? Upgrade to Dev Tier today at https://console.groq.com/settings/billing', 'type': 'tokens', 'code': 'rate_limit_exceeded'}}
2026-06-07 13:23:41.120 | WARNING  | backend.agents.statement_agent:_call_llm:85 - Groq rate limit hit (llama-3.3-70b-versatile), falling back to Ollama: Error code: 429 - {'error': {'message': 'Rate limit reached for model `llama-3.3-70b-versatile` in organization `org_01k8z2tgj1ezjbwz5qv57a5s85` service tier `on_demand` on tokens per day (TPD): Limit 100000, Used 99360, Requested 1377. Please try again in 10m36.768s. Need more tokens? Upgrade to Dev Tier today at https://console.groq.com/settings/billing', 'type': 'tokens', 'code': 'rate_limit_exceeded'}}
2026-06-07 13:23:59.939 | WARNING  | backend.agents.statement_agent:extract_quotes:169 - Quote extraction attempt 1 failed: Expecting value: line 4 column 15 (char 36)
2026-06-07 13:24:07.077 | WARNING  | backend.agents.statement_agent:extract_quotes:169 - Quote extraction attempt 2 failed: Expecting value: line 4 column 15 (char 36)
2026-06-07 13:24:26.182 | WARNING  | backend.agents.statement_agent:extract_quotes:169 - Quote extraction attempt 3 failed: Expecting value: line 4 column 15 (char 36)
2026-06-07 13:24:45.398 | WARNING  | backend.agents.statement_agent:_call_llm:85 - Groq rate limit hit (llama-3.3-70b-versatile), falling back to Ollama: Error code: 429 - {'error': {'message': 'Rate limit reached for model `llama-3.3-70b-versatile` in organization `org_01k8z2tgj1ezjbwz5qv57a5s85` service tier `on_demand` on tokens per day (TPD): Limit 100000, Used 99286, Requested 1338. Please try again in 8m59.135999999s. Need more tokens? Upgrade to Dev Tier today at https://console.groq.com/settings/billing', 'type': 'tokens', 'code': 'rate_limit_exceeded'}}
2026-06-07 13:24:50.077 | WARNING  | backend.agents.statement_agent:_call_llm:85 - Groq rate limit hit (llama-3.3-70b-versatile), falling back to Ollama: Error code: 429 - {'error': {'message': 'Rate limit reached for model `llama-3.3-70b-versatile` in organization `org_01k8z2tgj1ezjbwz5qv57a5s85` service tier `on_demand` on tokens per day (TPD): Limit 100000, Used 99280, Requested 1419. Please try again in 10m3.935999999s. Need more tokens? Upgrade to Dev Tier today at https://console.groq.com/settings/billing', 'type': 'tokens', 'code': 'rate_limit_exceeded'}}
2026-06-07 13:24:54.819 | WARNING  | backend.agents.statement_agent:_call_llm:85 - Groq rate limit hit (llama-3.3-70b-versatile), falling back to Ollama: Error code: 429 - {'error': {'message': 'Rate limit reached for model `llama-3.3-70b-versatile` in organization `org_01k8z2tgj1ezjbwz5qv57a5s85` service tier `on_demand` on tokens per day (TPD): Limit 100000, Used 99275, Requested 1397. Please try again in 9m40.608s. Need more tokens? Upgrade to Dev Tier today at https://console.groq.com/settings/billing', 'type': 'tokens', 'code': 'rate_limit_exceeded'}}
2026-06-07 13:24:59.357 | WARNING  | backend.agents.statement_agent:_call_llm:85 - Groq rate limit hit (llama-3.3-70b-versatile), falling back to Ollama: Error code: 429 - {'error': {'message': 'Rate limit reached for model `llama-3.3-70b-versatile` in organization `org_01k8z2tgj1ezjbwz5qv57a5s85` service tier `on_demand` on tokens per day (TPD): Limit 100000, Used 99270, Requested 1399. Please try again in 9m38.016s. Need more tokens? Upgrade to Dev Tier today at https://console.groq.com/settings/billing', 'type': 'tokens', 'code': 'rate_limit_exceeded'}}
2026-06-07 13:25:04.207 | WARNING  | backend.agents.statement_agent:_call_llm:85 - Groq rate limit hit (llama-3.3-70b-versatile), falling back to Ollama: Error code: 429 - {'error': {'message': 'Rate limit reached for model `llama-3.3-70b-versatile` in organization `org_01k8z2tgj1ezjbwz5qv57a5s85` service tier `on_demand` on tokens per day (TPD): Limit 100000, Used 99264, Requested 1407. Please try again in 9m39.744s. Need more tokens? Upgrade to Dev Tier today at https://console.groq.com/settings/billing', 'type': 'tokens', 'code': 'rate_limit_exceeded'}}
2026-06-07 13:25:09.123 | WARNING  | backend.agents.statement_agent:_call_llm:85 - Groq rate limit hit (llama-3.3-70b-versatile), falling back to Ollama: Error code: 429 - {'error': {'message': 'Rate limit reached for model `llama-3.3-70b-versatile` in organization `org_01k8z2tgj1ezjbwz5qv57a5s85` service tier `on_demand` on tokens per day (TPD): Limit 100000, Used 99258, Requested 1378. Please try again in 9m9.504s. Need more tokens? Upgrade to Dev Tier today at https://console.groq.com/settings/billing', 'type': 'tokens', 'code': 'rate_limit_exceeded'}}
2026-06-07 13:25:13.897 | WARNING  | backend.agents.statement_agent:_call_llm:85 - Groq rate limit hit (llama-3.3-70b-versatile), falling back to Ollama: Error code: 429 - {'error': {'message': 'Rate limit reached for model `llama-3.3-70b-versatile` in organization `org_01k8z2tgj1ezjbwz5qv57a5s85` service tier `on_demand` on tokens per day (TPD): Limit 100000, Used 99253, Requested 1408. Please try again in 9m31.104s. Need more tokens? Upgrade to Dev Tier today at https://console.groq.com/settings/billing', 'type': 'tokens', 'code': 'rate_limit_exceeded'}}
2026-06-07 13:25:33.863 | WARNING  | backend.agents.statement_agent:_call_llm:85 - Groq rate limit hit (llama-3.3-70b-versatile), falling back to Ollama: Error code: 429 - {'error': {'message': 'Rate limit reached for model `llama-3.3-70b-versatile` in organization `org_01k8z2tgj1ezjbwz5qv57a5s85` service tier `on_demand` on tokens per day (TPD): Limit 100000, Used 99230, Requested 1371. Please try again in 8m39.264s. Need more tokens? Upgrade to Dev Tier today at https://console.groq.com/settings/billing', 'type': 'tokens', 'code': 'rate_limit_exceeded'}}
2026-06-07 13:25:38.454 | WARNING  | backend.agents.statement_agent:_call_llm:85 - Groq rate limit hit (llama-3.3-70b-versatile), falling back to Ollama: Error code: 429 - {'error': {'message': 'Rate limit reached for model `llama-3.3-70b-versatile` in organization `org_01k8z2tgj1ezjbwz5qv57a5s85` service tier `on_demand` on tokens per day (TPD): Limit 100000, Used 99225, Requested 1337. Please try again in 8m5.568s. Need more tokens? Upgrade to Dev Tier today at https://console.groq.com/settings/billing', 'type': 'tokens', 'code': 'rate_limit_exceeded'}}
2026-06-07 13:25:42.846 | WARNING  | backend.agents.statement_agent:_call_llm:85 - Groq rate limit hit (llama-3.3-70b-versatile), falling back to Ollama: Error code: 429 - {'error': {'message': 'Rate limit reached for model `llama-3.3-70b-versatile` in organization `org_01k8z2tgj1ezjbwz5qv57a5s85` service tier `on_demand` on tokens per day (TPD): Limit 100000, Used 99219, Requested 1341. Please try again in 8m3.84s. Need more tokens? Upgrade to Dev Tier today at https://console.groq.com/settings/billing', 'type': 'tokens', 'code': 'rate_limit_exceeded'}}
2026-06-07 13:25:47.147 | WARNING  | backend.agents.statement_agent:_call_llm:85 - Groq rate limit hit (llama-3.3-70b-versatile), falling back to Ollama: Error code: 429 - {'error': {'message': 'Rate limit reached for model `llama-3.3-70b-versatile` in organization `org_01k8z2tgj1ezjbwz5qv57a5s85` service tier `on_demand` on tokens per day (TPD): Limit 100000, Used 99214, Requested 1391. Please try again in 8m42.72s. Need more tokens? Upgrade to Dev Tier today at https://console.groq.com/settings/billing', 'type': 'tokens', 'code': 'rate_limit_exceeded'}}
2026-06-07 13:25:51.765 | WARNING  | backend.agents.statement_agent:_call_llm:85 - Groq rate limit hit (llama-3.3-70b-versatile), falling back to Ollama: Error code: 429 - {'error': {'message': 'Rate limit reached for model `llama-3.3-70b-versatile` in organization `org_01k8z2tgj1ezjbwz5qv57a5s85` service tier `on_demand` on tokens per day (TPD): Limit 100000, Used 99209, Requested 1348. Please try again in 8m1.248s. Need more tokens? Upgrade to Dev Tier today at https://console.groq.com/settings/billing', 'type': 'tokens', 'code': 'rate_limit_exceeded'}}
2026-06-07 13:26:02.612 | WARNING  | backend.agents.statement_agent:_call_llm:85 - Groq rate limit hit (llama-3.3-70b-versatile), falling back to Ollama: Error code: 429 - {'error': {'message': 'Rate limit reached for model `llama-3.3-70b-versatile` in organization `org_01k8z2tgj1ezjbwz5qv57a5s85` service tier `on_demand` on tokens per day (TPD): Limit 100000, Used 99197, Requested 1350. Please try again in 7m52.608s. Need more tokens? Upgrade to Dev Tier today at https://console.groq.com/settings/billing', 'type': 'tokens', 'code': 'rate_limit_exceeded'}}
2026-06-07 13:26:07.102 | WARNING  | backend.agents.statement_agent:_call_llm:85 - Groq rate limit hit (llama-3.3-70b-versatile), falling back to Ollama: Error code: 429 - {'error': {'message': 'Rate limit reached for model `llama-3.3-70b-versatile` in organization `org_01k8z2tgj1ezjbwz5qv57a5s85` service tier `on_demand` on tokens per day (TPD): Limit 100000, Used 99191, Requested 1356. Please try again in 7m52.608s. Need more tokens? Upgrade to Dev Tier today at https://console.groq.com/settings/billing', 'type': 'tokens', 'code': 'rate_limit_exceeded'}}
2026-06-07 13:26:12.020 | WARNING  | backend.agents.statement_agent:_call_llm:85 - Groq rate limit hit (llama-3.3-70b-versatile), falling back to Ollama: Error code: 429 - {'error': {'message': 'Rate limit reached for model `llama-3.3-70b-versatile` in organization `org_01k8z2tgj1ezjbwz5qv57a5s85` service tier `on_demand` on tokens per day (TPD): Limit 100000, Used 99186, Requested 1391. Please try again in 8m18.528s. Need more tokens? Upgrade to Dev Tier today at https://console.groq.com/settings/billing', 'type': 'tokens', 'code': 'rate_limit_exceeded'}}
2026-06-07 13:26:16.458 | WARNING  | backend.agents.statement_agent:_call_llm:85 - Groq rate limit hit (llama-3.3-70b-versatile), falling back to Ollama: Error code: 429 - {'error': {'message': 'Rate limit reached for model `llama-3.3-70b-versatile` in organization `org_01k8z2tgj1ezjbwz5qv57a5s85` service tier `on_demand` on tokens per day (TPD): Limit 100000, Used 99181, Requested 1392. Please try again in 8m15.072s. Need more tokens? Upgrade to Dev Tier today at https://console.groq.com/settings/billing', 'type': 'tokens', 'code': 'rate_limit_exceeded'}}
2026-06-07 13:26:29.128 | WARNING  | backend.agents.statement_agent:_call_llm:85 - Groq rate limit hit (llama-3.3-70b-versatile), falling back to Ollama: Error code: 429 - {'error': {'message': 'Rate limit reached for model `llama-3.3-70b-versatile` in organization `org_01k8z2tgj1ezjbwz5qv57a5s85` service tier `on_demand` on tokens per day (TPD): Limit 100000, Used 99166, Requested 1411. Please try again in 8m18.528s. Need more tokens? Upgrade to Dev Tier today at https://console.groq.com/settings/billing', 'type': 'tokens', 'code': 'rate_limit_exceeded'}}
2026-06-07 13:26:41.212 | WARNING  | backend.agents.statement_agent:_call_llm:85 - Groq rate limit hit (llama-3.3-70b-versatile), falling back to Ollama: Error code: 429 - {'error': {'message': 'Rate limit reached for model `llama-3.3-70b-versatile` in organization `org_01k8z2tgj1ezjbwz5qv57a5s85` service tier `on_demand` on tokens per day (TPD): Limit 100000, Used 99152, Requested 1357. Please try again in 7m19.776s. Need more tokens? Upgrade to Dev Tier today at https://console.groq.com/settings/billing', 'type': 'tokens', 'code': 'rate_limit_exceeded'}}
2026-06-07 13:26:46.205 | WARNING  | backend.agents.statement_agent:_call_llm:85 - Groq rate limit hit (llama-3.3-70b-versatile), falling back to Ollama: Error code: 429 - {'error': {'message': 'Rate limit reached for model `llama-3.3-70b-versatile` in organization `org_01k8z2tgj1ezjbwz5qv57a5s85` service tier `on_demand` on tokens per day (TPD): Limit 100000, Used 99146, Requested 1362. Please try again in 7m18.912s. Need more tokens? Upgrade to Dev Tier today at https://console.groq.com/settings/billing', 'type': 'tokens', 'code': 'rate_limit_exceeded'}}
2026-06-07 13:26:50.875 | WARNING  | backend.agents.statement_agent:_call_llm:85 - Groq rate limit hit (llama-3.3-70b-versatile), falling back to Ollama: Error code: 429 - {'error': {'message': 'Rate limit reached for model `llama-3.3-70b-versatile` in organization `org_01k8z2tgj1ezjbwz5qv57a5s85` service tier `on_demand` on tokens per day (TPD): Limit 100000, Used 99141, Requested 1368. Please try again in 7m19.776s. Need more tokens? Upgrade to Dev Tier today at https://console.groq.com/settings/billing', 'type': 'tokens', 'code': 'rate_limit_exceeded'}}
2026-06-07 13:26:55.593 | WARNING  | backend.agents.statement_agent:_call_llm:85 - Groq rate limit hit (llama-3.3-70b-versatile), falling back to Ollama: Error code: 429 - {'error': {'message': 'Rate limit reached for model `llama-3.3-70b-versatile` in organization `org_01k8z2tgj1ezjbwz5qv57a5s85` service tier `on_demand` on tokens per day (TPD): Limit 100000, Used 99135, Requested 1358. Please try again in 7m5.952s. Need more tokens? Upgrade to Dev Tier today at https://console.groq.com/settings/billing', 'type': 'tokens', 'code': 'rate_limit_exceeded'}}
2026-06-07 13:27:01.570 | INFO     | backend.pipeline.news_pipeline:run_all:314 -   Done: {'mp_name': 'Kakoli Ghosh Dastidar', 'articles_fetched': 10, 'quotes_extracted': 33, 'statements_stored': 2, 'errors': []}
2026-06-07 13:27:03.572 | INFO     | backend.pipeline.news_pipeline:run_all:301 - Processing Ajay Bhatt
2026-06-07 13:28:35.133 | INFO     | backend.pipeline.news_pipeline:run_all:314 -   Done: {'mp_name': 'Ajay Bhatt', 'articles_fetched': 0, 'quotes_extracted': 0, 'statements_stored': 0, 'errors': []}
2026-06-07 13:28:37.135 | INFO     | backend.pipeline.news_pipeline:run_all:301 - Processing Baijayant Panda
2026-06-07 13:30:22.652 | INFO     | backend.pipeline.news_pipeline:run_all:314 -   Done: {'mp_name': 'Baijayant Panda', 'articles_fetched': 0, 'quotes_extracted': 0, 'statements_stored': 0, 'errors': []}
2026-06-07 13:30:24.654 | INFO     | backend.pipeline.news_pipeline:run_all:301 - Processing Bajrang Manohar Sonwane
2026-06-07 13:30:33.243 | INFO     | backend.pipeline.news_pipeline:run_all:314 -   Done: {'mp_name': 'Bajrang Manohar Sonwane', 'articles_fetched': 0, 'quotes_extracted': 0, 'statements_stored': 0, 'errors': []}
2026-06-07 13:30:35.244 | INFO     | backend.pipeline.news_pipeline:run_all:301 - Processing Ajay Kumar Mandal
2026-06-07 13:30:58.841 | INFO     | backend.pipeline.news_pipeline:run_all:314 -   Done: {'mp_name': 'Ajay Kumar Mandal', 'articles_fetched': 0, 'quotes_extracted': 0, 'statements_stored': 0, 'errors': []}
2026-06-07 13:31:00.842 | INFO     | backend.pipeline.news_pipeline:run_all:301 - Processing Kali Charan Munda
2026-06-07 13:31:16.821 | INFO     | backend.pipeline.news_pipeline:run_all:314 -   Done: {'mp_name': 'Kali Charan Munda', 'articles_fetched': 0, 'quotes_extracted': 0, 'statements_stored': 0, 'errors': []}
2026-06-07 13:31:18.822 | INFO     | backend.pipeline.news_pipeline:run_all:301 - Processing Selvaraj V
2026-06-07 13:31:54.196 | INFO     | backend.pipeline.news_pipeline:run_all:314 -   Done: {'mp_name': 'Selvaraj V', 'articles_fetched': 0, 'quotes_extracted': 0, 'statements_stored': 0, 'errors': []}
2026-06-07 13:31:56.196 | INFO     | backend.pipeline.news_pipeline:run_all:301 - Processing Ajay Tamta
2026-06-07 13:32:55.062 | INFO     | backend.pipeline.news_pipeline:run_all:314 -   Done: {'mp_name': 'Ajay Tamta', 'articles_fetched': 0, 'quotes_extracted': 0, 'statements_stored': 0, 'errors': []}
2026-06-07 13:32:57.063 | INFO     | backend.pipeline.news_pipeline:run_all:301 - Processing Balabhadra Majhi
2026-06-07 13:33:21.235 | INFO     | backend.pipeline.news_pipeline:run_all:314 -   Done: {'mp_name': 'Balabhadra Majhi', 'articles_fetched': 0, 'quotes_extracted': 0, 'statements_stored': 0, 'errors': []}
2026-06-07 13:33:23.236 | INFO     | backend.pipeline.news_pipeline:run_all:301 - Processing Kali Charan Singh
2026-06-07 13:33:31.271 | INFO     | backend.pipeline.news_pipeline:run_all:314 -   Done: {'mp_name': 'Kali Charan Singh', 'articles_fetched': 0, 'quotes_extracted': 0, 'statements_stored': 0, 'errors': []}
2026-06-07 13:33:33.272 | INFO     | backend.pipeline.news_pipeline:run_all:301 - Processing Shafi Parambil
2026-06-07 13:34:35.381 | INFO     | backend.pipeline.news_pipeline:run_all:314 -   Done: {'mp_name': 'Shafi Parambil', 'articles_fetched': 0, 'quotes_extracted': 0, 'statements_stored': 0, 'errors': []}
2026-06-07 13:34:37.382 | INFO     | backend.pipeline.news_pipeline:run_all:301 - Processing Ajendra Singh Lodhi
2026-06-07 13:34:48.519 | WARNING  | backend.agents.statement_agent:_call_llm:85 - Groq rate limit hit (llama-3.3-70b-versatile), falling back to Ollama: Error code: 429 - {'error': {'message': 'Rate limit reached for model `llama-3.3-70b-versatile` in organization `org_01k8z2tgj1ezjbwz5qv57a5s85` service tier `on_demand` on tokens per day (TPD): Limit 100000, Used 100000, Requested 1352. Please try again in 19m28.128s. Need more tokens? Upgrade to Dev Tier today at https://console.groq.com/settings/billing', 'type': 'tokens', 'code': 'rate_limit_exceeded'}}
2026-06-07 13:34:53.103 | WARNING  | backend.agents.statement_agent:_call_llm:85 - Groq rate limit hit (llama-3.3-70b-versatile), falling back to Ollama: Error code: 429 - {'error': {'message': 'Rate limit reached for model `llama-3.3-70b-versatile` in organization `org_01k8z2tgj1ezjbwz5qv57a5s85` service tier `on_demand` on tokens per day (TPD): Limit 100000, Used 99995, Requested 1387. Please try again in 19m54.048s. Need more tokens? Upgrade to Dev Tier today at https://console.groq.com/settings/billing', 'type': 'tokens', 'code': 'rate_limit_exceeded'}}
2026-06-07 13:34:57.563 | WARNING  | backend.agents.statement_agent:_call_llm:85 - Groq rate limit hit (llama-3.3-70b-versatile), falling back to Ollama: Error code: 429 - {'error': {'message': 'Rate limit reached for model `llama-3.3-70b-versatile` in organization `org_01k8z2tgj1ezjbwz5qv57a5s85` service tier `on_demand` on tokens per day (TPD): Limit 100000, Used 99990, Requested 1346. Please try again in 19m14.304s. Need more tokens? Upgrade to Dev Tier today at https://console.groq.com/settings/billing', 'type': 'tokens', 'code': 'rate_limit_exceeded'}}
2026-06-07 13:35:01.911 | WARNING  | backend.agents.statement_agent:_call_llm:85 - Groq rate limit hit (llama-3.3-70b-versatile), falling back to Ollama: Error code: 429 - {'error': {'message': 'Rate limit reached for model `llama-3.3-70b-versatile` in organization `org_01k8z2tgj1ezjbwz5qv57a5s85` service tier `on_demand` on tokens per day (TPD): Limit 100000, Used 99985, Requested 1339. Please try again in 19m3.936s. Need more tokens? Upgrade to Dev Tier today at https://console.groq.com/settings/billing', 'type': 'tokens', 'code': 'rate_limit_exceeded'}}
2026-06-07 13:35:06.238 | WARNING  | backend.agents.statement_agent:_call_llm:85 - Groq rate limit hit (llama-3.3-70b-versatile), falling back to Ollama: Error code: 429 - {'error': {'message': 'Rate limit reached for model `llama-3.3-70b-versatile` in organization `org_01k8z2tgj1ezjbwz5qv57a5s85` service tier `on_demand` on tokens per day (TPD): Limit 100000, Used 99980, Requested 1104. Please try again in 15m36.576s. Need more tokens? Upgrade to Dev Tier today at https://console.groq.com/settings/billing', 'type': 'tokens', 'code': 'rate_limit_exceeded'}}
2026-06-07 13:35:10.790 | WARNING  | backend.agents.statement_agent:_call_llm:85 - Groq rate limit hit (llama-3.3-70b-versatile), falling back to Ollama: Error code: 429 - {'error': {'message': 'Rate limit reached for model `llama-3.3-70b-versatile` in organization `org_01k8z2tgj1ezjbwz5qv57a5s85` service tier `on_demand` on tokens per day (TPD): Limit 100000, Used 99975, Requested 1348. Please try again in 19m3.072s. Need more tokens? Upgrade to Dev Tier today at https://console.groq.com/settings/billing', 'type': 'tokens', 'code': 'rate_limit_exceeded'}}
2026-06-07 13:35:24.149 | INFO     | backend.pipeline.news_pipeline:run_all:314 -   Done: {'mp_name': 'Ajendra Singh Lodhi', 'articles_fetched': 2, 'quotes_extracted': 7, 'statements_stored': 1, 'errors': []}
2026-06-07 13:35:26.150 | INFO     | backend.pipeline.news_pipeline:run_all:301 - Processing Balashowry Vallabhaneni
2026-06-07 13:35:38.041 | INFO     | backend.pipeline.news_pipeline:run_all:314 -   Done: {'mp_name': 'Balashowry Vallabhaneni', 'articles_fetched': 0, 'quotes_extracted': 0, 'statements_stored': 0, 'errors': []}
2026-06-07 13:35:40.042 | INFO     | backend.pipeline.news_pipeline:run_all:301 - Processing Kalipada Saren Kherwal
2026-06-07 13:35:40.525 | INFO     | backend.pipeline.news_pipeline:run_all:314 -   Done: {'mp_name': 'Kalipada Saren Kherwal', 'articles_fetched': 0, 'quotes_extracted': 0, 'statements_stored': 0, 'errors': []}
2026-06-07 13:35:42.526 | INFO     | backend.pipeline.news_pipeline:run_all:301 - Processing Shambhavi
2026-06-07 13:36:35.691 | INFO     | backend.pipeline.news_pipeline:run_all:314 -   Done: {'mp_name': 'Shambhavi', 'articles_fetched': 0, 'quotes_extracted': 0, 'statements_stored': 0, 'errors': []}
2026-06-07 13:36:37.692 | INFO     | backend.pipeline.news_pipeline:run_all:301 - Processing Akhilesh Yadav
2026-06-07 13:36:42.780 | WARNING  | backend.agents.statement_agent:_call_llm:85 - Groq rate limit hit (llama-3.3-70b-versatile), falling back to Ollama: Error code: 429 - {'error': {'message': 'Rate limit reached for model `llama-3.3-70b-versatile` in organization `org_01k8z2tgj1ezjbwz5qv57a5s85` service tier `on_demand` on tokens per day (TPD): Limit 100000, Used 99868, Requested 1094. Please try again in 13m51.168s. Need more tokens? Upgrade to Dev Tier today at https://console.groq.com/settings/billing', 'type': 'tokens', 'code': 'rate_limit_exceeded'}}
2026-06-07 13:37:01.641 | WARNING  | backend.agents.statement_agent:_call_llm:85 - Groq rate limit hit (llama-3.3-70b-versatile), falling back to Ollama: Error code: 429 - {'error': {'message': 'Rate limit reached for model `llama-3.3-70b-versatile` in organization `org_01k8z2tgj1ezjbwz5qv57a5s85` service tier `on_demand` on tokens per day (TPD): Limit 100000, Used 99846, Requested 1351. Please try again in 17m14.208s. Need more tokens? Upgrade to Dev Tier today at https://console.groq.com/settings/billing', 'type': 'tokens', 'code': 'rate_limit_exceeded'}}
2026-06-07 13:37:06.348 | WARNING  | backend.agents.statement_agent:_call_llm:85 - Groq rate limit hit (llama-3.3-70b-versatile), falling back to Ollama: Error code: 429 - {'error': {'message': 'Rate limit reached for model `llama-3.3-70b-versatile` in organization `org_01k8z2tgj1ezjbwz5qv57a5s85` service tier `on_demand` on tokens per day (TPD): Limit 100000, Used 99841, Requested 1060. Please try again in 12m58.464s. Need more tokens? Upgrade to Dev Tier today at https://console.groq.com/settings/billing', 'type': 'tokens', 'code': 'rate_limit_exceeded'}}
2026-06-07 13:37:46.420 | WARNING  | backend.agents.statement_agent:classify_statement:314 - Classification attempt 1 failed: Connection error.
2026-06-07 13:37:47.868 | WARNING  | backend.agents.statement_agent:classify_statement:314 - Classification attempt 2 failed: Connection error.
2026-06-07 13:37:49.350 | WARNING  | backend.agents.statement_agent:classify_statement:314 - Classification attempt 3 failed: Connection error.
2026-06-07 13:37:50.669 | WARNING  | backend.agents.statement_agent:classify_statement:314 - Classification attempt 1 failed: Connection error.
2026-06-07 13:37:51.852 | WARNING  | backend.agents.statement_agent:classify_statement:314 - Classification attempt 2 failed: Connection error.
2026-06-07 13:37:53.124 | WARNING  | backend.agents.statement_agent:classify_statement:314 - Classification attempt 3 failed: Connection error.
2026-06-07 13:37:54.564 | WARNING  | backend.agents.statement_agent:classify_statement:314 - Classification attempt 1 failed: Connection error.
2026-06-07 13:37:55.928 | WARNING  | backend.agents.statement_agent:classify_statement:314 - Classification attempt 2 failed: Connection error.
2026-06-07 13:37:57.210 | WARNING  | backend.agents.statement_agent:classify_statement:314 - Classification attempt 3 failed: Connection error.
2026-06-07 13:37:58.632 | WARNING  | backend.agents.statement_agent:classify_statement:314 - Classification attempt 1 failed: Connection error.
2026-06-07 13:38:00.084 | WARNING  | backend.agents.statement_agent:classify_statement:314 - Classification attempt 2 failed: Connection error.
2026-06-07 13:38:01.524 | WARNING  | backend.agents.statement_agent:classify_statement:314 - Classification attempt 3 failed: Connection error.
2026-06-07 13:38:03.027 | DEBUG    | backend.scraper.news:resolve_article_url:115 - gnewsdecoder returned no URL for 'BJP turned ‘nari’ into ‘nara’, wants to deny OBC women their'
2026-06-07 13:38:03.027 | DEBUG    | backend.pipeline.news_pipeline:run_for_mp:169 - No URL resolved for 'BJP turned ‘nari’ into ‘nara’, wants to deny OBC women their'
2026-06-07 13:38:03.034 | DEBUG    | backend.scraper.news:resolve_article_url:115 - gnewsdecoder returned no URL for 'Priyanka, Akhilesh lead Opposition onslaught: Govt using wom'
2026-06-07 13:38:03.034 | DEBUG    | backend.pipeline.news_pipeline:run_for_mp:169 - No URL resolved for 'Priyanka, Akhilesh lead Opposition onslaught: Govt using wom'
2026-06-07 13:38:03.040 | DEBUG    | backend.scraper.news:resolve_article_url:115 - gnewsdecoder returned no URL for 'Shashi Tharoor stumbles on Parliament steps, Akhilesh Yadav '
2026-06-07 13:38:03.041 | DEBUG    | backend.pipeline.news_pipeline:run_for_mp:169 - No URL resolved for 'Shashi Tharoor stumbles on Parliament steps, Akhilesh Yadav '
2026-06-07 13:38:03.041 | DEBUG    | backend.scraper.news:resolve_article_url:115 - gnewsdecoder returned no URL for 'Akhilesh Yadav celebrates Holi in UP's Saifai and outlines S'
2026-06-07 13:38:03.041 | DEBUG    | backend.pipeline.news_pipeline:run_for_mp:169 - No URL resolved for 'Akhilesh Yadav celebrates Holi in UP's Saifai and outlines S'
2026-06-07 13:38:03.048 | DEBUG    | backend.scraper.news:resolve_article_url:115 - gnewsdecoder returned no URL for 'Unnao rape case: Akhilesh urges court hearings in 'language '
2026-06-07 13:38:03.048 | DEBUG    | backend.pipeline.news_pipeline:run_for_mp:169 - No URL resolved for 'Unnao rape case: Akhilesh urges court hearings in 'language '
2026-06-07 13:38:03.053 | DEBUG    | backend.scraper.news:resolve_article_url:115 - gnewsdecoder returned no URL for ''Akhilesh Yadav Must Lead INDIA Bloc': Murmurs After Congres'
2026-06-07 13:38:03.053 | DEBUG    | backend.pipeline.news_pipeline:run_for_mp:169 - No URL resolved for ''Akhilesh Yadav Must Lead INDIA Bloc': Murmurs After Congres'
2026-06-07 13:38:03.054 | DEBUG    | backend.scraper.news:resolve_article_url:115 - gnewsdecoder returned no URL for ''Inko dekh leejiye': Akhilesh deploys Ayodhya region MP to t'
2026-06-07 13:38:03.054 | DEBUG    | backend.pipeline.news_pipeline:run_for_mp:169 - No URL resolved for ''Inko dekh leejiye': Akhilesh deploys Ayodhya region MP to t'
2026-06-07 13:38:03.059 | DEBUG    | backend.scraper.news:resolve_article_url:115 - gnewsdecoder returned no URL for 'Video: Akhilesh Yadav Jumps Police Barricade During Oppositi'
2026-06-07 13:38:03.059 | DEBUG    | backend.pipeline.news_pipeline:run_for_mp:169 - No URL resolved for 'Video: Akhilesh Yadav Jumps Police Barricade During Oppositi'
2026-06-07 13:38:03.061 | DEBUG    | backend.scraper.news:resolve_article_url:115 - gnewsdecoder returned no URL for '‘50,000 votes per seat’: Akhilesh Yadav’s big charge against'
2026-06-07 13:38:03.061 | DEBUG    | backend.pipeline.news_pipeline:run_for_mp:169 - No URL resolved for '‘50,000 votes per seat’: Akhilesh Yadav’s big charge against'
2026-06-07 13:38:03.068 | DEBUG    | backend.scraper.news:resolve_article_url:115 - gnewsdecoder returned no URL for 'BJP leaders slam Akhilesh Yadav over ‘learn from Christmas’ '
2026-06-07 13:38:03.068 | DEBUG    | backend.pipeline.news_pipeline:run_for_mp:169 - No URL resolved for 'BJP leaders slam Akhilesh Yadav over ‘learn from Christmas’ '
2026-06-07 13:38:03.069 | DEBUG    | backend.scraper.news:resolve_article_url:115 - gnewsdecoder returned no URL for 'Akhilesh questions NDA’s Bihar sweep, accuses EC of SIR part'
2026-06-07 13:38:03.075 | DEBUG    | backend.pipeline.news_pipeline:run_for_mp:169 - No URL resolved for 'Akhilesh questions NDA’s Bihar sweep, accuses EC of SIR part'
2026-06-07 13:38:03.075 | DEBUG    | backend.scraper.news:resolve_article_url:115 - gnewsdecoder returned no URL for 'NDA MPs slam SP silence over cleric’s remark against Dimple '
2026-06-07 13:38:03.075 | DEBUG    | backend.pipeline.news_pipeline:run_for_mp:169 - No URL resolved for 'NDA MPs slam SP silence over cleric’s remark against Dimple '
2026-06-07 13:38:03.082 | DEBUG    | backend.scraper.news:resolve_article_url:115 - gnewsdecoder returned no URL for 'Misogynistic remark row: NDA MP protests against Islamic cle'
2026-06-07 13:38:03.082 | DEBUG    | backend.pipeline.news_pipeline:run_for_mp:169 - No URL resolved for 'Misogynistic remark row: NDA MP protests against Islamic cle'
2026-06-07 13:38:03.087 | DEBUG    | backend.scraper.news:resolve_article_url:115 - gnewsdecoder returned no URL for '‘Op Sindoor a symbol of intelligence failure,’ Akhilesh Yada'
2026-06-07 13:38:03.087 | DEBUG    | backend.pipeline.news_pipeline:run_for_mp:169 - No URL resolved for '‘Op Sindoor a symbol of intelligence failure,’ Akhilesh Yada'
2026-06-07 13:38:03.089 | DEBUG    | backend.scraper.news:resolve_article_url:115 - gnewsdecoder returned no URL for 'Akhilesh Yadav questions timing of Operation Mahadev | India'
2026-06-07 13:38:03.089 | DEBUG    | backend.pipeline.news_pipeline:run_for_mp:169 - No URL resolved for 'Akhilesh Yadav questions timing of Operation Mahadev | India'
2026-06-07 13:38:03.094 | DEBUG    | backend.scraper.news:resolve_article_url:115 - gnewsdecoder returned no URL for 'SP chief Akhilesh Yadav gets ₹8 lakh challan for his car, bl'
2026-06-07 13:38:03.094 | DEBUG    | backend.pipeline.news_pipeline:run_for_mp:169 - No URL resolved for 'SP chief Akhilesh Yadav gets ₹8 lakh challan for his car, bl'
2026-06-07 13:38:03.096 | DEBUG    | backend.scraper.news:resolve_article_url:115 - gnewsdecoder returned no URL for 'Akhilesh Yadav takes a dig at Modi govt in Operation Sindoor'
2026-06-07 13:38:03.096 | DEBUG    | backend.pipeline.news_pipeline:run_for_mp:169 - No URL resolved for 'Akhilesh Yadav takes a dig at Modi govt in Operation Sindoor'
2026-06-07 13:38:03.103 | DEBUG    | backend.scraper.news:resolve_article_url:115 - gnewsdecoder returned no URL for '"Anti-Women": Cleric Faces Case For Remark On Samajwadi MP D'
2026-06-07 13:38:03.103 | DEBUG    | backend.pipeline.news_pipeline:run_for_mp:169 - No URL resolved for '"Anti-Women": Cleric Faces Case For Remark On Samajwadi MP D'
2026-06-07 13:38:03.108 | DEBUG    | backend.scraper.news:resolve_article_url:115 - gnewsdecoder returned no URL for ''Together, firmly': Rahul Gandhi acknowledges Akhilesh Yadav'
2026-06-07 13:38:03.108 | DEBUG    | backend.pipeline.news_pipeline:run_for_mp:169 - No URL resolved for ''Together, firmly': Rahul Gandhi acknowledges Akhilesh Yadav'
2026-06-07 13:38:03.110 | DEBUG    | backend.scraper.news:resolve_article_url:115 - gnewsdecoder returned no URL for 'Vote theft row: Congress MP Manish Tewari cites ‘trust defic'
2026-06-07 13:38:03.110 | DEBUG    | backend.pipeline.news_pipeline:run_for_mp:169 - No URL resolved for 'Vote theft row: Congress MP Manish Tewari cites ‘trust defic'
2026-06-07 13:38:03.115 | DEBUG    | backend.scraper.news:resolve_article_url:115 - gnewsdecoder returned no URL for 'Video: Tyres Flung At Samajwadi Party MP's Convoy In UP. Akh'
2026-06-07 13:38:03.117 | DEBUG    | backend.pipeline.news_pipeline:run_for_mp:169 - No URL resolved for 'Video: Tyres Flung At Samajwadi Party MP's Convoy In UP. Akh'
2026-06-07 13:38:03.117 | DEBUG    | backend.scraper.news:resolve_article_url:115 - gnewsdecoder returned no URL for 'Akhilesh questions timing of Pahalgam terrorists’ killings i'
2026-06-07 13:38:03.117 | DEBUG    | backend.pipeline.news_pipeline:run_for_mp:169 - No URL resolved for 'Akhilesh questions timing of Pahalgam terrorists’ killings i'
2026-06-07 13:38:03.124 | DEBUG    | backend.scraper.news:resolve_article_url:115 - gnewsdecoder returned no URL for 'Giant-killer Akhilesh Yadav draws attention in 18th Lok Sabh'
2026-06-07 13:38:03.124 | DEBUG    | backend.pipeline.news_pipeline:run_for_mp:169 - No URL resolved for 'Giant-killer Akhilesh Yadav draws attention in 18th Lok Sabh'
2026-06-07 13:38:03.125 | DEBUG    | backend.scraper.news:resolve_article_url:115 - gnewsdecoder returned no URL for 'Samajwadi Party MP as Lok Sabha deputy Speaker? Akhilesh Yad'
2026-06-07 13:38:03.125 | DEBUG    | backend.pipeline.news_pipeline:run_for_mp:169 - No URL resolved for 'Samajwadi Party MP as Lok Sabha deputy Speaker? Akhilesh Yad'
2026-06-07 13:38:03.132 | DEBUG    | backend.scraper.news:resolve_article_url:115 - gnewsdecoder returned no URL for '‘Deplorable act’: Akhilesh Yadav 'fact-checks' BJP leader's '
2026-06-07 13:38:03.132 | DEBUG    | backend.pipeline.news_pipeline:run_for_mp:169 - No URL resolved for '‘Deplorable act’: Akhilesh Yadav 'fact-checks' BJP leader's '
2026-06-07 13:38:03.136 | DEBUG    | backend.scraper.news:resolve_article_url:115 - gnewsdecoder returned no URL for 'In Parliament, Akhilesh Yadav's Theory Behind "So Many Paper'
2026-06-07 13:38:03.136 | DEBUG    | backend.pipeline.news_pipeline:run_for_mp:169 - No URL resolved for 'In Parliament, Akhilesh Yadav's Theory Behind "So Many Paper'
2026-06-07 13:38:03.141 | DEBUG    | backend.scraper.news:resolve_article_url:115 - gnewsdecoder returned no URL for 'Akhilesh Yadav's 'Shayari' On INDIA's Ayodhya Win, And A 'Yo'
2026-06-07 13:38:03.141 | DEBUG    | backend.pipeline.news_pipeline:run_for_mp:169 - No URL resolved for 'Akhilesh Yadav's 'Shayari' On INDIA's Ayodhya Win, And A 'Yo'
2026-06-07 13:38:03.143 | DEBUG    | backend.scraper.news:resolve_article_url:115 - gnewsdecoder returned no URL for 'Lok Sabha polls marked end of communal politics in India: Ak'
2026-06-07 13:38:03.143 | DEBUG    | backend.pipeline.news_pipeline:run_for_mp:169 - No URL resolved for 'Lok Sabha polls marked end of communal politics in India: Ak'
2026-06-07 13:38:03.145 | DEBUG    | backend.scraper.news:resolve_article_url:115 - gnewsdecoder returned no URL for 'Akhilesh Yadav vs Anurag Thakur In Lok Sabha Over Agnipath S'
2026-06-07 13:38:03.145 | DEBUG    | backend.pipeline.news_pipeline:run_for_mp:169 - No URL resolved for 'Akhilesh Yadav vs Anurag Thakur In Lok Sabha Over Agnipath S'
2026-06-07 13:38:03.152 | DEBUG    | backend.scraper.news:resolve_article_url:115 - gnewsdecoder returned no URL for '"Those Who Want To Dig Everywhere...": Akhilesh Yadav's Samb'
2026-06-07 13:38:03.153 | DEBUG    | backend.pipeline.news_pipeline:run_for_mp:169 - No URL resolved for '"Those Who Want To Dig Everywhere...": Akhilesh Yadav's Samb'
2026-06-07 13:38:03.153 | DEBUG    | backend.scraper.news:resolve_article_url:115 - gnewsdecoder returned no URL for ''Has bulldozer lost its might?': Akhilesh Yadav slams UP gov'
2026-06-07 13:38:03.153 | DEBUG    | backend.pipeline.news_pipeline:run_for_mp:169 - No URL resolved for ''Has bulldozer lost its might?': Akhilesh Yadav slams UP gov'
2026-06-07 13:38:03.159 | DEBUG    | backend.scraper.news:resolve_article_url:115 - gnewsdecoder returned no URL for '"Nothing Objectionable": Cleric Defends Remark On Samajwadi '
2026-06-07 13:38:03.159 | DEBUG    | backend.pipeline.news_pipeline:run_for_mp:169 - No URL resolved for '"Nothing Objectionable": Cleric Defends Remark On Samajwadi '
2026-06-07 13:38:03.164 | DEBUG    | backend.scraper.news:resolve_article_url:115 - gnewsdecoder returned no URL for 'UP CM Yogi Adityanath extends birthday greetings to Samajwad'
2026-06-07 13:38:03.164 | DEBUG    | backend.pipeline.news_pipeline:run_for_mp:169 - No URL resolved for 'UP CM Yogi Adityanath extends birthday greetings to Samajwad'
2026-06-07 13:38:03.173 | DEBUG    | backend.scraper.news:resolve_article_url:115 - gnewsdecoder returned no URL for 'Akhilesh Yadav defends Ramjilal Suman's 'Rana Sanga traitor''
2026-06-07 13:38:03.173 | DEBUG    | backend.pipeline.news_pipeline:run_for_mp:169 - No URL resolved for 'Akhilesh Yadav defends Ramjilal Suman's 'Rana Sanga traitor''
2026-06-07 13:38:03.179 | DEBUG    | backend.scraper.news:resolve_article_url:115 - gnewsdecoder returned no URL for 'Akhilesh Yadav asks if Centre is preparing for another confl'
2026-06-07 13:38:03.180 | DEBUG    | backend.pipeline.news_pipeline:run_for_mp:169 - No URL resolved for 'Akhilesh Yadav asks if Centre is preparing for another confl'
2026-06-07 13:38:03.180 | DEBUG    | backend.scraper.news:resolve_article_url:115 - gnewsdecoder returned no URL for 'Rahul Gandhi, Akhilesh Yadav and other INDIA bloc leaders pr'
2026-06-07 13:38:03.180 | DEBUG    | backend.pipeline.news_pipeline:run_for_mp:169 - No URL resolved for 'Rahul Gandhi, Akhilesh Yadav and other INDIA bloc leaders pr'
2026-06-07 13:38:03.187 | DEBUG    | backend.scraper.news:resolve_article_url:115 - gnewsdecoder returned no URL for ''INDIA alliance is intact': Akhilesh Yadav reassures amid fe'
2026-06-07 13:38:03.187 | DEBUG    | backend.pipeline.news_pipeline:run_for_mp:169 - No URL resolved for ''INDIA alliance is intact': Akhilesh Yadav reassures amid fe'
2026-06-07 13:38:03.193 | DEBUG    | backend.scraper.news:resolve_article_url:115 - gnewsdecoder returned no URL for ''Just like Hitler had troopers, BJP has underground force': '
2026-06-07 13:38:03.194 | DEBUG    | backend.pipeline.news_pipeline:run_for_mp:169 - No URL resolved for ''Just like Hitler had troopers, BJP has underground force': '
2026-06-07 13:38:03.194 | DEBUG    | backend.scraper.news:resolve_article_url:115 - gnewsdecoder returned no URL for 'Case Against Team Akhilesh Yadav Party MP Over Remarks On Le'
2026-06-07 13:38:03.194 | DEBUG    | backend.pipeline.news_pipeline:run_for_mp:169 - No URL resolved for 'Case Against Team Akhilesh Yadav Party MP Over Remarks On Le'
2026-06-07 13:38:03.200 | DEBUG    | backend.scraper.news:resolve_article_url:115 - gnewsdecoder returned no URL for 'Why Akhilesh is doubling down after Rana Sanga row, sparked '
2026-06-07 13:38:03.200 | DEBUG    | backend.pipeline.news_pipeline:run_for_mp:169 - No URL resolved for 'Why Akhilesh is doubling down after Rana Sanga row, sparked '
2026-06-07 13:38:03.205 | DEBUG    | backend.scraper.news:resolve_article_url:115 - gnewsdecoder returned no URL for '‘Against Islamic values’: Muslim cleric defends remarks on S'
2026-06-07 13:38:03.205 | DEBUG    | backend.pipeline.news_pipeline:run_for_mp:169 - No URL resolved for '‘Against Islamic values’: Muslim cleric defends remarks on S'
2026-06-07 13:38:03.205 | INFO     | backend.pipeline.news_pipeline:run_all:314 -   Done: {'mp_name': 'Akhilesh Yadav', 'articles_fetched': 2, 'quotes_extracted': 7, 'statements_stored': 0, 'errors': []}
2026-06-07 13:38:05.206 | INFO     | backend.pipeline.news_pipeline:run_all:301 - Processing Balram Naik Porika
2026-06-07 13:38:05.218 | WARNING  | backend.scraper.news:fetch_rss:90 - RSS parse issue for 'Balram Naik Porika': <urlopen error [Errno 11001] getaddrinfo failed>
2026-06-07 13:38:05.218 | INFO     | backend.pipeline.news_pipeline:run_all:314 -   Done: {'mp_name': 'Balram Naik Porika', 'articles_fetched': 0, 'quotes_extracted': 0, 'statements_stored': 0, 'errors': []}
2026-06-07 13:38:07.225 | INFO     | backend.pipeline.news_pipeline:run_all:301 - Processing Kalyan Banerjee
2026-06-07 13:38:07.243 | WARNING  | backend.scraper.news:fetch_rss:90 - RSS parse issue for 'Kalyan Banerjee': <urlopen error [Errno 11001] getaddrinfo failed>
2026-06-07 13:38:07.243 | INFO     | backend.pipeline.news_pipeline:run_all:314 -   Done: {'mp_name': 'Kalyan Banerjee', 'articles_fetched': 0, 'quotes_extracted': 0, 'statements_stored': 0, 'errors': []}
2026-06-07 13:38:09.248 | INFO     | backend.pipeline.news_pipeline:run_all:301 - Processing Shankar Lalwani
2026-06-07 13:38:09.266 | WARNING  | backend.scraper.news:fetch_rss:90 - RSS parse issue for 'Shankar Lalwani': <urlopen error [Errno 11001] getaddrinfo failed>
2026-06-07 13:38:09.266 | INFO     | backend.pipeline.news_pipeline:run_all:314 -   Done: {'mp_name': 'Shankar Lalwani', 'articles_fetched': 0, 'quotes_extracted': 0, 'statements_stored': 0, 'errors': []}
2026-06-07 13:38:11.267 | INFO     | backend.pipeline.news_pipeline:run_all:301 - Processing Akshay Yadav
2026-06-07 13:38:11.284 | WARNING  | backend.scraper.news:fetch_rss:90 - RSS parse issue for 'Akshay Yadav': <urlopen error [Errno 11001] getaddrinfo failed>
2026-06-07 13:38:11.284 | INFO     | backend.pipeline.news_pipeline:run_all:314 -   Done: {'mp_name': 'Akshay Yadav', 'articles_fetched': 0, 'quotes_extracted': 0, 'statements_stored': 0, 'errors': []}
2026-06-07 13:38:13.285 | INFO     | backend.pipeline.news_pipeline:run_all:301 - Processing Balwant Baswant Wankhade
2026-06-07 13:38:13.301 | WARNING  | backend.scraper.news:fetch_rss:90 - RSS parse issue for 'Balwant Baswant Wankhade': <urlopen error [Errno 11001] getaddrinfo failed>
2026-06-07 13:38:13.302 | INFO     | backend.pipeline.news_pipeline:run_all:314 -   Done: {'mp_name': 'Balwant Baswant Wankhade', 'articles_fetched': 0, 'quotes_extracted': 0, 'statements_stored': 0, 'errors': []}
2026-06-07 13:38:15.303 | INFO     | backend.pipeline.news_pipeline:run_all:301 - Processing Kalyan Vaijinathrao Kale
2026-06-07 13:38:15.320 | WARNING  | backend.scraper.news:fetch_rss:90 - RSS parse issue for 'Kalyan Vaijinathrao Kale': <urlopen error [Errno 11001] getaddrinfo failed>
2026-06-07 13:38:15.320 | INFO     | backend.pipeline.news_pipeline:run_all:314 -   Done: {'mp_name': 'Kalyan Vaijinathrao Kale', 'articles_fetched': 0, 'quotes_extracted': 0, 'statements_stored': 0, 'errors': []}
2026-06-07 13:38:17.324 | INFO     | backend.pipeline.news_pipeline:run_all:301 - Processing Shantanu Thakur
2026-06-07 13:38:17.339 | WARNING  | backend.scraper.news:fetch_rss:90 - RSS parse issue for 'Shantanu Thakur': <urlopen error [Errno 11001] getaddrinfo failed>
2026-06-07 13:38:17.345 | INFO     | backend.pipeline.news_pipeline:run_all:314 -   Done: {'mp_name': 'Shantanu Thakur', 'articles_fetched': 0, 'quotes_extracted': 0, 'statements_stored': 0, 'errors': []}
2026-06-07 13:38:19.346 | INFO     | backend.pipeline.news_pipeline:run_all:301 - Processing Alfred Kanngam S Arthur
2026-06-07 13:38:19.363 | WARNING  | backend.scraper.news:fetch_rss:90 - RSS parse issue for 'Alfred Kanngam S Arthur': <urlopen error [Errno 11001] getaddrinfo failed>
2026-06-07 13:38:19.363 | INFO     | backend.pipeline.news_pipeline:run_all:314 -   Done: {'mp_name': 'Alfred Kanngam S Arthur', 'articles_fetched': 0, 'quotes_extracted': 0, 'statements_stored': 0, 'errors': []}
2026-06-07 13:38:21.365 | INFO     | backend.pipeline.news_pipeline:run_all:301 - Processing Kamakhya Prasad Tasa
2026-06-07 13:38:21.381 | WARNING  | backend.scraper.news:fetch_rss:90 - RSS parse issue for 'Kamakhya Prasad Tasa': <urlopen error [Errno 11001] getaddrinfo failed>
2026-06-07 13:38:21.381 | INFO     | backend.pipeline.news_pipeline:run_all:314 -   Done: {'mp_name': 'Kamakhya Prasad Tasa', 'articles_fetched': 0, 'quotes_extracted': 0, 'statements_stored': 0, 'errors': []}
2026-06-07 13:38:23.385 | INFO     | backend.pipeline.news_pipeline:run_all:301 - Processing Sharmila Sarkar
2026-06-07 13:38:23.398 | WARNING  | backend.scraper.news:fetch_rss:90 - RSS parse issue for 'Sharmila Sarkar': <urlopen error [Errno 11001] getaddrinfo failed>
2026-06-07 13:38:23.398 | INFO     | backend.pipeline.news_pipeline:run_all:314 -   Done: {'mp_name': 'Sharmila Sarkar', 'articles_fetched': 0, 'quotes_extracted': 0, 'statements_stored': 0, 'errors': []}
2026-06-07 13:38:25.404 | INFO     | backend.pipeline.news_pipeline:run_all:301 - Processing Alok Kumar Suman
2026-06-07 13:38:25.416 | WARNING  | backend.scraper.news:fetch_rss:90 - RSS parse issue for 'Alok Kumar Suman': <urlopen error [Errno 11001] getaddrinfo failed>
2026-06-07 13:38:25.422 | INFO     | backend.pipeline.news_pipeline:run_all:314 -   Done: {'mp_name': 'Alok Kumar Suman', 'articles_fetched': 0, 'quotes_extracted': 0, 'statements_stored': 0, 'errors': []}
2026-06-07 13:38:27.423 | INFO     | backend.pipeline.news_pipeline:run_all:301 - Processing Kamaljeet Sehrawat
2026-06-07 13:38:27.440 | WARNING  | backend.scraper.news:fetch_rss:90 - RSS parse issue for 'Kamaljeet Sehrawat': <urlopen error [Errno 11001] getaddrinfo failed>
2026-06-07 13:38:27.440 | INFO     | backend.pipeline.news_pipeline:run_all:314 -   Done: {'mp_name': 'Kamaljeet Sehrawat', 'articles_fetched': 0, 'quotes_extracted': 0, 'statements_stored': 0, 'errors': []}
2026-06-07 13:38:29.443 | INFO     | backend.pipeline.news_pipeline:run_all:301 - Processing Shashank Mani
2026-06-07 13:38:29.465 | WARNING  | backend.scraper.news:fetch_rss:90 - RSS parse issue for 'Shashank Mani': <urlopen error [Errno 11001] getaddrinfo failed>
2026-06-07 13:38:29.465 | INFO     | backend.pipeline.news_pipeline:run_all:314 -   Done: {'mp_name': 'Shashank Mani', 'articles_fetched': 0, 'quotes_extracted': 0, 'statements_stored': 0, 'errors': []}
2026-06-07 13:38:31.467 | INFO     | backend.pipeline.news_pipeline:run_all:301 - Processing Bansuri Swaraj
2026-06-07 13:38:31.490 | WARNING  | backend.scraper.news:fetch_rss:90 - RSS parse issue for 'Bansuri Swaraj': <urlopen error [Errno 11001] getaddrinfo failed>
2026-06-07 13:38:31.490 | INFO     | backend.pipeline.news_pipeline:run_all:314 -   Done: {'mp_name': 'Bansuri Swaraj', 'articles_fetched': 0, 'quotes_extracted': 0, 'statements_stored': 0, 'errors': []}
2026-06-07 13:38:33.491 | INFO     | backend.pipeline.news_pipeline:run_all:301 - Processing Alok Sharma
2026-06-07 13:38:33.514 | WARNING  | backend.scraper.news:fetch_rss:90 - RSS parse issue for 'Alok Sharma': <urlopen error [Errno 11001] getaddrinfo failed>
2026-06-07 13:38:33.514 | INFO     | backend.pipeline.news_pipeline:run_all:314 -   Done: {'mp_name': 'Alok Sharma', 'articles_fetched': 0, 'quotes_extracted': 0, 'statements_stored': 0, 'errors': []}
2026-06-07 13:38:35.516 | INFO     | backend.pipeline.news_pipeline:run_all:301 - Processing Kamlesh Jangde
2026-06-07 13:38:35.538 | WARNING  | backend.scraper.news:fetch_rss:90 - RSS parse issue for 'Kamlesh Jangde': <urlopen error [Errno 11001] getaddrinfo failed>
2026-06-07 13:38:35.539 | INFO     | backend.pipeline.news_pipeline:run_all:314 -   Done: {'mp_name': 'Kamlesh Jangde', 'articles_fetched': 0, 'quotes_extracted': 0, 'statements_stored': 0, 'errors': []}
2026-06-07 13:38:37.540 | INFO     | backend.pipeline.news_pipeline:run_all:301 - Processing Shashi Tharoor
2026-06-07 13:38:37.563 | WARNING  | backend.scraper.news:fetch_rss:90 - RSS parse issue for 'Shashi Tharoor': <urlopen error [Errno 11001] getaddrinfo failed>
2026-06-07 13:38:37.563 | INFO     | backend.pipeline.news_pipeline:run_all:314 -   Done: {'mp_name': 'Shashi Tharoor', 'articles_fetched': 0, 'quotes_extracted': 0, 'statements_stored': 0, 'errors': []}
2026-06-07 13:38:39.567 | INFO     | backend.pipeline.news_pipeline:run_all:301 - Processing Amar Sharadrao Kale
2026-06-07 13:38:39.582 | WARNING  | backend.scraper.news:fetch_rss:90 - RSS parse issue for 'Amar Sharadrao Kale': <urlopen error [Errno 11001] getaddrinfo failed>
2026-06-07 13:38:39.582 | INFO     | backend.pipeline.news_pipeline:run_all:314 -   Done: {'mp_name': 'Amar Sharadrao Kale', 'articles_fetched': 0, 'quotes_extracted': 0, 'statements_stored': 0, 'errors': []}
2026-06-07 13:38:41.587 | INFO     | backend.pipeline.news_pipeline:run_all:301 - Processing Bapi Haldar
2026-06-07 13:38:41.601 | WARNING  | backend.scraper.news:fetch_rss:90 - RSS parse issue for 'Bapi Haldar': <urlopen error [Errno 11001] getaddrinfo failed>
2026-06-07 13:38:41.601 | INFO     | backend.pipeline.news_pipeline:run_all:314 -   Done: {'mp_name': 'Bapi Haldar', 'articles_fetched': 0, 'quotes_extracted': 0, 'statements_stored': 0, 'errors': []}
2026-06-07 13:38:43.605 | INFO     | backend.pipeline.news_pipeline:run_all:301 - Processing Kamlesh Paswan
2026-06-07 13:38:43.624 | WARNING  | backend.scraper.news:fetch_rss:90 - RSS parse issue for 'Kamlesh Paswan': <urlopen error [Errno 11001] getaddrinfo failed>
2026-06-07 13:38:43.624 | INFO     | backend.pipeline.news_pipeline:run_all:314 -   Done: {'mp_name': 'Kamlesh Paswan', 'articles_fetched': 0, 'quotes_extracted': 0, 'statements_stored': 0, 'errors': []}
2026-06-07 13:38:45.629 | INFO     | backend.pipeline.news_pipeline:run_all:301 - Processing Amar Singh
2026-06-07 13:38:45.648 | WARNING  | backend.scraper.news:fetch_rss:90 - RSS parse issue for 'Amar Singh': <urlopen error [Errno 11001] getaddrinfo failed>
2026-06-07 13:38:45.648 | INFO     | backend.pipeline.news_pipeline:run_all:314 -   Done: {'mp_name': 'Amar Singh', 'articles_fetched': 0, 'quotes_extracted': 0, 'statements_stored': 0, 'errors': []}
2026-06-07 13:38:47.654 | INFO     | backend.pipeline.news_pipeline:run_all:301 - Processing Basavaraj Bommai
2026-06-07 13:38:47.666 | WARNING  | backend.scraper.news:fetch_rss:90 - RSS parse issue for 'Basavaraj Bommai': <urlopen error [Errno 11001] getaddrinfo failed>
2026-06-07 13:38:47.666 | INFO     | backend.pipeline.news_pipeline:run_all:314 -   Done: {'mp_name': 'Basavaraj Bommai', 'articles_fetched': 0, 'quotes_extracted': 0, 'statements_stored': 0, 'errors': []}
2026-06-07 13:38:49.672 | INFO     | backend.pipeline.news_pipeline:run_all:301 - Processing Kangna Ranaut
2026-06-07 13:38:49.683 | WARNING  | backend.scraper.news:fetch_rss:90 - RSS parse issue for 'Kangna Ranaut': <urlopen error [Errno 11001] getaddrinfo failed>
2026-06-07 13:38:49.683 | INFO     | backend.pipeline.news_pipeline:run_all:314 -   Done: {'mp_name': 'Kangna Ranaut', 'articles_fetched': 0, 'quotes_extracted': 0, 'statements_stored': 0, 'errors': []}
2026-06-07 13:38:51.691 | INFO     | backend.pipeline.news_pipeline:run_all:301 - Processing Sher Singh Ghubaya
2026-06-07 13:38:51.708 | WARNING  | backend.scraper.news:fetch_rss:90 - RSS parse issue for 'Sher Singh Ghubaya': <urlopen error [Errno 11001] getaddrinfo failed>
2026-06-07 13:38:51.708 | INFO     | backend.pipeline.news_pipeline:run_all:314 -   Done: {'mp_name': 'Sher Singh Ghubaya', 'articles_fetched': 0, 'quotes_extracted': 0, 'statements_stored': 0, 'errors': []}
2026-06-07 13:38:53.714 | INFO     | backend.pipeline.news_pipeline:run_all:301 - Processing Amarsing Tisso
2026-06-07 13:38:53.727 | WARNING  | backend.scraper.news:fetch_rss:90 - RSS parse issue for 'Amarsing Tisso': <urlopen error [Errno 11001] getaddrinfo failed>
2026-06-07 13:38:53.732 | INFO     | backend.pipeline.news_pipeline:run_all:314 -   Done: {'mp_name': 'Amarsing Tisso', 'articles_fetched': 0, 'quotes_extracted': 0, 'statements_stored': 0, 'errors': []}
2026-06-07 13:38:55.733 | INFO     | backend.pipeline.news_pipeline:run_all:301 - Processing Kanimozhi Karunanidhi
2026-06-07 13:38:55.750 | WARNING  | backend.scraper.news:fetch_rss:90 - RSS parse issue for 'Kanimozhi Karunanidhi': <urlopen error [Errno 11001] getaddrinfo failed>
2026-06-07 13:38:55.750 | INFO     | backend.pipeline.news_pipeline:run_all:314 -   Done: {'mp_name': 'Kanimozhi Karunanidhi', 'articles_fetched': 0, 'quotes_extracted': 0, 'statements_stored': 0, 'errors': []}
2026-06-07 13:38:57.752 | INFO     | backend.pipeline.news_pipeline:run_all:301 - Processing Benny Behanan
2026-06-07 13:38:57.768 | WARNING  | backend.scraper.news:fetch_rss:90 - RSS parse issue for 'Benny Behanan': <urlopen error [Errno 11001] getaddrinfo failed>
2026-06-07 13:38:57.768 | INFO     | backend.pipeline.news_pipeline:run_all:314 -   Done: {'mp_name': 'Benny Behanan', 'articles_fetched': 0, 'quotes_extracted': 0, 'statements_stored': 0, 'errors': []}
2026-06-07 13:38:59.771 | INFO     | backend.pipeline.news_pipeline:run_all:301 - Processing Kanwar Singh Tanwar
2026-06-07 13:38:59.785 | WARNING  | backend.scraper.news:fetch_rss:90 - RSS parse issue for 'Kanwar Singh Tanwar': <urlopen error [Errno 11001] getaddrinfo failed>
2026-06-07 13:38:59.785 | INFO     | backend.pipeline.news_pipeline:run_all:314 -   Done: {'mp_name': 'Kanwar Singh Tanwar', 'articles_fetched': 0, 'quotes_extracted': 0, 'statements_stored': 0, 'errors': []}
2026-06-07 13:39:01.790 | INFO     | backend.pipeline.news_pipeline:run_all:301 - Processing Amol Ramsing Kolhe
2026-06-07 13:39:01.810 | WARNING  | backend.scraper.news:fetch_rss:90 - RSS parse issue for 'Amol Ramsing Kolhe': <urlopen error [Errno 11001] getaddrinfo failed>
2026-06-07 13:39:01.810 | INFO     | backend.pipeline.news_pipeline:run_all:314 -   Done: {'mp_name': 'Amol Ramsing Kolhe', 'articles_fetched': 0, 'quotes_extracted': 0, 'statements_stored': 0, 'errors': []}
2026-06-07 13:39:03.812 | INFO     | backend.pipeline.news_pipeline:run_all:301 - Processing Bhagirath Choudhary
2026-06-07 13:39:03.835 | WARNING  | backend.scraper.news:fetch_rss:90 - RSS parse issue for 'Bhagirath Choudhary': <urlopen error [Errno 11001] getaddrinfo failed>
2026-06-07 13:39:03.835 | INFO     | backend.pipeline.news_pipeline:run_all:314 -   Done: {'mp_name': 'Bhagirath Choudhary', 'articles_fetched': 0, 'quotes_extracted': 0, 'statements_stored': 0, 'errors': []}
2026-06-07 13:39:05.836 | INFO     | backend.pipeline.news_pipeline:run_all:301 - Processing Karan Bhushan Singh
2026-06-07 13:39:05.852 | WARNING  | backend.scraper.news:fetch_rss:90 - RSS parse issue for 'Karan Bhushan Singh': <urlopen error [Errno 11001] getaddrinfo failed>
2026-06-07 13:39:05.852 | INFO     | backend.pipeline.news_pipeline:run_all:314 -   Done: {'mp_name': 'Karan Bhushan Singh', 'articles_fetched': 0, 'quotes_extracted': 0, 'statements_stored': 0, 'errors': []}
2026-06-07 13:39:07.856 | INFO     | backend.pipeline.news_pipeline:run_all:301 - Processing Shivmangal Singh Tomar
2026-06-07 13:39:07.876 | WARNING  | backend.scraper.news:fetch_rss:90 - RSS parse issue for 'Shivmangal Singh Tomar': <urlopen error [Errno 11001] getaddrinfo failed>
2026-06-07 13:39:07.877 | INFO     | backend.pipeline.news_pipeline:run_all:314 -   Done: {'mp_name': 'Shivmangal Singh Tomar', 'articles_fetched': 0, 'quotes_extracted': 0, 'statements_stored': 0, 'errors': []}
2026-06-07 13:39:09.877 | INFO     | backend.pipeline.news_pipeline:run_all:301 - Processing Bhajan Lal Jatav
2026-06-07 13:39:09.895 | WARNING  | backend.scraper.news:fetch_rss:90 - RSS parse issue for 'Bhajan Lal Jatav': <urlopen error [Errno 11001] getaddrinfo failed>
2026-06-07 13:39:09.895 | INFO     | backend.pipeline.news_pipeline:run_all:314 -   Done: {'mp_name': 'Bhajan Lal Jatav', 'articles_fetched': 0, 'quotes_extracted': 0, 'statements_stored': 0, 'errors': []}
2026-06-07 13:39:11.898 | INFO     | backend.pipeline.news_pipeline:run_all:301 - Processing Karti P Chidambaram
2026-06-07 13:39:11.916 | WARNING  | backend.scraper.news:fetch_rss:90 - RSS parse issue for 'Karti P Chidambaram': <urlopen error [Errno 11001] getaddrinfo failed>
2026-06-07 13:39:11.916 | INFO     | backend.pipeline.news_pipeline:run_all:314 -   Done: {'mp_name': 'Karti P Chidambaram', 'articles_fetched': 0, 'quotes_extracted': 0, 'statements_stored': 0, 'errors': []}
2026-06-07 13:39:13.917 | INFO     | backend.pipeline.news_pipeline:run_all:301 - Processing Shivraj Singh Chouhan
2026-06-07 13:39:13.930 | WARNING  | backend.scraper.news:fetch_rss:90 - RSS parse issue for 'Shivraj Singh Chouhan': <urlopen error [Errno 11001] getaddrinfo failed>
2026-06-07 13:39:13.930 | INFO     | backend.pipeline.news_pipeline:run_all:314 -   Done: {'mp_name': 'Shivraj Singh Chouhan', 'articles_fetched': 0, 'quotes_extracted': 0, 'statements_stored': 0, 'errors': []}
2026-06-07 13:39:15.936 | INFO     | backend.pipeline.news_pipeline:run_all:301 - Processing Amrinder Singh Raja Warring
2026-06-07 13:39:15.955 | WARNING  | backend.scraper.news:fetch_rss:90 - RSS parse issue for 'Amrinder Singh Raja Warring': <urlopen error [Errno 11001] getaddrinfo failed>
2026-06-07 13:39:15.955 | INFO     | backend.pipeline.news_pipeline:run_all:314 -   Done: {'mp_name': 'Amrinder Singh Raja Warring', 'articles_fetched': 0, 'quotes_extracted': 0, 'statements_stored': 0, 'errors': []}
2026-06-07 13:39:17.956 | INFO     | backend.pipeline.news_pipeline:run_all:301 - Processing Bharat Singh Kushwah
2026-06-07 13:39:17.966 | WARNING  | backend.scraper.news:fetch_rss:90 - RSS parse issue for 'Bharat Singh Kushwah': <urlopen error [Errno 11001] getaddrinfo failed>
2026-06-07 13:39:17.966 | INFO     | backend.pipeline.news_pipeline:run_all:314 -   Done: {'mp_name': 'Bharat Singh Kushwah', 'articles_fetched': 0, 'quotes_extracted': 0, 'statements_stored': 0, 'errors': []}
2026-06-07 13:39:19.970 | INFO     | backend.pipeline.news_pipeline:run_all:301 - Processing Kartick Chandra Paul
2026-06-07 13:39:19.984 | WARNING  | backend.scraper.news:fetch_rss:90 - RSS parse issue for 'Kartick Chandra Paul': <urlopen error [Errno 11001] getaddrinfo failed>
2026-06-07 13:39:19.986 | INFO     | backend.pipeline.news_pipeline:run_all:314 -   Done: {'mp_name': 'Kartick Chandra Paul', 'articles_fetched': 0, 'quotes_extracted': 0, 'statements_stored': 0, 'errors': []}
2026-06-07 13:39:21.986 | INFO     | backend.pipeline.news_pipeline:run_all:301 - Processing Shobha Karandlaje
2026-06-07 13:39:21.995 | WARNING  | backend.scraper.news:fetch_rss:90 - RSS parse issue for 'Shobha Karandlaje': <urlopen error [Errno 11001] getaddrinfo failed>
2026-06-07 13:39:21.995 | INFO     | backend.pipeline.news_pipeline:run_all:314 -   Done: {'mp_name': 'Shobha Karandlaje', 'articles_fetched': 0, 'quotes_extracted': 0, 'statements_stored': 0, 'errors': []}
2026-06-07 13:39:23.999 | INFO     | backend.pipeline.news_pipeline:run_all:301 - Processing Amritpal Singh
2026-06-07 13:39:24.011 | WARNING  | backend.scraper.news:fetch_rss:90 - RSS parse issue for 'Amritpal Singh': <urlopen error [Errno 11001] getaddrinfo failed>
2026-06-07 13:39:24.012 | INFO     | backend.pipeline.news_pipeline:run_all:314 -   Done: {'mp_name': 'Amritpal Singh', 'articles_fetched': 0, 'quotes_extracted': 0, 'statements_stored': 0, 'errors': []}
2026-06-07 13:39:26.012 | INFO     | backend.pipeline.news_pipeline:run_all:301 - Processing Bharatbhai Manubhai Sutariya
2026-06-07 13:39:26.022 | WARNING  | backend.scraper.news:fetch_rss:90 - RSS parse issue for 'Bharatbhai Manubhai Sutariya': <urlopen error [Errno 11001] getaddrinfo failed>
2026-06-07 13:39:26.022 | INFO     | backend.pipeline.news_pipeline:run_all:314 -   Done: {'mp_name': 'Bharatbhai Manubhai Sutariya', 'articles_fetched': 0, 'quotes_extracted': 0, 'statements_stored': 0, 'errors': []}
2026-06-07 13:39:28.026 | INFO     | backend.pipeline.news_pipeline:run_all:301 - Processing Kaushalendra Kumar
2026-06-07 13:39:28.035 | WARNING  | backend.scraper.news:fetch_rss:90 - RSS parse issue for 'Kaushalendra Kumar': <urlopen error [Errno 11001] getaddrinfo failed>
2026-06-07 13:39:28.039 | INFO     | backend.pipeline.news_pipeline:run_all:314 -   Done: {'mp_name': 'Kaushalendra Kumar', 'articles_fetched': 0, 'quotes_extracted': 0, 'statements_stored': 0, 'errors': []}
2026-06-07 13:39:30.039 | INFO     | backend.pipeline.news_pipeline:run_all:301 - Processing Shobhanaben Mahendrasinh Baraiya
2026-06-07 13:39:30.050 | WARNING  | backend.scraper.news:fetch_rss:90 - RSS parse issue for 'Shobhanaben Mahendrasinh Baraiya': <urlopen error [Errno 11001] getaddrinfo failed>
2026-06-07 13:39:30.050 | INFO     | backend.pipeline.news_pipeline:run_all:314 -   Done: {'mp_name': 'Shobhanaben Mahendrasinh Baraiya', 'articles_fetched': 0, 'quotes_extracted': 0, 'statements_stored': 0, 'errors': []}
2026-06-07 13:39:32.052 | INFO     | backend.pipeline.news_pipeline:run_all:301 - Processing Shreyas M Patel
2026-06-07 13:39:32.061 | WARNING  | backend.scraper.news:fetch_rss:90 - RSS parse issue for 'Shreyas M Patel': <urlopen error [Errno 11001] getaddrinfo failed>
2026-06-07 13:39:32.061 | INFO     | backend.pipeline.news_pipeline:run_all:314 -   Done: {'mp_name': 'Shreyas M Patel', 'articles_fetched': 0, 'quotes_extracted': 0, 'statements_stored': 0, 'errors': []}
2026-06-07 13:39:34.067 | INFO     | backend.pipeline.news_pipeline:run_all:301 - Processing Anand Kumar
2026-06-07 13:39:34.078 | WARNING  | backend.scraper.news:fetch_rss:90 - RSS parse issue for 'Anand Kumar': <urlopen error [Errno 11001] getaddrinfo failed>
2026-06-07 13:39:34.078 | INFO     | backend.pipeline.news_pipeline:run_all:314 -   Done: {'mp_name': 'Anand Kumar', 'articles_fetched': 0, 'quotes_extracted': 0, 'statements_stored': 0, 'errors': []}
2026-06-07 13:39:36.079 | INFO     | backend.pipeline.news_pipeline:run_all:301 - Processing Bharti Pardhi
2026-06-07 13:39:36.090 | WARNING  | backend.scraper.news:fetch_rss:90 - RSS parse issue for 'Bharti Pardhi': <urlopen error [Errno 11001] getaddrinfo failed>
2026-06-07 13:39:36.090 | INFO     | backend.pipeline.news_pipeline:run_all:314 -   Done: {'mp_name': 'Bharti Pardhi', 'articles_fetched': 0, 'quotes_extracted': 0, 'statements_stored': 0, 'errors': []}
2026-06-07 13:39:38.091 | INFO     | backend.pipeline.news_pipeline:run_all:301 - Processing Khagen Murmu
2026-06-07 13:39:38.101 | WARNING  | backend.scraper.news:fetch_rss:90 - RSS parse issue for 'Khagen Murmu': <urlopen error [Errno 11001] getaddrinfo failed>
2026-06-07 13:39:38.102 | INFO     | backend.pipeline.news_pipeline:run_all:314 -   Done: {'mp_name': 'Khagen Murmu', 'articles_fetched': 0, 'quotes_extracted': 0, 'statements_stored': 0, 'errors': []}
2026-06-07 13:39:40.102 | INFO     | backend.pipeline.news_pipeline:run_all:301 - Processing Shrikant Eknath Shinde
2026-06-07 13:39:40.112 | WARNING  | backend.scraper.news:fetch_rss:90 - RSS parse issue for 'Shrikant Eknath Shinde': <urlopen error [Errno 11001] getaddrinfo failed>
2026-06-07 13:39:40.112 | INFO     | backend.pipeline.news_pipeline:run_all:314 -   Done: {'mp_name': 'Shrikant Eknath Shinde', 'articles_fetched': 0, 'quotes_extracted': 0, 'statements_stored': 0, 'errors': []}
2026-06-07 13:39:42.114 | INFO     | backend.pipeline.news_pipeline:run_all:301 - Processing Ananta Nayak
2026-06-07 13:39:42.122 | WARNING  | backend.scraper.news:fetch_rss:90 - RSS parse issue for 'Ananta Nayak': <urlopen error [Errno 11001] getaddrinfo failed>
2026-06-07 13:39:42.122 | INFO     | backend.pipeline.news_pipeline:run_all:314 -   Done: {'mp_name': 'Ananta Nayak', 'articles_fetched': 0, 'quotes_extracted': 0, 'statements_stored': 0, 'errors': []}
2026-06-07 13:39:44.126 | INFO     | backend.pipeline.news_pipeline:run_all:301 - Processing Bhartruhari Mahtab
2026-06-07 13:39:44.137 | WARNING  | backend.scraper.news:fetch_rss:90 - RSS parse issue for 'Bhartruhari Mahtab': <urlopen error [Errno 11001] getaddrinfo failed>
2026-06-07 13:39:44.137 | INFO     | backend.pipeline.news_pipeline:run_all:314 -   Done: {'mp_name': 'Bhartruhari Mahtab', 'articles_fetched': 0, 'quotes_extracted': 0, 'statements_stored': 0, 'errors': []}
2026-06-07 13:39:46.138 | INFO     | backend.pipeline.news_pipeline:run_all:301 - Processing Khalilur Rahaman
2026-06-07 13:39:46.153 | WARNING  | backend.scraper.news:fetch_rss:90 - RSS parse issue for 'Khalilur Rahaman': <urlopen error [Errno 11001] getaddrinfo failed>
2026-06-07 13:39:46.153 | INFO     | backend.pipeline.news_pipeline:run_all:314 -   Done: {'mp_name': 'Khalilur Rahaman', 'articles_fetched': 0, 'quotes_extracted': 0, 'statements_stored': 0, 'errors': []}
2026-06-07 13:39:48.154 | INFO     | backend.pipeline.news_pipeline:run_all:301 - Processing Shripad Yesso Naik
2026-06-07 13:39:48.161 | WARNING  | backend.scraper.news:fetch_rss:90 - RSS parse issue for 'Shripad Yesso Naik': <urlopen error [Errno 11001] getaddrinfo failed>
2026-06-07 13:39:48.167 | INFO     | backend.pipeline.news_pipeline:run_all:314 -   Done: {'mp_name': 'Shripad Yesso Naik', 'articles_fetched': 0, 'quotes_extracted': 0, 'statements_stored': 0, 'errors': []}
2026-06-07 13:39:50.168 | INFO     | backend.pipeline.news_pipeline:run_all:301 - Processing Angomcha Bimol Akoijam
2026-06-07 13:39:50.179 | WARNING  | backend.scraper.news:fetch_rss:90 - RSS parse issue for 'Angomcha Bimol Akoijam': <urlopen error [Errno 11001] getaddrinfo failed>
2026-06-07 13:39:50.179 | INFO     | backend.pipeline.news_pipeline:run_all:314 -   Done: {'mp_name': 'Angomcha Bimol Akoijam', 'articles_fetched': 0, 'quotes_extracted': 0, 'statements_stored': 0, 'errors': []}
2026-06-07 13:39:52.181 | INFO     | backend.pipeline.news_pipeline:run_all:301 - Processing Bhaskar Murlidhar Bhagare
2026-06-07 13:39:52.190 | WARNING  | backend.scraper.news:fetch_rss:90 - RSS parse issue for 'Bhaskar Murlidhar Bhagare': <urlopen error [Errno 11001] getaddrinfo failed>
2026-06-07 13:39:52.190 | INFO     | backend.pipeline.news_pipeline:run_all:314 -   Done: {'mp_name': 'Bhaskar Murlidhar Bhagare', 'articles_fetched': 0, 'quotes_extracted': 0, 'statements_stored': 0, 'errors': []}
2026-06-07 13:39:54.193 | INFO     | backend.pipeline.news_pipeline:run_all:301 - Processing Anil Baluni
2026-06-07 13:39:54.204 | WARNING  | backend.scraper.news:fetch_rss:90 - RSS parse issue for 'Anil Baluni': <urlopen error [Errno 11001] getaddrinfo failed>
2026-06-07 13:39:54.205 | INFO     | backend.pipeline.news_pipeline:run_all:314 -   Done: {'mp_name': 'Anil Baluni', 'articles_fetched': 0, 'quotes_extracted': 0, 'statements_stored': 0, 'errors': []}
2026-06-07 13:39:56.206 | INFO     | backend.pipeline.news_pipeline:run_all:301 - Processing Bhausaheb Rajaram Wakchaure
2026-06-07 13:39:56.218 | WARNING  | backend.scraper.news:fetch_rss:90 - RSS parse issue for 'Bhausaheb Rajaram Wakchaure': <urlopen error [Errno 11001] getaddrinfo failed>
2026-06-07 13:39:56.218 | INFO     | backend.pipeline.news_pipeline:run_all:314 -   Done: {'mp_name': 'Bhausaheb Rajaram Wakchaure', 'articles_fetched': 0, 'quotes_extracted': 0, 'statements_stored': 0, 'errors': []}
2026-06-07 13:39:58.220 | INFO     | backend.pipeline.news_pipeline:run_all:301 - Processing Kiren Rijiju
2026-06-07 13:39:58.234 | WARNING  | backend.scraper.news:fetch_rss:90 - RSS parse issue for 'Kiren Rijiju': <urlopen error [Errno 11001] getaddrinfo failed>
2026-06-07 13:39:58.234 | INFO     | backend.pipeline.news_pipeline:run_all:314 -   Done: {'mp_name': 'Kiren Rijiju', 'articles_fetched': 0, 'quotes_extracted': 0, 'statements_stored': 0, 'errors': []}
2026-06-07 13:40:00.235 | INFO     | backend.pipeline.news_pipeline:run_all:301 - Processing Bhojraj Nag
2026-06-07 13:40:18.075 | INFO     | backend.pipeline.news_pipeline:run_all:314 -   Done: {'mp_name': 'Bhojraj Nag', 'articles_fetched': 0, 'quotes_extracted': 0, 'statements_stored': 0, 'errors': []}
2026-06-07 13:40:20.077 | INFO     | backend.pipeline.news_pipeline:run_all:301 - Processing Dharamvira Gandhi
2026-06-07 13:41:48.080 | INFO     | backend.pipeline.news_pipeline:run_all:314 -   Done: {'mp_name': 'Dharamvira Gandhi', 'articles_fetched': 0, 'quotes_extracted': 0, 'statements_stored': 0, 'errors': []}
2026-06-07 13:41:50.082 | INFO     | backend.pipeline.news_pipeline:run_all:301 - Processing Kirti Vardhan Singh
2026-06-07 13:42:52.954 | INFO     | backend.pipeline.news_pipeline:run_all:314 -   Done: {'mp_name': 'Kirti Vardhan Singh', 'articles_fetched': 0, 'quotes_extracted': 0, 'statements_stored': 0, 'errors': []}
2026-06-07 13:42:54.955 | INFO     | backend.pipeline.news_pipeline:run_all:301 - Processing Mohibbullah
2026-06-07 13:43:59.894 | INFO     | backend.pipeline.news_pipeline:run_all:314 -   Done: {'mp_name': 'Mohibbullah', 'articles_fetched': 0, 'quotes_extracted': 0, 'statements_stored': 0, 'errors': []}
2026-06-07 13:44:01.895 | INFO     | backend.pipeline.news_pipeline:run_all:301 - Processing Praveen Patel
2026-06-07 13:44:08.125 | WARNING  | backend.agents.statement_agent:_call_llm:85 - Groq rate limit hit (llama-3.3-70b-versatile), falling back to Ollama: Error code: 429 - {'error': {'message': 'Rate limit reached for model `llama-3.3-70b-versatile` in organization `org_01k8z2tgj1ezjbwz5qv57a5s85` service tier `on_demand` on tokens per day (TPD): Limit 100000, Used 99353, Requested 1358. Please try again in 10m14.304s. Need more tokens? Upgrade to Dev Tier today at https://console.groq.com/settings/billing', 'type': 'tokens', 'code': 'rate_limit_exceeded'}}
2026-06-07 13:45:17.909 | INFO     | backend.pipeline.news_pipeline:run_all:314 -   Done: {'mp_name': 'Praveen Patel', 'articles_fetched': 1, 'quotes_extracted': 1, 'statements_stored': 0, 'errors': []}
2026-06-07 13:45:19.910 | INFO     | backend.pipeline.news_pipeline:run_all:301 - Processing Sk Nurul Islam
2026-06-07 13:45:39.074 | INFO     | backend.pipeline.news_pipeline:run_all:314 -   Done: {'mp_name': 'Sk Nurul Islam', 'articles_fetched': 0, 'quotes_extracted': 0, 'statements_stored': 0, 'errors': []}
2026-06-07 13:45:41.075 | INFO     | backend.pipeline.news_pipeline:run_all:301 - Processing Bhola Singh
2026-06-07 13:46:42.063 | INFO     | backend.pipeline.news_pipeline:run_all:314 -   Done: {'mp_name': 'Bhola Singh', 'articles_fetched': 0, 'quotes_extracted': 0, 'statements_stored': 0, 'errors': []}
2026-06-07 13:46:44.064 | INFO     | backend.pipeline.news_pipeline:run_all:301 - Processing Dharmendra Pradhan
2026-06-07 13:48:28.549 | INFO     | backend.pipeline.news_pipeline:run_all:314 -   Done: {'mp_name': 'Dharmendra Pradhan', 'articles_fetched': 0, 'quotes_extracted': 0, 'statements_stored': 0, 'errors': []}
2026-06-07 13:48:30.551 | INFO     | backend.pipeline.news_pipeline:run_all:301 - Processing Kishori Lal
2026-06-07 13:48:36.964 | WARNING  | backend.agents.statement_agent:_call_llm:85 - Groq rate limit hit (llama-3.3-70b-versatile), falling back to Ollama: Error code: 429 - {'error': {'message': 'Rate limit reached for model `llama-3.3-70b-versatile` in organization `org_01k8z2tgj1ezjbwz5qv57a5s85` service tier `on_demand` on tokens per day (TPD): Limit 100000, Used 99042, Requested 1365. Please try again in 5m51.647999999s. Need more tokens? Upgrade to Dev Tier today at https://console.groq.com/settings/billing', 'type': 'tokens', 'code': 'rate_limit_exceeded'}}
2026-06-07 13:48:41.594 | WARNING  | backend.agents.statement_agent:_call_llm:85 - Groq rate limit hit (llama-3.3-70b-versatile), falling back to Ollama: Error code: 429 - {'error': {'message': 'Rate limit reached for model `llama-3.3-70b-versatile` in organization `org_01k8z2tgj1ezjbwz5qv57a5s85` service tier `on_demand` on tokens per day (TPD): Limit 100000, Used 99036, Requested 1353. Please try again in 5m36.096s. Need more tokens? Upgrade to Dev Tier today at https://console.groq.com/settings/billing', 'type': 'tokens', 'code': 'rate_limit_exceeded'}}
2026-06-07 13:48:45.901 | WARNING  | backend.agents.statement_agent:_call_llm:85 - Groq rate limit hit (llama-3.3-70b-versatile), falling back to Ollama: Error code: 429 - {'error': {'message': 'Rate limit reached for model `llama-3.3-70b-versatile` in organization `org_01k8z2tgj1ezjbwz5qv57a5s85` service tier `on_demand` on tokens per day (TPD): Limit 100000, Used 99031, Requested 1348. Please try again in 5m27.456s. Need more tokens? Upgrade to Dev Tier today at https://console.groq.com/settings/billing', 'type': 'tokens', 'code': 'rate_limit_exceeded'}}
2026-06-07 13:48:50.473 | WARNING  | backend.agents.statement_agent:_call_llm:85 - Groq rate limit hit (llama-3.3-70b-versatile), falling back to Ollama: Error code: 429 - {'error': {'message': 'Rate limit reached for model `llama-3.3-70b-versatile` in organization `org_01k8z2tgj1ezjbwz5qv57a5s85` service tier `on_demand` on tokens per day (TPD): Limit 100000, Used 99026, Requested 1345. Please try again in 5m20.544s. Need more tokens? Upgrade to Dev Tier today at https://console.groq.com/settings/billing', 'type': 'tokens', 'code': 'rate_limit_exceeded'}}
2026-06-07 13:49:01.215 | WARNING  | backend.agents.statement_agent:_call_llm:85 - Groq rate limit hit (llama-3.3-70b-versatile), falling back to Ollama: Error code: 429 - {'error': {'message': 'Rate limit reached for model `llama-3.3-70b-versatile` in organization `org_01k8z2tgj1ezjbwz5qv57a5s85` service tier `on_demand` on tokens per day (TPD): Limit 100000, Used 99014, Requested 1364. Please try again in 5m26.592s. Need more tokens? Upgrade to Dev Tier today at https://console.groq.com/settings/billing', 'type': 'tokens', 'code': 'rate_limit_exceeded'}}
2026-06-07 13:50:12.232 | WARNING  | backend.agents.statement_agent:_call_llm:85 - Groq rate limit hit (llama-3.3-70b-versatile), falling back to Ollama: Error code: 429 - {'error': {'message': 'Rate limit reached for model `llama-3.3-70b-versatile` in organization `org_01k8z2tgj1ezjbwz5qv57a5s85` service tier `on_demand` on tokens per day (TPD): Limit 100000, Used 98931, Requested 1361. Please try again in 4m12.287999999s. Need more tokens? Upgrade to Dev Tier today at https://console.groq.com/settings/billing', 'type': 'tokens', 'code': 'rate_limit_exceeded'}}
2026-06-07 13:50:16.725 | WARNING  | backend.agents.statement_agent:_call_llm:85 - Groq rate limit hit (llama-3.3-70b-versatile), falling back to Ollama: Error code: 429 - {'error': {'message': 'Rate limit reached for model `llama-3.3-70b-versatile` in organization `org_01k8z2tgj1ezjbwz5qv57a5s85` service tier `on_demand` on tokens per day (TPD): Limit 100000, Used 98926, Requested 1359. Please try again in 4m6.24s. Need more tokens? Upgrade to Dev Tier today at https://console.groq.com/settings/billing', 'type': 'tokens', 'code': 'rate_limit_exceeded'}}
2026-06-07 13:50:21.127 | WARNING  | backend.agents.statement_agent:_call_llm:85 - Groq rate limit hit (llama-3.3-70b-versatile), falling back to Ollama: Error code: 429 - {'error': {'message': 'Rate limit reached for model `llama-3.3-70b-versatile` in organization `org_01k8z2tgj1ezjbwz5qv57a5s85` service tier `on_demand` on tokens per day (TPD): Limit 100000, Used 98921, Requested 1362. Please try again in 4m4.512s. Need more tokens? Upgrade to Dev Tier today at https://console.groq.com/settings/billing', 'type': 'tokens', 'code': 'rate_limit_exceeded'}}
2026-06-07 13:50:25.637 | WARNING  | backend.agents.statement_agent:_call_llm:85 - Groq rate limit hit (llama-3.3-70b-versatile), falling back to Ollama: Error code: 429 - {'error': {'message': 'Rate limit reached for model `llama-3.3-70b-versatile` in organization `org_01k8z2tgj1ezjbwz5qv57a5s85` service tier `on_demand` on tokens per day (TPD): Limit 100000, Used 98916, Requested 1360. Please try again in 3m58.464s. Need more tokens? Upgrade to Dev Tier today at https://console.groq.com/settings/billing', 'type': 'tokens', 'code': 'rate_limit_exceeded'}}
2026-06-07 13:50:30.180 | WARNING  | backend.agents.statement_agent:_call_llm:85 - Groq rate limit hit (llama-3.3-70b-versatile), falling back to Ollama: Error code: 429 - {'error': {'message': 'Rate limit reached for model `llama-3.3-70b-versatile` in organization `org_01k8z2tgj1ezjbwz5qv57a5s85` service tier `on_demand` on tokens per day (TPD): Limit 100000, Used 98911, Requested 1361. Please try again in 3m55.008s. Need more tokens? Upgrade to Dev Tier today at https://console.groq.com/settings/billing', 'type': 'tokens', 'code': 'rate_limit_exceeded'}}
2026-06-07 13:50:34.604 | WARNING  | backend.agents.statement_agent:_call_llm:85 - Groq rate limit hit (llama-3.3-70b-versatile), falling back to Ollama: Error code: 429 - {'error': {'message': 'Rate limit reached for model `llama-3.3-70b-versatile` in organization `org_01k8z2tgj1ezjbwz5qv57a5s85` service tier `on_demand` on tokens per day (TPD): Limit 100000, Used 98905, Requested 1365. Please try again in 3m53.28s. Need more tokens? Upgrade to Dev Tier today at https://console.groq.com/settings/billing', 'type': 'tokens', 'code': 'rate_limit_exceeded'}}
2026-06-07 13:51:02.388 | INFO     | backend.pipeline.news_pipeline:run_all:314 -   Done: {'mp_name': 'Kishori Lal', 'articles_fetched': 3, 'quotes_extracted': 11, 'statements_stored': 0, 'errors': []}
2026-06-07 13:51:04.389 | INFO     | backend.pipeline.news_pipeline:run_all:301 - Processing Mohite Patil Dhairyasheel Rajsinh
2026-06-07 13:51:16.146 | INFO     | backend.pipeline.news_pipeline:run_all:314 -   Done: {'mp_name': 'Mohite Patil Dhairyasheel Rajsinh', 'articles_fetched': 0, 'quotes_extracted': 0, 'statements_stored': 0, 'errors': []}
2026-06-07 13:51:18.147 | INFO     | backend.pipeline.news_pipeline:run_all:301 - Processing Priya Saroj
2026-06-07 13:51:23.380 | WARNING  | backend.agents.statement_agent:_call_llm:85 - Groq rate limit hit (llama-3.3-70b-versatile), falling back to Ollama: Error code: 429 - {'error': {'message': 'Rate limit reached for model `llama-3.3-70b-versatile` in organization `org_01k8z2tgj1ezjbwz5qv57a5s85` service tier `on_demand` on tokens per day (TPD): Limit 100000, Used 98849, Requested 1366. Please try again in 3m5.76s. Need more tokens? Upgrade to Dev Tier today at https://console.groq.com/settings/billing', 'type': 'tokens', 'code': 'rate_limit_exceeded'}}
2026-06-07 13:53:33.200 | INFO     | backend.pipeline.news_pipeline:run_all:314 -   Done: {'mp_name': 'Priya Saroj', 'articles_fetched': 1, 'quotes_extracted': 1, 'statements_stored': 0, 'errors': []}
2026-06-07 13:53:35.201 | INFO     | backend.pipeline.news_pipeline:run_all:301 - Processing Smita Uday Wagh
2026-06-07 13:53:53.078 | INFO     | backend.pipeline.news_pipeline:run_all:314 -   Done: {'mp_name': 'Smita Uday Wagh', 'articles_fetched': 0, 'quotes_extracted': 0, 'statements_stored': 0, 'errors': []}
2026-06-07 13:53:55.079 | INFO     | backend.pipeline.news_pipeline:run_all:301 - Processing Vivek Thakur
2026-06-07 13:55:20.256 | INFO     | backend.pipeline.news_pipeline:run_all:314 -   Done: {'mp_name': 'Vivek Thakur', 'articles_fetched': 1, 'quotes_extracted': 0, 'statements_stored': 0, 'errors': []}
2026-06-07 13:55:22.257 | INFO     | backend.pipeline.news_pipeline:run_all:301 - Processing Bhumare Sandipanrao Asaram
2026-06-07 13:55:44.727 | INFO     | backend.pipeline.news_pipeline:run_all:314 -   Done: {'mp_name': 'Bhumare Sandipanrao Asaram', 'articles_fetched': 0, 'quotes_extracted': 0, 'statements_stored': 0, 'errors': []}
2026-06-07 13:55:46.728 | INFO     | backend.pipeline.news_pipeline:run_all:301 - Processing Dharmendra Yadav
2026-06-07 13:56:48.919 | INFO     | backend.pipeline.news_pipeline:run_all:314 -   Done: {'mp_name': 'Dharmendra Yadav', 'articles_fetched': 0, 'quotes_extracted': 0, 'statements_stored': 0, 'errors': []}
2026-06-07 13:56:50.921 | INFO     | backend.pipeline.news_pipeline:run_all:301 - Processing Mohmad Haneefa
2026-06-07 13:57:12.890 | INFO     | backend.pipeline.news_pipeline:run_all:314 -   Done: {'mp_name': 'Mohmad Haneefa', 'articles_fetched': 0, 'quotes_extracted': 0, 'statements_stored': 0, 'errors': []}
2026-06-07 13:57:14.891 | INFO     | backend.pipeline.news_pipeline:run_all:301 - Processing Priyanka Gandhi Vadra
2026-06-07 13:59:54.289 | DEBUG    | backend.scraper.news:resolve_article_url:115 - gnewsdecoder returned no URL for '‘Hold Parliament on Monday, bring old bill, let's see who is'
2026-06-07 13:59:54.289 | DEBUG    | backend.pipeline.news_pipeline:run_for_mp:169 - No URL resolved for '‘Hold Parliament on Monday, bring old bill, let's see who is'
2026-06-07 14:00:05.343 | DEBUG    | backend.scraper.news:resolve_article_url:115 - gnewsdecoder returned no URL for 'Stopping Exodus, Finalising Allies: Priyanka Gandhi's Key Ch'
2026-06-07 14:00:05.343 | DEBUG    | backend.pipeline.news_pipeline:run_for_mp:169 - No URL resolved for 'Stopping Exodus, Finalising Allies: Priyanka Gandhi's Key Ch'
2026-06-07 14:00:05.345 | DEBUG    | backend.scraper.news:resolve_article_url:115 - gnewsdecoder returned no URL for 'Tea from the tea party: How Modi & Priyanka bonded, and the '
2026-06-07 14:00:05.345 | DEBUG    | backend.pipeline.news_pipeline:run_for_mp:169 - No URL resolved for 'Tea from the tea party: How Modi & Priyanka bonded, and the '
2026-06-07 14:00:05.349 | DEBUG    | backend.scraper.news:resolve_article_url:115 - gnewsdecoder returned no URL for '‘Conspiracy defeated’: Priyanka Gandhi calls women’s bill fa'
2026-06-07 14:00:05.349 | DEBUG    | backend.pipeline.news_pipeline:run_for_mp:169 - No URL resolved for '‘Conspiracy defeated’: Priyanka Gandhi calls women’s bill fa'
2026-06-07 14:00:05.349 | INFO     | backend.pipeline.news_pipeline:run_all:314 -   Done: {'mp_name': 'Priyanka Gandhi Vadra', 'articles_fetched': 0, 'quotes_extracted': 0, 'statements_stored': 0, 'errors': []}
2026-06-07 14:00:07.352 | INFO     | backend.pipeline.news_pipeline:run_all:301 - Processing Sougata Ray
2026-06-07 14:00:07.366 | WARNING  | backend.scraper.news:fetch_rss:90 - RSS parse issue for 'Sougata Ray': <urlopen error [Errno 11001] getaddrinfo failed>
2026-06-07 14:00:07.366 | INFO     | backend.pipeline.news_pipeline:run_all:314 -   Done: {'mp_name': 'Sougata Ray', 'articles_fetched': 0, 'quotes_extracted': 0, 'statements_stored': 0, 'errors': []}
2026-06-07 14:00:09.367 | INFO     | backend.pipeline.news_pipeline:run_all:301 - Processing Y S Avinash Reddy
2026-06-07 14:00:09.378 | WARNING  | backend.scraper.news:fetch_rss:90 - RSS parse issue for 'Y S Avinash Reddy': <urlopen error [Errno 11001] getaddrinfo failed>
2026-06-07 14:00:09.378 | INFO     | backend.pipeline.news_pipeline:run_all:314 -   Done: {'mp_name': 'Y S Avinash Reddy', 'articles_fetched': 0, 'quotes_extracted': 0, 'statements_stored': 0, 'errors': []}
2026-06-07 14:00:11.379 | INFO     | backend.pipeline.news_pipeline:run_all:301 - Processing Dhaval Laxmanbhai Patel
2026-06-07 14:00:11.384 | WARNING  | backend.scraper.news:fetch_rss:90 - RSS parse issue for 'Dhaval Laxmanbhai Patel': <urlopen error [Errno 11001] getaddrinfo failed>
2026-06-07 14:00:11.384 | INFO     | backend.pipeline.news_pipeline:run_all:314 -   Done: {'mp_name': 'Dhaval Laxmanbhai Patel', 'articles_fetched': 0, 'quotes_extracted': 0, 'statements_stored': 0, 'errors': []}
2026-06-07 14:00:13.390 | INFO     | backend.pipeline.news_pipeline:run_all:301 - Processing Konda Vishweshwar Reddy
2026-06-07 14:00:13.399 | WARNING  | backend.scraper.news:fetch_rss:90 - RSS parse issue for 'Konda Vishweshwar Reddy': <urlopen error [Errno 11001] getaddrinfo failed>
2026-06-07 14:00:13.399 | INFO     | backend.pipeline.news_pipeline:run_all:314 -   Done: {'mp_name': 'Konda Vishweshwar Reddy', 'articles_fetched': 0, 'quotes_extracted': 0, 'statements_stored': 0, 'errors': []}
2026-06-07 14:00:15.403 | INFO     | backend.pipeline.news_pipeline:run_all:301 - Processing Priyanka Satish Jarkiholi
2026-06-07 14:00:15.403 | WARNING  | backend.scraper.news:fetch_rss:90 - RSS parse issue for 'Priyanka Satish Jarkiholi': <urlopen error [Errno 11001] getaddrinfo failed>
2026-06-07 14:00:15.412 | INFO     | backend.pipeline.news_pipeline:run_all:314 -   Done: {'mp_name': 'Priyanka Satish Jarkiholi', 'articles_fetched': 0, 'quotes_extracted': 0, 'statements_stored': 0, 'errors': []}
2026-06-07 14:00:17.413 | INFO     | backend.pipeline.news_pipeline:run_all:301 - Processing Bhupender Yadav
2026-06-07 14:00:17.415 | WARNING  | backend.scraper.news:fetch_rss:90 - RSS parse issue for 'Bhupender Yadav': <urlopen error [Errno 11001] getaddrinfo failed>
2026-06-07 14:00:17.415 | INFO     | backend.pipeline.news_pipeline:run_all:314 -   Done: {'mp_name': 'Bhupender Yadav', 'articles_fetched': 0, 'quotes_extracted': 0, 'statements_stored': 0, 'errors': []}
2026-06-07 14:00:19.426 | INFO     | backend.pipeline.news_pipeline:run_all:301 - Processing Dileshwar Kamait
2026-06-07 14:00:19.437 | WARNING  | backend.scraper.news:fetch_rss:90 - RSS parse issue for 'Dileshwar Kamait': <urlopen error [Errno 11001] getaddrinfo failed>
2026-06-07 14:00:19.437 | INFO     | backend.pipeline.news_pipeline:run_all:314 -   Done: {'mp_name': 'Dileshwar Kamait', 'articles_fetched': 0, 'quotes_extracted': 0, 'statements_stored': 0, 'errors': []}
2026-06-07 14:00:21.438 | INFO     | backend.pipeline.news_pipeline:run_all:301 - Processing Mukesh Rajput
2026-06-07 14:00:21.449 | WARNING  | backend.scraper.news:fetch_rss:90 - RSS parse issue for 'Mukesh Rajput': <urlopen error [Errno 11001] getaddrinfo failed>
2026-06-07 14:00:21.449 | INFO     | backend.pipeline.news_pipeline:run_all:314 -   Done: {'mp_name': 'Mukesh Rajput', 'articles_fetched': 0, 'quotes_extracted': 0, 'statements_stored': 0, 'errors': []}
2026-06-07 14:00:23.453 | INFO     | backend.pipeline.news_pipeline:run_all:301 - Processing Pushpendra Saroj
2026-06-07 14:00:23.460 | WARNING  | backend.scraper.news:fetch_rss:90 - RSS parse issue for 'Pushpendra Saroj': <urlopen error [Errno 11001] getaddrinfo failed>
2026-06-07 14:00:23.460 | INFO     | backend.pipeline.news_pipeline:run_all:314 -   Done: {'mp_name': 'Pushpendra Saroj', 'articles_fetched': 0, 'quotes_extracted': 0, 'statements_stored': 0, 'errors': []}
2026-06-07 14:00:25.466 | INFO     | backend.pipeline.news_pipeline:run_all:301 - Processing Bibhu Prasad Tarai
2026-06-07 14:00:25.478 | WARNING  | backend.scraper.news:fetch_rss:90 - RSS parse issue for 'Bibhu Prasad Tarai': <urlopen error [Errno 11001] getaddrinfo failed>
2026-06-07 14:00:25.478 | INFO     | backend.pipeline.news_pipeline:run_all:314 -   Done: {'mp_name': 'Bibhu Prasad Tarai', 'articles_fetched': 0, 'quotes_extracted': 0, 'statements_stored': 0, 'errors': []}
2026-06-07 14:00:27.483 | INFO     | backend.pipeline.news_pipeline:run_all:301 - Processing Dilip Saikia
2026-06-07 14:00:27.497 | WARNING  | backend.scraper.news:fetch_rss:90 - RSS parse issue for 'Dilip Saikia': <urlopen error [Errno 11001] getaddrinfo failed>
2026-06-07 14:00:27.497 | INFO     | backend.pipeline.news_pipeline:run_all:314 -   Done: {'mp_name': 'Dilip Saikia', 'articles_fetched': 0, 'quotes_extracted': 0, 'statements_stored': 0, 'errors': []}
2026-06-07 14:00:29.500 | INFO     | backend.pipeline.news_pipeline:run_all:301 - Processing Kripanath Mallah
2026-06-07 14:00:29.515 | WARNING  | backend.scraper.news:fetch_rss:90 - RSS parse issue for 'Kripanath Mallah': <urlopen error [Errno 11001] getaddrinfo failed>
2026-06-07 14:00:29.515 | INFO     | backend.pipeline.news_pipeline:run_all:314 -   Done: {'mp_name': 'Kripanath Mallah', 'articles_fetched': 0, 'quotes_extracted': 0, 'statements_stored': 0, 'errors': []}
2026-06-07 14:00:31.517 | INFO     | backend.pipeline.news_pipeline:run_all:301 - Processing Mukeshkumar Chandrakaant Dalal
2026-06-07 14:00:31.532 | WARNING  | backend.scraper.news:fetch_rss:90 - RSS parse issue for 'Mukeshkumar Chandrakaant Dalal': <urlopen error [Errno 11001] getaddrinfo failed>
2026-06-07 14:00:31.532 | INFO     | backend.pipeline.news_pipeline:run_all:314 -   Done: {'mp_name': 'Mukeshkumar Chandrakaant Dalal', 'articles_fetched': 0, 'quotes_extracted': 0, 'statements_stored': 0, 'errors': []}
2026-06-07 14:00:33.538 | INFO     | backend.pipeline.news_pipeline:run_all:301 - Processing Putta Mahesh Kumar
2026-06-07 14:00:33.549 | WARNING  | backend.scraper.news:fetch_rss:90 - RSS parse issue for 'Putta Mahesh Kumar': <urlopen error [Errno 11001] getaddrinfo failed>
2026-06-07 14:00:33.549 | INFO     | backend.pipeline.news_pipeline:run_all:314 -   Done: {'mp_name': 'Putta Mahesh Kumar', 'articles_fetched': 0, 'quotes_extracted': 0, 'statements_stored': 0, 'errors': []}
2026-06-07 14:00:35.552 | INFO     | backend.pipeline.news_pipeline:run_all:301 - Processing Sudama Prasad
2026-06-07 14:00:35.560 | WARNING  | backend.scraper.news:fetch_rss:90 - RSS parse issue for 'Sudama Prasad': <urlopen error [Errno 11001] getaddrinfo failed>
2026-06-07 14:00:35.562 | INFO     | backend.pipeline.news_pipeline:run_all:314 -   Done: {'mp_name': 'Sudama Prasad', 'articles_fetched': 0, 'quotes_extracted': 0, 'statements_stored': 0, 'errors': []}
2026-06-07 14:00:37.563 | INFO     | backend.pipeline.news_pipeline:run_all:301 - Processing Zia Ur Rehman
2026-06-07 14:00:37.571 | WARNING  | backend.scraper.news:fetch_rss:90 - RSS parse issue for 'Zia Ur Rehman': <urlopen error [Errno 11001] getaddrinfo failed>
2026-06-07 14:00:37.571 | INFO     | backend.pipeline.news_pipeline:run_all:314 -   Done: {'mp_name': 'Zia Ur Rehman', 'articles_fetched': 0, 'quotes_extracted': 0, 'statements_stored': 0, 'errors': []}
2026-06-07 14:00:39.574 | INFO     | backend.pipeline.news_pipeline:run_all:301 - Processing Bidyut Baran Mahato
2026-06-07 14:00:39.584 | WARNING  | backend.scraper.news:fetch_rss:90 - RSS parse issue for 'Bidyut Baran Mahato': <urlopen error [Errno 11001] getaddrinfo failed>
2026-06-07 14:00:39.585 | INFO     | backend.pipeline.news_pipeline:run_all:314 -   Done: {'mp_name': 'Bidyut Baran Mahato', 'articles_fetched': 0, 'quotes_extracted': 0, 'statements_stored': 0, 'errors': []}
2026-06-07 14:00:41.585 | INFO     | backend.pipeline.news_pipeline:run_all:301 - Processing Dimple Yadav
2026-06-07 14:00:41.592 | WARNING  | backend.scraper.news:fetch_rss:90 - RSS parse issue for 'Dimple Yadav': <urlopen error [Errno 11001] getaddrinfo failed>
2026-06-07 14:00:41.592 | INFO     | backend.pipeline.news_pipeline:run_all:314 -   Done: {'mp_name': 'Dimple Yadav', 'articles_fetched': 0, 'quotes_extracted': 0, 'statements_stored': 0, 'errors': []}
2026-06-07 14:00:43.597 | INFO     | backend.pipeline.news_pipeline:run_all:301 - Processing Murari Lal Meena
2026-06-07 14:00:43.597 | WARNING  | backend.scraper.news:fetch_rss:90 - RSS parse issue for 'Murari Lal Meena': <urlopen error [Errno 11001] getaddrinfo failed>
2026-06-07 14:00:43.597 | INFO     | backend.pipeline.news_pipeline:run_all:314 -   Done: {'mp_name': 'Murari Lal Meena', 'articles_fetched': 0, 'quotes_extracted': 0, 'statements_stored': 0, 'errors': []}
2026-06-07 14:00:45.612 | INFO     | backend.pipeline.news_pipeline:run_all:301 - Processing R K Chaudhary
2026-06-07 14:00:45.612 | WARNING  | backend.scraper.news:fetch_rss:90 - RSS parse issue for 'R K Chaudhary': <urlopen error [Errno 11001] getaddrinfo failed>
2026-06-07 14:00:45.612 | INFO     | backend.pipeline.news_pipeline:run_all:314 -   Done: {'mp_name': 'R K Chaudhary', 'articles_fetched': 0, 'quotes_extracted': 0, 'statements_stored': 0, 'errors': []}
2026-06-07 14:00:47.624 | INFO     | backend.pipeline.news_pipeline:run_all:301 - Processing Sudha R
2026-06-07 14:00:47.628 | WARNING  | backend.scraper.news:fetch_rss:90 - RSS parse issue for 'Sudha R': <urlopen error [Errno 11001] getaddrinfo failed>
2026-06-07 14:00:47.628 | INFO     | backend.pipeline.news_pipeline:run_all:314 -   Done: {'mp_name': 'Sudha R', 'articles_fetched': 0, 'quotes_extracted': 0, 'statements_stored': 0, 'errors': []}
2026-06-07 14:00:49.636 | INFO     | backend.pipeline.news_pipeline:run_all:301 - Processing Bijuli Kalita Medhi
2026-06-07 14:00:49.706 | WARNING  | backend.scraper.news:fetch_rss:90 - RSS parse issue for 'Bijuli Kalita Medhi': <urlopen error [Errno 11001] getaddrinfo failed>
2026-06-07 14:00:49.706 | INFO     | backend.pipeline.news_pipeline:run_all:314 -   Done: {'mp_name': 'Bijuli Kalita Medhi', 'articles_fetched': 0, 'quotes_extracted': 0, 'statements_stored': 0, 'errors': []}
2026-06-07 14:00:51.706 | INFO     | backend.pipeline.news_pipeline:run_all:301 - Processing Dinesh Chandra Yadav
2026-06-07 14:00:51.712 | WARNING  | backend.scraper.news:fetch_rss:90 - RSS parse issue for 'Dinesh Chandra Yadav': <urlopen error [Errno 11001] getaddrinfo failed>
2026-06-07 14:00:51.712 | INFO     | backend.pipeline.news_pipeline:run_all:314 -   Done: {'mp_name': 'Dinesh Chandra Yadav', 'articles_fetched': 0, 'quotes_extracted': 0, 'statements_stored': 0, 'errors': []}
2026-06-07 14:00:53.718 | INFO     | backend.pipeline.news_pipeline:run_all:301 - Processing Murasoli S
2026-06-07 14:00:53.725 | WARNING  | backend.scraper.news:fetch_rss:90 - RSS parse issue for 'Murasoli S': <urlopen error [Errno 11001] getaddrinfo failed>
2026-06-07 14:00:53.725 | INFO     | backend.pipeline.news_pipeline:run_all:314 -   Done: {'mp_name': 'Murasoli S', 'articles_fetched': 0, 'quotes_extracted': 0, 'statements_stored': 0, 'errors': []}
2026-06-07 14:00:55.730 | INFO     | backend.pipeline.news_pipeline:run_all:301 - Processing Rabindra Narayan Behera
2026-06-07 14:00:55.730 | WARNING  | backend.scraper.news:fetch_rss:90 - RSS parse issue for 'Rabindra Narayan Behera': <urlopen error [Errno 11001] getaddrinfo failed>
2026-06-07 14:00:55.730 | INFO     | backend.pipeline.news_pipeline:run_all:314 -   Done: {'mp_name': 'Rabindra Narayan Behera', 'articles_fetched': 0, 'quotes_extracted': 0, 'statements_stored': 0, 'errors': []}
2026-06-07 14:00:57.742 | INFO     | backend.pipeline.news_pipeline:run_all:301 - Processing Sudhakar Singh
2026-06-07 14:00:57.752 | WARNING  | backend.scraper.news:fetch_rss:90 - RSS parse issue for 'Sudhakar Singh': <urlopen error [Errno 11001] getaddrinfo failed>
2026-06-07 14:00:57.752 | INFO     | backend.pipeline.news_pipeline:run_all:314 -   Done: {'mp_name': 'Sudhakar Singh', 'articles_fetched': 0, 'quotes_extracted': 0, 'statements_stored': 0, 'errors': []}
2026-06-07 14:00:59.752 | INFO     | backend.pipeline.news_pipeline:run_all:301 - Processing Biplab Kumar Deb
2026-06-07 14:00:59.764 | WARNING  | backend.scraper.news:fetch_rss:90 - RSS parse issue for 'Biplab Kumar Deb': <urlopen error [Errno 11001] getaddrinfo failed>
2026-06-07 14:00:59.764 | INFO     | backend.pipeline.news_pipeline:run_all:314 -   Done: {'mp_name': 'Biplab Kumar Deb', 'articles_fetched': 0, 'quotes_extracted': 0, 'statements_stored': 0, 'errors': []}
2026-06-07 14:01:01.765 | INFO     | backend.pipeline.news_pipeline:run_all:301 - Processing Dineshbhai Makwana
2026-06-07 14:01:01.765 | WARNING  | backend.scraper.news:fetch_rss:90 - RSS parse issue for 'Dineshbhai Makwana': <urlopen error [Errno 11001] getaddrinfo failed>
2026-06-07 14:01:01.765 | INFO     | backend.pipeline.news_pipeline:run_all:314 -   Done: {'mp_name': 'Dineshbhai Makwana', 'articles_fetched': 0, 'quotes_extracted': 0, 'statements_stored': 0, 'errors': []}
2026-06-07 14:01:03.775 | INFO     | backend.pipeline.news_pipeline:run_all:301 - Processing Krishna Prasad Tenneti
2026-06-07 14:01:03.788 | WARNING  | backend.scraper.news:fetch_rss:90 - RSS parse issue for 'Krishna Prasad Tenneti': <urlopen error [Errno 11001] getaddrinfo failed>
2026-06-07 14:01:03.789 | INFO     | backend.pipeline.news_pipeline:run_all:314 -   Done: {'mp_name': 'Krishna Prasad Tenneti', 'articles_fetched': 0, 'quotes_extracted': 0, 'statements_stored': 0, 'errors': []}
2026-06-07 14:01:05.790 | INFO     | backend.pipeline.news_pipeline:run_all:301 - Processing Murlidhar Mohol
2026-06-07 14:01:05.796 | WARNING  | backend.scraper.news:fetch_rss:90 - RSS parse issue for 'Murlidhar Mohol': <urlopen error [Errno 11001] getaddrinfo failed>
2026-06-07 14:01:05.796 | INFO     | backend.pipeline.news_pipeline:run_all:314 -   Done: {'mp_name': 'Murlidhar Mohol', 'articles_fetched': 0, 'quotes_extracted': 0, 'statements_stored': 0, 'errors': []}
2026-06-07 14:01:07.801 | INFO     | backend.pipeline.news_pipeline:run_all:301 - Processing Rachna Banerjee
2026-06-07 14:01:07.802 | WARNING  | backend.scraper.news:fetch_rss:90 - RSS parse issue for 'Rachna Banerjee': <urlopen error [Errno 11001] getaddrinfo failed>
2026-06-07 14:01:07.802 | INFO     | backend.pipeline.news_pipeline:run_all:314 -   Done: {'mp_name': 'Rachna Banerjee', 'articles_fetched': 0, 'quotes_extracted': 0, 'statements_stored': 0, 'errors': []}
2026-06-07 14:01:09.813 | INFO     | backend.pipeline.news_pipeline:run_all:301 - Processing Bishnu Pada Ray
2026-06-07 14:01:09.825 | WARNING  | backend.scraper.news:fetch_rss:90 - RSS parse issue for 'Bishnu Pada Ray': <urlopen error [Errno 11001] getaddrinfo failed>
2026-06-07 14:01:09.825 | INFO     | backend.pipeline.news_pipeline:run_all:314 -   Done: {'mp_name': 'Bishnu Pada Ray', 'articles_fetched': 0, 'quotes_extracted': 0, 'statements_stored': 0, 'errors': []}
2026-06-07 14:01:11.826 | INFO     | backend.pipeline.news_pipeline:run_all:301 - Processing Dulu Mahato
2026-06-07 14:01:11.829 | WARNING  | backend.scraper.news:fetch_rss:90 - RSS parse issue for 'Dulu Mahato': <urlopen error [Errno 11001] getaddrinfo failed>
2026-06-07 14:01:11.829 | INFO     | backend.pipeline.news_pipeline:run_all:314 -   Done: {'mp_name': 'Dulu Mahato', 'articles_fetched': 0, 'quotes_extracted': 0, 'statements_stored': 0, 'errors': []}
2026-06-07 14:01:13.837 | INFO     | backend.pipeline.news_pipeline:run_all:301 - Processing Kriti Devi Debbarman
2026-06-07 14:01:13.848 | WARNING  | backend.scraper.news:fetch_rss:90 - RSS parse issue for 'Kriti Devi Debbarman': <urlopen error [Errno 11001] getaddrinfo failed>
2026-06-07 14:01:13.848 | INFO     | backend.pipeline.news_pipeline:run_all:314 -   Done: {'mp_name': 'Kriti Devi Debbarman', 'articles_fetched': 0, 'quotes_extracted': 0, 'statements_stored': 0, 'errors': []}
2026-06-07 14:01:15.850 | INFO     | backend.pipeline.news_pipeline:run_all:301 - Processing N K Premachandran
2026-06-07 14:01:15.858 | WARNING  | backend.scraper.news:fetch_rss:90 - RSS parse issue for 'N K Premachandran': <urlopen error [Errno 11001] getaddrinfo failed>
2026-06-07 14:01:15.858 | INFO     | backend.pipeline.news_pipeline:run_all:314 -   Done: {'mp_name': 'N K Premachandran', 'articles_fetched': 0, 'quotes_extracted': 0, 'statements_stored': 0, 'errors': []}
2026-06-07 14:01:17.861 | INFO     | backend.pipeline.news_pipeline:run_all:301 - Processing Radha Mohan Singh
2026-06-07 14:02:01.569 | INFO     | backend.pipeline.news_pipeline:run_all:314 -   Done: {'mp_name': 'Radha Mohan Singh', 'articles_fetched': 0, 'quotes_extracted': 0, 'statements_stored': 0, 'errors': []}
2026-06-07 14:02:03.570 | INFO     | backend.pipeline.news_pipeline:run_all:301 - Processing Sudip Bandyopadhyay
2026-06-07 14:03:08.514 | INFO     | backend.pipeline.news_pipeline:run_all:314 -   Done: {'mp_name': 'Sudip Bandyopadhyay', 'articles_fetched': 0, 'quotes_extracted': 0, 'statements_stored': 0, 'errors': []}
2026-06-07 14:03:10.515 | INFO     | backend.pipeline.news_pipeline:run_all:301 - Processing Brijendra Singh Ola
2026-06-07 14:03:30.071 | INFO     | backend.pipeline.news_pipeline:run_all:314 -   Done: {'mp_name': 'Brijendra Singh Ola', 'articles_fetched': 0, 'quotes_extracted': 0, 'statements_stored': 0, 'errors': []}
2026-06-07 14:03:32.072 | INFO     | backend.pipeline.news_pipeline:run_all:301 - Processing Durai Vaiko
2026-06-07 14:05:13.722 | INFO     | backend.pipeline.news_pipeline:run_all:314 -   Done: {'mp_name': 'Durai Vaiko', 'articles_fetched': 2, 'quotes_extracted': 0, 'statements_stored': 0, 'errors': []}
2026-06-07 14:05:15.723 | INFO     | backend.pipeline.news_pipeline:run_all:301 - Processing Kuldeep Indora
2026-06-07 14:05:35.015 | INFO     | backend.pipeline.news_pipeline:run_all:314 -   Done: {'mp_name': 'Kuldeep Indora', 'articles_fetched': 0, 'quotes_extracted': 0, 'statements_stored': 0, 'errors': []}
2026-06-07 14:05:37.016 | INFO     | backend.pipeline.news_pipeline:run_all:301 - Processing Naba Charan Majhi
2026-06-07 14:05:49.054 | INFO     | backend.pipeline.news_pipeline:run_all:314 -   Done: {'mp_name': 'Naba Charan Majhi', 'articles_fetched': 0, 'quotes_extracted': 0, 'statements_stored': 0, 'errors': []}
2026-06-07 14:05:51.055 | INFO     | backend.pipeline.news_pipeline:run_all:301 - Processing Radhakrishna
2026-06-07 14:07:26.129 | INFO     | backend.pipeline.news_pipeline:run_all:314 -   Done: {'mp_name': 'Radhakrishna', 'articles_fetched': 0, 'quotes_extracted': 0, 'statements_stored': 0, 'errors': []}
2026-06-07 14:07:28.131 | INFO     | backend.pipeline.news_pipeline:run_all:301 - Processing Sukanta Kumar Panigrahi
2026-06-07 14:07:42.136 | INFO     | backend.pipeline.news_pipeline:run_all:314 -   Done: {'mp_name': 'Sukanta Kumar Panigrahi', 'articles_fetched': 0, 'quotes_extracted': 0, 'statements_stored': 0, 'errors': []}
2026-06-07 14:07:44.137 | INFO     | backend.pipeline.news_pipeline:run_all:301 - Processing Nalin Soren
2026-06-07 14:08:12.842 | INFO     | backend.pipeline.news_pipeline:run_all:314 -   Done: {'mp_name': 'Nalin Soren', 'articles_fetched': 0, 'quotes_extracted': 0, 'statements_stored': 0, 'errors': []}
2026-06-07 14:08:14.844 | INFO     | backend.pipeline.news_pipeline:run_all:301 - Processing Radheshyam Rathiya
2026-06-07 14:08:22.439 | INFO     | backend.pipeline.news_pipeline:run_all:314 -   Done: {'mp_name': 'Radheshyam Rathiya', 'articles_fetched': 0, 'quotes_extracted': 0, 'statements_stored': 0, 'errors': []}
2026-06-07 14:08:24.440 | INFO     | backend.pipeline.news_pipeline:run_all:301 - Processing Sukanta Majumdar
2026-06-07 14:09:34.189 | DEBUG    | backend.scraper.news:resolve_article_url:115 - gnewsdecoder returned no URL for 'Abhishek Banerjee takes up cause of BJP workers jailed in Ma'
2026-06-07 14:09:34.189 | DEBUG    | backend.pipeline.news_pipeline:run_for_mp:169 - No URL resolved for 'Abhishek Banerjee takes up cause of BJP workers jailed in Ma'
2026-06-07 14:09:34.189 | DEBUG    | backend.scraper.news:resolve_article_url:115 - gnewsdecoder returned no URL for 'Goa to Bengal, TMC to BJP in 5 years: Former tennis star Lea'
2026-06-07 14:09:34.189 | DEBUG    | backend.pipeline.news_pipeline:run_for_mp:169 - No URL resolved for 'Goa to Bengal, TMC to BJP in 5 years: Former tennis star Lea'
2026-06-07 14:09:34.223 | DEBUG    | backend.scraper.news:resolve_article_url:115 - gnewsdecoder returned no URL for 'Sukanta woos Cong’s North Dinajpur veteran to join BJP - The'
2026-06-07 14:09:34.223 | DEBUG    | backend.pipeline.news_pipeline:run_for_mp:169 - No URL resolved for 'Sukanta woos Cong’s North Dinajpur veteran to join BJP - The'
2026-06-07 14:09:34.235 | DEBUG    | backend.scraper.news:resolve_article_url:115 - gnewsdecoder returned no URL for 'Union Minister Sukanta Majumdar's Convoy Attacked In Bengal''
2026-06-07 14:09:34.235 | DEBUG    | backend.pipeline.news_pipeline:run_for_mp:169 - No URL resolved for 'Union Minister Sukanta Majumdar's Convoy Attacked In Bengal''
2026-06-07 14:09:34.242 | DEBUG    | backend.scraper.news:resolve_article_url:115 - gnewsdecoder returned no URL for 'All Pakistani citizens staying illegally be identified: Unio'
2026-06-07 14:09:34.242 | DEBUG    | backend.pipeline.news_pipeline:run_for_mp:169 - No URL resolved for 'All Pakistani citizens staying illegally be identified: Unio'
2026-06-07 14:09:34.251 | DEBUG    | backend.scraper.news:resolve_article_url:115 - gnewsdecoder returned no URL for 'Sukanta Majumdar rides into Sreerampur after Kalyan Banerjee'
2026-06-07 14:09:34.251 | DEBUG    | backend.pipeline.news_pipeline:run_for_mp:169 - No URL resolved for 'Sukanta Majumdar rides into Sreerampur after Kalyan Banerjee'
2026-06-07 14:09:34.267 | DEBUG    | backend.scraper.news:resolve_article_url:115 - gnewsdecoder returned no URL for ''Will bring everything to standstill': War of words between '
2026-06-07 14:09:34.267 | DEBUG    | backend.pipeline.news_pipeline:run_for_mp:169 - No URL resolved for ''Will bring everything to standstill': War of words between '
2026-06-07 14:09:34.267 | DEBUG    | backend.scraper.news:resolve_article_url:115 - gnewsdecoder returned no URL for 'Sukanta Majumdar, First-Time MP, Is New Bengal BJP Chief - N'
2026-06-07 14:09:34.267 | DEBUG    | backend.pipeline.news_pipeline:run_for_mp:169 - No URL resolved for 'Sukanta Majumdar, First-Time MP, Is New Bengal BJP Chief - N'
2026-06-07 14:09:34.283 | DEBUG    | backend.scraper.news:resolve_article_url:115 - gnewsdecoder returned no URL for ''Come without CISF, you won’t return': TMC MP Kalyan Banerje'
2026-06-07 14:09:34.283 | DEBUG    | backend.pipeline.news_pipeline:run_for_mp:169 - No URL resolved for ''Come without CISF, you won’t return': TMC MP Kalyan Banerje'
2026-06-07 14:09:34.299 | DEBUG    | backend.scraper.news:resolve_article_url:115 - gnewsdecoder returned no URL for '‘Serious breach of security, contempt of House’: BJP MP Suka'
2026-06-07 14:09:34.299 | DEBUG    | backend.pipeline.news_pipeline:run_for_mp:169 - No URL resolved for '‘Serious breach of security, contempt of House’: BJP MP Suka'
2026-06-07 14:09:34.301 | DEBUG    | backend.scraper.news:resolve_article_url:115 - gnewsdecoder returned no URL for 'Balurghat election results 2024 live updates: BJP's Sukanta '
2026-06-07 14:09:34.301 | DEBUG    | backend.pipeline.news_pipeline:run_for_mp:169 - No URL resolved for 'Balurghat election results 2024 live updates: BJP's Sukanta '
2026-06-07 14:09:34.318 | DEBUG    | backend.scraper.news:resolve_article_url:115 - gnewsdecoder returned no URL for 'New West Bengal BJP president: Samik Bhattacharya replaces S'
2026-06-07 14:09:34.320 | DEBUG    | backend.pipeline.news_pipeline:run_for_mp:169 - No URL resolved for 'New West Bengal BJP president: Samik Bhattacharya replaces S'
2026-06-07 14:09:34.347 | DEBUG    | backend.scraper.news:resolve_article_url:115 - gnewsdecoder returned no URL for '‘TMC government is anti-tribals’: BJP holds protest rally ag'
2026-06-07 14:09:34.347 | DEBUG    | backend.pipeline.news_pipeline:run_for_mp:169 - No URL resolved for '‘TMC government is anti-tribals’: BJP holds protest rally ag'
2026-06-07 14:09:34.356 | DEBUG    | backend.scraper.news:resolve_article_url:115 - gnewsdecoder returned no URL for 'PM Modi 3.0 council of ministers: Who is Sukanta Majumdar - '
2026-06-07 14:09:34.356 | DEBUG    | backend.pipeline.news_pipeline:run_for_mp:169 - No URL resolved for 'PM Modi 3.0 council of ministers: Who is Sukanta Majumdar - '
2026-06-07 14:09:34.380 | DEBUG    | backend.scraper.news:resolve_article_url:115 - gnewsdecoder returned no URL for 'Stones, slippers hurled at Bengal BJP chief Sukanta Majumdar'
2026-06-07 14:09:34.380 | DEBUG    | backend.pipeline.news_pipeline:run_for_mp:169 - No URL resolved for 'Stones, slippers hurled at Bengal BJP chief Sukanta Majumdar'
2026-06-07 14:09:34.387 | DEBUG    | backend.scraper.news:resolve_article_url:115 - gnewsdecoder returned no URL for 'Bengal CM Mamata Banerjee trying to create Bangladesh by 'th'
2026-06-07 14:09:34.387 | DEBUG    | backend.pipeline.news_pipeline:run_for_mp:169 - No URL resolved for 'Bengal CM Mamata Banerjee trying to create Bangladesh by 'th'
2026-06-07 14:09:34.395 | DEBUG    | backend.scraper.news:resolve_article_url:115 - gnewsdecoder returned no URL for 'Explained: Who is Sukanta Majumdar, the BJP’s new president '
2026-06-07 14:09:34.395 | DEBUG    | backend.pipeline.news_pipeline:run_for_mp:169 - No URL resolved for 'Explained: Who is Sukanta Majumdar, the BJP’s new president '
2026-06-07 14:09:34.410 | DEBUG    | backend.scraper.news:resolve_article_url:115 - gnewsdecoder returned no URL for 'BJP MP Sukanta Majumdar replaces Dilip Ghosh as party's Beng'
2026-06-07 14:09:34.410 | DEBUG    | backend.pipeline.news_pipeline:run_for_mp:169 - No URL resolved for 'BJP MP Sukanta Majumdar replaces Dilip Ghosh as party's Beng'
2026-06-07 14:09:34.418 | DEBUG    | backend.scraper.news:resolve_article_url:115 - gnewsdecoder returned no URL for 'Sukanta, doctor who asked question during CM’s lecture ‘deta'
2026-06-07 14:09:34.418 | DEBUG    | backend.pipeline.news_pipeline:run_for_mp:169 - No URL resolved for 'Sukanta, doctor who asked question during CM’s lecture ‘deta'
2026-06-07 14:09:34.426 | DEBUG    | backend.scraper.news:resolve_article_url:115 - gnewsdecoder returned no URL for '‘Make North Bengal a part of Northeastern states’: BJP state'
2026-06-07 14:09:34.426 | DEBUG    | backend.pipeline.news_pipeline:run_for_mp:169 - No URL resolved for '‘Make North Bengal a part of Northeastern states’: BJP state'
2026-06-07 14:09:34.442 | DEBUG    | backend.scraper.news:resolve_article_url:115 - gnewsdecoder returned no URL for 'Verbal volley between TMC, BJP workers during launch of loca'
2026-06-07 14:09:34.442 | DEBUG    | backend.pipeline.news_pipeline:run_for_mp:169 - No URL resolved for 'Verbal volley between TMC, BJP workers during launch of loca'
2026-06-07 14:09:34.458 | DEBUG    | backend.scraper.news:resolve_article_url:115 - gnewsdecoder returned no URL for 'EC notice to Bengal BJP president Sukanta Majumdar over ‘nat'
2026-06-07 14:09:34.458 | DEBUG    | backend.pipeline.news_pipeline:run_for_mp:169 - No URL resolved for 'EC notice to Bengal BJP president Sukanta Majumdar over ‘nat'
2026-06-07 14:09:34.473 | DEBUG    | backend.scraper.news:resolve_article_url:115 - gnewsdecoder returned no URL for 'TMC moves EC against West Bengal BJP chief Sukanta Majumdar’'
2026-06-07 14:09:34.473 | DEBUG    | backend.pipeline.news_pipeline:run_for_mp:169 - No URL resolved for 'TMC moves EC against West Bengal BJP chief Sukanta Majumdar’'
2026-06-07 14:09:34.483 | DEBUG    | backend.scraper.news:resolve_article_url:115 - gnewsdecoder returned no URL for 'Shantanu Thakur, Sukanta Majumdar West Bengal’s faces in PM '
2026-06-07 14:09:34.483 | DEBUG    | backend.pipeline.news_pipeline:run_for_mp:169 - No URL resolved for 'Shantanu Thakur, Sukanta Majumdar West Bengal’s faces in PM '
2026-06-07 14:09:34.489 | DEBUG    | backend.scraper.news:resolve_article_url:115 - gnewsdecoder returned no URL for 'BJP Darjeeling MP backs state party chief Sukanta Majumdar’s'
2026-06-07 14:09:34.489 | DEBUG    | backend.pipeline.news_pipeline:run_for_mp:169 - No URL resolved for 'BJP Darjeeling MP backs state party chief Sukanta Majumdar’s'
2026-06-07 14:09:34.505 | DEBUG    | backend.scraper.news:resolve_article_url:115 - gnewsdecoder returned no URL for 'Sukanta Majumdar replaces Dilip Ghosh as Bengal BJP presiden'
2026-06-07 14:09:34.505 | DEBUG    | backend.pipeline.news_pipeline:run_for_mp:169 - No URL resolved for 'Sukanta Majumdar replaces Dilip Ghosh as Bengal BJP presiden'
2026-06-07 14:09:34.521 | DEBUG    | backend.scraper.news:resolve_article_url:115 - gnewsdecoder returned no URL for 'Assets of Bengal BJP MPs Raju Bista, Sukanta Majumdar regist'
2026-06-07 14:09:34.521 | DEBUG    | backend.pipeline.news_pipeline:run_for_mp:169 - No URL resolved for 'Assets of Bengal BJP MPs Raju Bista, Sukanta Majumdar regist'
2026-06-07 14:09:34.530 | DEBUG    | backend.scraper.news:resolve_article_url:115 - gnewsdecoder returned no URL for 'Only 2 from Bengal – Thakur retained, Sukanta makes debut - '
2026-06-07 14:09:34.530 | DEBUG    | backend.pipeline.news_pipeline:run_for_mp:169 - No URL resolved for 'Only 2 from Bengal – Thakur retained, Sukanta makes debut - '
2026-06-07 14:09:34.537 | DEBUG    | backend.scraper.news:resolve_article_url:115 - gnewsdecoder returned no URL for 'Dilip Ghosh replaced as BJP’s Bengal chief, Sukanta Majumdar'
2026-06-07 14:09:34.537 | DEBUG    | backend.pipeline.news_pipeline:run_for_mp:169 - No URL resolved for 'Dilip Ghosh replaced as BJP’s Bengal chief, Sukanta Majumdar'
2026-06-07 14:09:34.567 | DEBUG    | backend.scraper.news:resolve_article_url:115 - gnewsdecoder returned no URL for 'BJP Claims "Chaos Unleashed" On Ram Navami Rally In Kolkata,'
2026-06-07 14:09:34.568 | DEBUG    | backend.pipeline.news_pipeline:run_for_mp:169 - No URL resolved for 'BJP Claims "Chaos Unleashed" On Ram Navami Rally In Kolkata,'
2026-06-07 14:09:34.568 | INFO     | backend.pipeline.news_pipeline:run_all:314 -   Done: {'mp_name': 'Sukanta Majumdar', 'articles_fetched': 0, 'quotes_extracted': 0, 'statements_stored': 0, 'errors': []}
2026-06-07 14:09:36.568 | INFO     | backend.pipeline.news_pipeline:run_all:301 - Processing Brijmohan Agrawal
2026-06-07 14:09:36.576 | WARNING  | backend.scraper.news:fetch_rss:90 - RSS parse issue for 'Brijmohan Agrawal': <urlopen error [Errno 11001] getaddrinfo failed>
2026-06-07 14:09:36.576 | INFO     | backend.pipeline.news_pipeline:run_all:314 -   Done: {'mp_name': 'Brijmohan Agrawal', 'articles_fetched': 0, 'quotes_extracted': 0, 'statements_stored': 0, 'errors': []}
2026-06-07 14:09:38.583 | INFO     | backend.pipeline.news_pipeline:run_all:301 - Processing Dushyant Singh
2026-06-07 14:09:38.598 | WARNING  | backend.scraper.news:fetch_rss:90 - RSS parse issue for 'Dushyant Singh': <urlopen error [Errno 11001] getaddrinfo failed>
2026-06-07 14:09:38.598 | INFO     | backend.pipeline.news_pipeline:run_all:314 -   Done: {'mp_name': 'Dushyant Singh', 'articles_fetched': 0, 'quotes_extracted': 0, 'statements_stored': 0, 'errors': []}
2026-06-07 14:09:40.600 | INFO     | backend.pipeline.news_pipeline:run_all:301 - Processing Kunduru Raghuveer
2026-06-07 14:09:40.671 | WARNING  | backend.scraper.news:fetch_rss:90 - RSS parse issue for 'Kunduru Raghuveer': <urlopen error [Errno 11001] getaddrinfo failed>
2026-06-07 14:09:40.671 | INFO     | backend.pipeline.news_pipeline:run_all:314 -   Done: {'mp_name': 'Kunduru Raghuveer', 'articles_fetched': 0, 'quotes_extracted': 0, 'statements_stored': 0, 'errors': []}
2026-06-07 14:09:42.676 | INFO     | backend.pipeline.news_pipeline:run_all:301 - Processing Namdeo Kirsan
2026-06-07 14:09:42.690 | WARNING  | backend.scraper.news:fetch_rss:90 - RSS parse issue for 'Namdeo Kirsan': <urlopen error [Errno 11001] getaddrinfo failed>
2026-06-07 14:09:42.690 | INFO     | backend.pipeline.news_pipeline:run_all:314 -   Done: {'mp_name': 'Namdeo Kirsan', 'articles_fetched': 0, 'quotes_extracted': 0, 'statements_stored': 0, 'errors': []}
2026-06-07 14:09:44.694 | INFO     | backend.pipeline.news_pipeline:run_all:301 - Processing Rahul Gandhi
2026-06-07 14:09:44.709 | WARNING  | backend.scraper.news:fetch_rss:90 - RSS parse issue for 'Rahul Gandhi': <urlopen error [Errno 11001] getaddrinfo failed>
2026-06-07 14:09:44.710 | INFO     | backend.pipeline.news_pipeline:run_all:314 -   Done: {'mp_name': 'Rahul Gandhi', 'articles_fetched': 0, 'quotes_extracted': 0, 'statements_stored': 0, 'errors': []}
2026-06-07 14:09:46.711 | INFO     | backend.pipeline.news_pipeline:run_all:301 - Processing Sukhdeo Bhagat
2026-06-07 14:09:46.744 | WARNING  | backend.scraper.news:fetch_rss:90 - RSS parse issue for 'Sukhdeo Bhagat': <urlopen error [Errno 11001] getaddrinfo failed>
2026-06-07 14:09:46.744 | INFO     | backend.pipeline.news_pipeline:run_all:314 -   Done: {'mp_name': 'Sukhdeo Bhagat', 'articles_fetched': 0, 'quotes_extracted': 0, 'statements_stored': 0, 'errors': []}
2026-06-07 14:09:48.746 | INFO     | backend.pipeline.news_pipeline:run_all:301 - Processing Bunty Vivek Sahu
2026-06-07 14:09:48.765 | WARNING  | backend.scraper.news:fetch_rss:90 - RSS parse issue for 'Bunty Vivek Sahu': <urlopen error [Errno 11001] getaddrinfo failed>
2026-06-07 14:09:48.765 | INFO     | backend.pipeline.news_pipeline:run_all:314 -   Done: {'mp_name': 'Bunty Vivek Sahu', 'articles_fetched': 0, 'quotes_extracted': 0, 'statements_stored': 0, 'errors': []}
2026-06-07 14:09:50.769 | INFO     | backend.pipeline.news_pipeline:run_all:301 - Processing E T Mohammed Basheer
2026-06-07 14:09:50.779 | WARNING  | backend.scraper.news:fetch_rss:90 - RSS parse issue for 'E T Mohammed Basheer': <urlopen error [Errno 11001] getaddrinfo failed>
2026-06-07 14:09:50.779 | INFO     | backend.pipeline.news_pipeline:run_all:314 -   Done: {'mp_name': 'E T Mohammed Basheer', 'articles_fetched': 0, 'quotes_extracted': 0, 'statements_stored': 0, 'errors': []}
2026-06-07 14:09:52.784 | INFO     | backend.pipeline.news_pipeline:run_all:301 - Processing Lalji Verma
2026-06-07 14:09:52.796 | WARNING  | backend.scraper.news:fetch_rss:90 - RSS parse issue for 'Lalji Verma': <urlopen error [Errno 11001] getaddrinfo failed>
2026-06-07 14:09:52.796 | INFO     | backend.pipeline.news_pipeline:run_all:314 -   Done: {'mp_name': 'Lalji Verma', 'articles_fetched': 0, 'quotes_extracted': 0, 'statements_stored': 0, 'errors': []}
2026-06-07 14:09:54.801 | INFO     | backend.pipeline.news_pipeline:run_all:301 - Processing Narayan Tatu Rane
2026-06-07 14:09:54.816 | WARNING  | backend.scraper.news:fetch_rss:90 - RSS parse issue for 'Narayan Tatu Rane': <urlopen error [Errno 11001] getaddrinfo failed>
2026-06-07 14:09:54.817 | INFO     | backend.pipeline.news_pipeline:run_all:314 -   Done: {'mp_name': 'Narayan Tatu Rane', 'articles_fetched': 0, 'quotes_extracted': 0, 'statements_stored': 0, 'errors': []}
2026-06-07 14:09:56.818 | INFO     | backend.pipeline.news_pipeline:run_all:301 - Processing Rahul Kaswan
2026-06-07 14:09:56.836 | WARNING  | backend.scraper.news:fetch_rss:90 - RSS parse issue for 'Rahul Kaswan': <urlopen error [Errno 11001] getaddrinfo failed>
2026-06-07 14:09:56.838 | INFO     | backend.pipeline.news_pipeline:run_all:314 -   Done: {'mp_name': 'Rahul Kaswan', 'articles_fetched': 0, 'quotes_extracted': 0, 'statements_stored': 0, 'errors': []}
2026-06-07 14:09:58.839 | INFO     | backend.pipeline.news_pipeline:run_all:301 - Processing Sukhjinder Singh Randhawa
2026-06-07 14:10:02.315 | DEBUG    | backend.scraper.news:resolve_article_url:115 - gnewsdecoder returned no URL for 'Punjab govt will not survive, says Sukhjinder Singh Randhawa'
2026-06-07 14:10:02.315 | DEBUG    | backend.pipeline.news_pipeline:run_for_mp:169 - No URL resolved for 'Punjab govt will not survive, says Sukhjinder Singh Randhawa'
2026-06-07 14:10:02.331 | DEBUG    | backend.scraper.news:resolve_article_url:115 - gnewsdecoder returned no URL for 'If Bhagwant Mann hadn’t become CM, he might not have remarri'
2026-06-07 14:10:02.331 | DEBUG    | backend.pipeline.news_pipeline:run_for_mp:169 - No URL resolved for 'If Bhagwant Mann hadn’t become CM, he might not have remarri'
2026-06-07 14:10:02.338 | DEBUG    | backend.scraper.news:resolve_article_url:115 - gnewsdecoder returned no URL for 'Congress MP Sukhjinder Singh Randhawa writes to Centre compl'
2026-06-07 14:10:02.338 | DEBUG    | backend.pipeline.news_pipeline:run_for_mp:169 - No URL resolved for 'Congress MP Sukhjinder Singh Randhawa writes to Centre compl'
2026-06-07 14:10:02.345 | DEBUG    | backend.scraper.news:resolve_article_url:115 - gnewsdecoder returned no URL for 'It’s Centre’s gift of inflation: Randhawa - The Times of Ind'
2026-06-07 14:10:02.345 | DEBUG    | backend.pipeline.news_pipeline:run_for_mp:169 - No URL resolved for 'It’s Centre’s gift of inflation: Randhawa - The Times of Ind'
2026-06-07 14:10:02.356 | DEBUG    | backend.scraper.news:resolve_article_url:115 - gnewsdecoder returned no URL for '‘Systemic failure’: Gurdaspur MP Sukhjinder Randhawa urges A'
2026-06-07 14:10:02.356 | DEBUG    | backend.pipeline.news_pipeline:run_for_mp:169 - No URL resolved for '‘Systemic failure’: Gurdaspur MP Sukhjinder Randhawa urges A'
2026-06-07 14:10:02.360 | DEBUG    | backend.scraper.news:resolve_article_url:115 - gnewsdecoder returned no URL for 'MP Randhawa slams govt for NSA removal from Amritpal, flags '
2026-06-07 14:10:02.362 | DEBUG    | backend.pipeline.news_pipeline:run_for_mp:169 - No URL resolved for 'MP Randhawa slams govt for NSA removal from Amritpal, flags '
2026-06-07 14:10:02.370 | DEBUG    | backend.scraper.news:resolve_article_url:115 - gnewsdecoder returned no URL for 'Randhawa slams Centre over weakening rupee, rising inflation'
2026-06-07 14:10:02.370 | DEBUG    | backend.pipeline.news_pipeline:run_for_mp:169 - No URL resolved for 'Randhawa slams Centre over weakening rupee, rising inflation'
2026-06-07 14:10:02.376 | DEBUG    | backend.scraper.news:resolve_article_url:115 - gnewsdecoder returned no URL for '‘Most skilled backstabber’: Sukhjinder Randhawa hits back af'
2026-06-07 14:10:02.376 | DEBUG    | backend.pipeline.news_pipeline:run_for_mp:169 - No URL resolved for '‘Most skilled backstabber’: Sukhjinder Randhawa hits back af'
2026-06-07 14:10:02.381 | DEBUG    | backend.scraper.news:resolve_article_url:115 - gnewsdecoder returned no URL for ''4 deaths in 48 hours. How many more sons will Punjab lose?''
2026-06-07 14:10:02.382 | DEBUG    | backend.pipeline.news_pipeline:run_for_mp:169 - No URL resolved for ''4 deaths in 48 hours. How many more sons will Punjab lose?''
2026-06-07 14:10:02.385 | DEBUG    | backend.scraper.news:resolve_article_url:115 - gnewsdecoder returned no URL for '‘Credibility deficit of Punjab Police’: Gurdaspur MP Sukhjin'
2026-06-07 14:10:02.387 | DEBUG    | backend.pipeline.news_pipeline:run_for_mp:169 - No URL resolved for '‘Credibility deficit of Punjab Police’: Gurdaspur MP Sukhjin'
2026-06-07 14:10:02.387 | DEBUG    | backend.scraper.news:resolve_article_url:115 - gnewsdecoder returned no URL for 'Randhawa seeks probe into chief secy, DGP attending Moga eve'
2026-06-07 14:10:02.387 | DEBUG    | backend.pipeline.news_pipeline:run_for_mp:169 - No URL resolved for 'Randhawa seeks probe into chief secy, DGP attending Moga eve'
2026-06-07 14:10:02.397 | DEBUG    | backend.scraper.news:resolve_article_url:115 - gnewsdecoder returned no URL for 'Congress’ Sukhjinder Randhawa questions Punjab CM’s claim of'
2026-06-07 14:10:02.397 | DEBUG    | backend.pipeline.news_pipeline:run_for_mp:169 - No URL resolved for 'Congress’ Sukhjinder Randhawa questions Punjab CM’s claim of'
2026-06-07 14:10:02.402 | DEBUG    | backend.scraper.news:resolve_article_url:115 - gnewsdecoder returned no URL for 'Bajwa seeks FIR, CBI probe in officer’s death - The Times of'
2026-06-07 14:10:02.402 | DEBUG    | backend.pipeline.news_pipeline:run_for_mp:169 - No URL resolved for 'Bajwa seeks FIR, CBI probe in officer’s death - The Times of'
2026-06-07 14:10:02.413 | DEBUG    | backend.scraper.news:resolve_article_url:115 - gnewsdecoder returned no URL for 'Congress MP Sukhjinder Randhawa serves defamation notice aga'
2026-06-07 14:10:02.413 | DEBUG    | backend.pipeline.news_pipeline:run_for_mp:169 - No URL resolved for 'Congress MP Sukhjinder Randhawa serves defamation notice aga'
2026-06-07 14:10:02.419 | DEBUG    | backend.scraper.news:resolve_article_url:115 - gnewsdecoder returned no URL for 'MP Sukhjinder Singh Randhawa gets threat message - The Tribu'
2026-06-07 14:10:02.419 | DEBUG    | backend.pipeline.news_pipeline:run_for_mp:169 - No URL resolved for 'MP Sukhjinder Singh Randhawa gets threat message - The Tribu'
2026-06-07 14:10:02.421 | DEBUG    | backend.scraper.news:resolve_article_url:115 - gnewsdecoder returned no URL for 'Punjab Congress infighting: Navjot Kaur Sidhu responds to MP'
2026-06-07 14:10:02.421 | DEBUG    | backend.pipeline.news_pipeline:run_for_mp:169 - No URL resolved for 'Punjab Congress infighting: Navjot Kaur Sidhu responds to MP'
2026-06-07 14:10:02.425 | DEBUG    | backend.scraper.news:resolve_article_url:115 - gnewsdecoder returned no URL for 'Gurdaspur MP Randhawa receives death threat from ‘Lawrence B'
2026-06-07 14:10:02.427 | DEBUG    | backend.pipeline.news_pipeline:run_for_mp:169 - No URL resolved for 'Gurdaspur MP Randhawa receives death threat from ‘Lawrence B'
2026-06-07 14:10:02.429 | DEBUG    | backend.scraper.news:resolve_article_url:115 - gnewsdecoder returned no URL for 'Congress MP claims Sukhjinder Singh Randhawa his son threate'
2026-06-07 14:10:02.429 | DEBUG    | backend.pipeline.news_pipeline:run_for_mp:169 - No URL resolved for 'Congress MP claims Sukhjinder Singh Randhawa his son threate'
2026-06-07 14:10:02.434 | DEBUG    | backend.scraper.news:resolve_article_url:115 - gnewsdecoder returned no URL for 'Punjab MP Sukhjinder Singh Randhawa alleges threat to son fr'
2026-06-07 14:10:02.434 | DEBUG    | backend.pipeline.news_pipeline:run_for_mp:169 - No URL resolved for 'Punjab MP Sukhjinder Singh Randhawa alleges threat to son fr'
2026-06-07 14:10:02.441 | DEBUG    | backend.scraper.news:resolve_article_url:115 - gnewsdecoder returned no URL for 'Gurdaspur MP writes to Shah, seeks meeting of central, state'
2026-06-07 14:10:02.441 | DEBUG    | backend.pipeline.news_pipeline:run_for_mp:169 - No URL resolved for 'Gurdaspur MP writes to Shah, seeks meeting of central, state'
2026-06-07 14:10:02.445 | DEBUG    | backend.scraper.news:resolve_article_url:115 - gnewsdecoder returned no URL for 'No threat to Cong MP Sukhjinder Singh Randhawa’s son: AAP ML'
2026-06-07 14:10:02.445 | DEBUG    | backend.pipeline.news_pipeline:run_for_mp:169 - No URL resolved for 'No threat to Cong MP Sukhjinder Singh Randhawa’s son: AAP ML'
2026-06-07 14:10:02.449 | DEBUG    | backend.scraper.news:resolve_article_url:115 - gnewsdecoder returned no URL for 'AAP vs Congress In Punjab After MP's Son Gets Threat From Ga'
2026-06-07 14:10:02.449 | DEBUG    | backend.pipeline.news_pipeline:run_for_mp:169 - No URL resolved for 'AAP vs Congress In Punjab After MP's Son Gets Threat From Ga'
2026-06-07 14:10:02.452 | DEBUG    | backend.scraper.news:resolve_article_url:115 - gnewsdecoder returned no URL for ''Gangster’s paradise': Congress MP Sukhjinder Singh Randhawa'
2026-06-07 14:10:02.452 | DEBUG    | backend.pipeline.news_pipeline:run_for_mp:169 - No URL resolved for ''Gangster’s paradise': Congress MP Sukhjinder Singh Randhawa'
2026-06-07 14:10:02.458 | DEBUG    | backend.scraper.news:resolve_article_url:115 - gnewsdecoder returned no URL for 'Randhawa protests ‘misconduct’ - The Times of India'
2026-06-07 14:10:02.458 | DEBUG    | backend.pipeline.news_pipeline:run_for_mp:169 - No URL resolved for 'Randhawa protests ‘misconduct’ - The Times of India'
2026-06-07 14:10:02.460 | DEBUG    | backend.scraper.news:resolve_article_url:115 - gnewsdecoder returned no URL for 'Punjab Cong leader Sukhjinder Randhawa writes to PM, seeks p'
2026-06-07 14:10:02.462 | DEBUG    | backend.pipeline.news_pipeline:run_for_mp:169 - No URL resolved for 'Punjab Cong leader Sukhjinder Randhawa writes to PM, seeks p'
2026-06-07 14:10:02.462 | DEBUG    | backend.scraper.news:resolve_article_url:115 - gnewsdecoder returned no URL for '7 months on, Congress MP Sukhjinder Randhawa’s kin surrender'
2026-06-07 14:10:02.462 | DEBUG    | backend.pipeline.news_pipeline:run_for_mp:169 - No URL resolved for '7 months on, Congress MP Sukhjinder Randhawa’s kin surrender'
2026-06-07 14:10:02.469 | DEBUG    | backend.scraper.news:resolve_article_url:115 - gnewsdecoder returned no URL for 'Congress candidate from Gurdaspur Lok Sabha constituency Suk'
2026-06-07 14:10:02.469 | DEBUG    | backend.pipeline.news_pipeline:run_for_mp:169 - No URL resolved for 'Congress candidate from Gurdaspur Lok Sabha constituency Suk'
2026-06-07 14:10:02.471 | DEBUG    | backend.scraper.news:resolve_article_url:115 - gnewsdecoder returned no URL for 'Batala youth arrested for threat to MP Randhawa’s son on Ins'
2026-06-07 14:10:02.471 | DEBUG    | backend.pipeline.news_pipeline:run_for_mp:169 - No URL resolved for 'Batala youth arrested for threat to MP Randhawa’s son on Ins'
2026-06-07 14:10:02.473 | DEBUG    | backend.scraper.news:resolve_article_url:115 - gnewsdecoder returned no URL for 'Some top political leader’s life will be sacrificed, says Pu'
2026-06-07 14:10:02.473 | DEBUG    | backend.pipeline.news_pipeline:run_for_mp:169 - No URL resolved for 'Some top political leader’s life will be sacrificed, says Pu'
2026-06-07 14:10:02.477 | DEBUG    | backend.scraper.news:resolve_article_url:115 - gnewsdecoder returned no URL for 'Amit Malviya’s remarks on Rahul’s banter with Gurdaspur MP d'
2026-06-07 14:10:02.477 | DEBUG    | backend.pipeline.news_pipeline:run_for_mp:169 - No URL resolved for 'Amit Malviya’s remarks on Rahul’s banter with Gurdaspur MP d'
2026-06-07 14:10:02.481 | DEBUG    | backend.scraper.news:resolve_article_url:115 - gnewsdecoder returned no URL for 'Gangsters terrorising voters, alleges Congress MP Sukhjinder'
2026-06-07 14:10:02.481 | DEBUG    | backend.pipeline.news_pipeline:run_for_mp:169 - No URL resolved for 'Gangsters terrorising voters, alleges Congress MP Sukhjinder'
2026-06-07 14:10:02.486 | DEBUG    | backend.scraper.news:resolve_article_url:115 - gnewsdecoder returned no URL for 'Congress MP Randhawa writes to PM Modi, seeks Amritsar be de'
2026-06-07 14:10:02.486 | DEBUG    | backend.pipeline.news_pipeline:run_for_mp:169 - No URL resolved for 'Congress MP Randhawa writes to PM Modi, seeks Amritsar be de'
2026-06-07 14:10:02.488 | DEBUG    | backend.scraper.news:resolve_article_url:115 - gnewsdecoder returned no URL for 'Muktsar double murder case: 1 person apprehended, relatives '
2026-06-07 14:10:02.488 | DEBUG    | backend.pipeline.news_pipeline:run_for_mp:169 - No URL resolved for 'Muktsar double murder case: 1 person apprehended, relatives '
2026-06-07 14:10:02.488 | DEBUG    | backend.scraper.news:resolve_article_url:115 - gnewsdecoder returned no URL for 'Declare Amritsar a ‘no-war zone: Congress MP Randhawa writes'
2026-06-07 14:10:02.488 | DEBUG    | backend.pipeline.news_pipeline:run_for_mp:169 - No URL resolved for 'Declare Amritsar a ‘no-war zone: Congress MP Randhawa writes'
2026-06-07 14:10:02.492 | DEBUG    | backend.scraper.news:resolve_article_url:115 - gnewsdecoder returned no URL for 'Gurdaspur MP-elect Sukhjinder Singh Randhawa vows to tackle '
2026-06-07 14:10:02.492 | DEBUG    | backend.pipeline.news_pipeline:run_for_mp:169 - No URL resolved for 'Gurdaspur MP-elect Sukhjinder Singh Randhawa vows to tackle '
2026-06-07 14:10:02.494 | DEBUG    | backend.scraper.news:resolve_article_url:115 - gnewsdecoder returned no URL for '‘They will fall in such a manner’: Cong MP predicts mid-term'
2026-06-07 14:10:02.496 | DEBUG    | backend.pipeline.news_pipeline:run_for_mp:169 - No URL resolved for '‘They will fall in such a manner’: Cong MP predicts mid-term'
2026-06-07 14:10:02.498 | DEBUG    | backend.scraper.news:resolve_article_url:115 - gnewsdecoder returned no URL for 'Military Digest | People of Punjab rise to the occasion in O'
2026-06-07 14:10:02.498 | DEBUG    | backend.pipeline.news_pipeline:run_for_mp:169 - No URL resolved for 'Military Digest | People of Punjab rise to the occasion in O'
2026-06-07 14:10:02.500 | DEBUG    | backend.scraper.news:resolve_article_url:115 - gnewsdecoder returned no URL for 'Gurdaspur MP’s relatives among 4 booked for Muktsar double m'
2026-06-07 14:10:02.500 | DEBUG    | backend.pipeline.news_pipeline:run_for_mp:169 - No URL resolved for 'Gurdaspur MP’s relatives among 4 booked for Muktsar double m'
2026-06-07 14:10:02.503 | DEBUG    | backend.scraper.news:resolve_article_url:115 - gnewsdecoder returned no URL for 'Sukhjinder Singh Randhawa's name proposed as next Punjab chi'
2026-06-07 14:10:02.503 | DEBUG    | backend.pipeline.news_pipeline:run_for_mp:169 - No URL resolved for 'Sukhjinder Singh Randhawa's name proposed as next Punjab chi'
2026-06-07 14:10:02.503 | INFO     | backend.pipeline.news_pipeline:run_all:314 -   Done: {'mp_name': 'Sukhjinder Singh Randhawa', 'articles_fetched': 0, 'quotes_extracted': 0, 'statements_stored': 0, 'errors': []}
2026-06-07 14:10:04.507 | INFO     | backend.pipeline.news_pipeline:run_all:301 - Processing Byreddy Shabari
2026-06-07 14:10:04.521 | WARNING  | backend.scraper.news:fetch_rss:90 - RSS parse issue for 'Byreddy Shabari': <urlopen error [Errno 11001] getaddrinfo failed>
2026-06-07 14:10:04.521 | INFO     | backend.pipeline.news_pipeline:run_all:314 -   Done: {'mp_name': 'Byreddy Shabari', 'articles_fetched': 0, 'quotes_extracted': 0, 'statements_stored': 0, 'errors': []}
2026-06-07 14:10:06.522 | INFO     | backend.pipeline.news_pipeline:run_all:301 - Processing E Tukaram
2026-06-07 14:10:06.533 | WARNING  | backend.scraper.news:fetch_rss:90 - RSS parse issue for 'E Tukaram': <urlopen error [Errno 11001] getaddrinfo failed>
2026-06-07 14:10:06.533 | INFO     | backend.pipeline.news_pipeline:run_all:314 -   Done: {'mp_name': 'E Tukaram', 'articles_fetched': 0, 'quotes_extracted': 0, 'statements_stored': 0, 'errors': []}
2026-06-07 14:10:08.534 | INFO     | backend.pipeline.news_pipeline:run_all:301 - Processing Lata Wankhede
2026-06-07 14:10:43.984 | INFO     | backend.pipeline.news_pipeline:run_all:314 -   Done: {'mp_name': 'Lata Wankhede', 'articles_fetched': 0, 'quotes_extracted': 0, 'statements_stored': 0, 'errors': []}
2026-06-07 14:10:45.985 | INFO     | backend.pipeline.news_pipeline:run_all:301 - Processing Rahul Singh Lodhi
2026-06-07 14:11:04.859 | INFO     | backend.pipeline.news_pipeline:run_all:314 -   Done: {'mp_name': 'Rahul Singh Lodhi', 'articles_fetched': 0, 'quotes_extracted': 0, 'statements_stored': 0, 'errors': []}
2026-06-07 14:11:06.860 | INFO     | backend.pipeline.news_pipeline:run_all:301 - Processing Sunil Bose
2026-06-07 14:12:55.274 | INFO     | backend.pipeline.news_pipeline:run_all:314 -   Done: {'mp_name': 'Sunil Bose', 'articles_fetched': 1, 'quotes_extracted': 0, 'statements_stored': 0, 'errors': []}
2026-06-07 14:12:57.276 | INFO     | backend.pipeline.news_pipeline:run_all:301 - Processing C M Ramesh
2026-06-07 14:15:00.163 | INFO     | backend.pipeline.news_pipeline:run_all:314 -   Done: {'mp_name': 'C M Ramesh', 'articles_fetched': 0, 'quotes_extracted': 0, 'statements_stored': 0, 'errors': []}
2026-06-07 14:15:02.164 | INFO     | backend.pipeline.news_pipeline:run_all:301 - Processing Eatala Rajender
2026-06-07 14:16:20.775 | INFO     | backend.pipeline.news_pipeline:run_all:314 -   Done: {'mp_name': 'Eatala Rajender', 'articles_fetched': 1, 'quotes_extracted': 0, 'statements_stored': 0, 'errors': []}
2026-06-07 14:16:22.776 | INFO     | backend.pipeline.news_pipeline:run_all:301 - Processing Lavu Sri Krishna Devarayalu
2026-06-07 14:17:20.344 | INFO     | backend.pipeline.news_pipeline:run_all:314 -   Done: {'mp_name': 'Lavu Sri Krishna Devarayalu', 'articles_fetched': 2, 'quotes_extracted': 0, 'statements_stored': 0, 'errors': []}
2026-06-07 14:17:22.346 | INFO     | backend.pipeline.news_pipeline:run_all:301 - Processing Narendra Modi
2026-06-07 14:18:31.047 | WARNING  | backend.agents.statement_agent:_call_llm:85 - Groq rate limit hit (llama-3.3-70b-versatile), falling back to Ollama: Error code: 429 - {'error': {'message': 'Rate limit reached for model `llama-3.3-70b-versatile` in organization `org_01k8z2tgj1ezjbwz5qv57a5s85` service tier `on_demand` on tokens per day (TPD): Limit 100000, Used 99901, Requested 1096. Please try again in 14m21.408s. Need more tokens? Upgrade to Dev Tier today at https://console.groq.com/settings/billing', 'type': 'tokens', 'code': 'rate_limit_exceeded'}}
2026-06-07 14:18:36.146 | WARNING  | backend.agents.statement_agent:_call_llm:85 - Groq rate limit hit (llama-3.3-70b-versatile), falling back to Ollama: Error code: 429 - {'error': {'message': 'Rate limit reached for model `llama-3.3-70b-versatile` in organization `org_01k8z2tgj1ezjbwz5qv57a5s85` service tier `on_demand` on tokens per day (TPD): Limit 100000, Used 99895, Requested 1397. Please try again in 18m36.288s. Need more tokens? Upgrade to Dev Tier today at https://console.groq.com/settings/billing', 'type': 'tokens', 'code': 'rate_limit_exceeded'}}
2026-06-07 14:21:28.049 | INFO     | backend.pipeline.news_pipeline:run_all:314 -   Done: {'mp_name': 'Narendra Modi', 'articles_fetched': 2, 'quotes_extracted': 4, 'statements_stored': 0, 'errors': []}
2026-06-07 14:21:30.051 | INFO     | backend.pipeline.news_pipeline:run_all:301 - Processing Raj Bhushan Choudhary
2026-06-07 14:21:48.826 | INFO     | backend.pipeline.news_pipeline:run_all:314 -   Done: {'mp_name': 'Raj Bhushan Choudhary', 'articles_fetched': 0, 'quotes_extracted': 0, 'statements_stored': 0, 'errors': []}
2026-06-07 14:21:50.827 | INFO     | backend.pipeline.news_pipeline:run_all:301 - Processing Sunil Kumar
2026-06-07 14:22:57.136 | INFO     | backend.pipeline.news_pipeline:run_all:314 -   Done: {'mp_name': 'Sunil Kumar', 'articles_fetched': 0, 'quotes_extracted': 0, 'statements_stored': 0, 'errors': []}
2026-06-07 14:22:59.138 | INFO     | backend.pipeline.news_pipeline:run_all:301 - Processing C N Annadurai
2026-06-07 14:23:36.526 | INFO     | backend.pipeline.news_pipeline:run_all:314 -   Done: {'mp_name': 'C N Annadurai', 'articles_fetched': 0, 'quotes_extracted': 0, 'statements_stored': 0, 'errors': []}
2026-06-07 14:23:38.527 | INFO     | backend.pipeline.news_pipeline:run_all:301 - Processing Eswarasamy K
2026-06-07 14:23:43.214 | INFO     | backend.pipeline.news_pipeline:run_all:314 -   Done: {'mp_name': 'Eswarasamy K', 'articles_fetched': 0, 'quotes_extracted': 0, 'statements_stored': 0, 'errors': []}
2026-06-07 14:23:45.215 | INFO     | backend.pipeline.news_pipeline:run_all:301 - Processing Laxmikant Pappu Nishad
2026-06-07 14:23:54.663 | INFO     | backend.pipeline.news_pipeline:run_all:314 -   Done: {'mp_name': 'Laxmikant Pappu Nishad', 'articles_fetched': 0, 'quotes_extracted': 0, 'statements_stored': 0, 'errors': []}
2026-06-07 14:23:56.664 | INFO     | backend.pipeline.news_pipeline:run_all:301 - Processing Naresh Chandra Uttam Patel
2026-06-07 14:24:16.838 | INFO     | backend.pipeline.news_pipeline:run_all:314 -   Done: {'mp_name': 'Naresh Chandra Uttam Patel', 'articles_fetched': 0, 'quotes_extracted': 0, 'statements_stored': 0, 'errors': []}
2026-06-07 14:24:18.839 | INFO     | backend.pipeline.news_pipeline:run_all:301 - Processing Raj Kumar Chabbewal
2026-06-07 14:24:25.300 | WARNING  | backend.agents.statement_agent:_call_llm:85 - Groq rate limit hit (llama-3.3-70b-versatile), falling back to Ollama: Error code: 429 - {'error': {'message': 'Rate limit reached for model `llama-3.3-70b-versatile` in organization `org_01k8z2tgj1ezjbwz5qv57a5s85` service tier `on_demand` on tokens per day (TPD): Limit 100000, Used 99491, Requested 1406. Please try again in 12m55.008s. Need more tokens? Upgrade to Dev Tier today at https://console.groq.com/settings/billing', 'type': 'tokens', 'code': 'rate_limit_exceeded'}}
2026-06-07 14:24:29.961 | WARNING  | backend.agents.statement_agent:_call_llm:85 - Groq rate limit hit (llama-3.3-70b-versatile), falling back to Ollama: Error code: 429 - {'error': {'message': 'Rate limit reached for model `llama-3.3-70b-versatile` in organization `org_01k8z2tgj1ezjbwz5qv57a5s85` service tier `on_demand` on tokens per day (TPD): Limit 100000, Used 99486, Requested 1394. Please try again in 12m40.32s. Need more tokens? Upgrade to Dev Tier today at https://console.groq.com/settings/billing', 'type': 'tokens', 'code': 'rate_limit_exceeded'}}
2026-06-07 14:24:34.267 | WARNING  | backend.agents.statement_agent:_call_llm:85 - Groq rate limit hit (llama-3.3-70b-versatile), falling back to Ollama: Error code: 429 - {'error': {'message': 'Rate limit reached for model `llama-3.3-70b-versatile` in organization `org_01k8z2tgj1ezjbwz5qv57a5s85` service tier `on_demand` on tokens per day (TPD): Limit 100000, Used 99481, Requested 1388. Please try again in 12m30.816s. Need more tokens? Upgrade to Dev Tier today at https://console.groq.com/settings/billing', 'type': 'tokens', 'code': 'rate_limit_exceeded'}}
2026-06-07 14:24:38.861 | WARNING  | backend.agents.statement_agent:_call_llm:85 - Groq rate limit hit (llama-3.3-70b-versatile), falling back to Ollama: Error code: 429 - {'error': {'message': 'Rate limit reached for model `llama-3.3-70b-versatile` in organization `org_01k8z2tgj1ezjbwz5qv57a5s85` service tier `on_demand` on tokens per day (TPD): Limit 100000, Used 99475, Requested 1375. Please try again in 12m14.4s. Need more tokens? Upgrade to Dev Tier today at https://console.groq.com/settings/billing', 'type': 'tokens', 'code': 'rate_limit_exceeded'}}
2026-06-07 14:24:58.127 | WARNING  | backend.agents.statement_agent:_call_llm:85 - Groq rate limit hit (llama-3.3-70b-versatile), falling back to Ollama: Error code: 429 - {'error': {'message': 'Rate limit reached for model `llama-3.3-70b-versatile` in organization `org_01k8z2tgj1ezjbwz5qv57a5s85` service tier `on_demand` on tokens per day (TPD): Limit 100000, Used 99453, Requested 1367. Please try again in 11m48.48s. Need more tokens? Upgrade to Dev Tier today at https://console.groq.com/settings/billing', 'type': 'tokens', 'code': 'rate_limit_exceeded'}}
2026-06-07 14:25:02.683 | WARNING  | backend.agents.statement_agent:_call_llm:85 - Groq rate limit hit (llama-3.3-70b-versatile), falling back to Ollama: Error code: 429 - {'error': {'message': 'Rate limit reached for model `llama-3.3-70b-versatile` in organization `org_01k8z2tgj1ezjbwz5qv57a5s85` service tier `on_demand` on tokens per day (TPD): Limit 100000, Used 99448, Requested 1369. Please try again in 11m45.888s. Need more tokens? Upgrade to Dev Tier today at https://console.groq.com/settings/billing', 'type': 'tokens', 'code': 'rate_limit_exceeded'}}
2026-06-07 14:25:16.102 | WARNING  | backend.agents.statement_agent:_call_llm:85 - Groq rate limit hit (llama-3.3-70b-versatile), falling back to Ollama: Error code: 429 - {'error': {'message': 'Rate limit reached for model `llama-3.3-70b-versatile` in organization `org_01k8z2tgj1ezjbwz5qv57a5s85` service tier `on_demand` on tokens per day (TPD): Limit 100000, Used 99432, Requested 1359. Please try again in 11m23.424s. Need more tokens? Upgrade to Dev Tier today at https://console.groq.com/settings/billing', 'type': 'tokens', 'code': 'rate_limit_exceeded'}}
2026-06-07 14:25:20.611 | WARNING  | backend.agents.statement_agent:_call_llm:85 - Groq rate limit hit (llama-3.3-70b-versatile), falling back to Ollama: Error code: 429 - {'error': {'message': 'Rate limit reached for model `llama-3.3-70b-versatile` in organization `org_01k8z2tgj1ezjbwz5qv57a5s85` service tier `on_demand` on tokens per day (TPD): Limit 100000, Used 99427, Requested 1380. Please try again in 11m37.248s. Need more tokens? Upgrade to Dev Tier today at https://console.groq.com/settings/billing', 'type': 'tokens', 'code': 'rate_limit_exceeded'}}
2026-06-07 14:25:24.831 | WARNING  | backend.agents.statement_agent:_call_llm:85 - Groq rate limit hit (llama-3.3-70b-versatile), falling back to Ollama: Error code: 429 - {'error': {'message': 'Rate limit reached for model `llama-3.3-70b-versatile` in organization `org_01k8z2tgj1ezjbwz5qv57a5s85` service tier `on_demand` on tokens per day (TPD): Limit 100000, Used 99422, Requested 1359. Please try again in 11m14.784s. Need more tokens? Upgrade to Dev Tier today at https://console.groq.com/settings/billing', 'type': 'tokens', 'code': 'rate_limit_exceeded'}}
2026-06-07 14:25:29.063 | WARNING  | backend.agents.statement_agent:_call_llm:85 - Groq rate limit hit (llama-3.3-70b-versatile), falling back to Ollama: Error code: 429 - {'error': {'message': 'Rate limit reached for model `llama-3.3-70b-versatile` in organization `org_01k8z2tgj1ezjbwz5qv57a5s85` service tier `on_demand` on tokens per day (TPD): Limit 100000, Used 99417, Requested 1366. Please try again in 11m16.512s. Need more tokens? Upgrade to Dev Tier today at https://console.groq.com/settings/billing', 'type': 'tokens', 'code': 'rate_limit_exceeded'}}
2026-06-07 14:25:33.476 | WARNING  | backend.agents.statement_agent:_call_llm:85 - Groq rate limit hit (llama-3.3-70b-versatile), falling back to Ollama: Error code: 429 - {'error': {'message': 'Rate limit reached for model `llama-3.3-70b-versatile` in organization `org_01k8z2tgj1ezjbwz5qv57a5s85` service tier `on_demand` on tokens per day (TPD): Limit 100000, Used 99412, Requested 1385. Please try again in 11m28.608s. Need more tokens? Upgrade to Dev Tier today at https://console.groq.com/settings/billing', 'type': 'tokens', 'code': 'rate_limit_exceeded'}}
2026-06-07 14:25:38.130 | WARNING  | backend.agents.statement_agent:_call_llm:85 - Groq rate limit hit (llama-3.3-70b-versatile), falling back to Ollama: Error code: 429 - {'error': {'message': 'Rate limit reached for model `llama-3.3-70b-versatile` in organization `org_01k8z2tgj1ezjbwz5qv57a5s85` service tier `on_demand` on tokens per day (TPD): Limit 100000, Used 99407, Requested 1373. Please try again in 11m13.92s. Need more tokens? Upgrade to Dev Tier today at https://console.groq.com/settings/billing', 'type': 'tokens', 'code': 'rate_limit_exceeded'}}
2026-06-07 14:25:42.787 | WARNING  | backend.agents.statement_agent:_call_llm:85 - Groq rate limit hit (llama-3.3-70b-versatile), falling back to Ollama: Error code: 429 - {'error': {'message': 'Rate limit reached for model `llama-3.3-70b-versatile` in organization `org_01k8z2tgj1ezjbwz5qv57a5s85` service tier `on_demand` on tokens per day (TPD): Limit 100000, Used 99401, Requested 1375. Please try again in 11m10.464s. Need more tokens? Upgrade to Dev Tier today at https://console.groq.com/settings/billing', 'type': 'tokens', 'code': 'rate_limit_exceeded'}}
2026-06-07 14:25:47.184 | WARNING  | backend.agents.statement_agent:_call_llm:85 - Groq rate limit hit (llama-3.3-70b-versatile), falling back to Ollama: Error code: 429 - {'error': {'message': 'Rate limit reached for model `llama-3.3-70b-versatile` in organization `org_01k8z2tgj1ezjbwz5qv57a5s85` service tier `on_demand` on tokens per day (TPD): Limit 100000, Used 99396, Requested 1378. Please try again in 11m8.736s. Need more tokens? Upgrade to Dev Tier today at https://console.groq.com/settings/billing', 'type': 'tokens', 'code': 'rate_limit_exceeded'}}
2026-06-07 14:25:52.025 | WARNING  | backend.agents.statement_agent:_call_llm:85 - Groq rate limit hit (llama-3.3-70b-versatile), falling back to Ollama: Error code: 429 - {'error': {'message': 'Rate limit reached for model `llama-3.3-70b-versatile` in organization `org_01k8z2tgj1ezjbwz5qv57a5s85` service tier `on_demand` on tokens per day (TPD): Limit 100000, Used 99391, Requested 1377. Please try again in 11m3.552s. Need more tokens? Upgrade to Dev Tier today at https://console.groq.com/settings/billing', 'type': 'tokens', 'code': 'rate_limit_exceeded'}}
2026-06-07 14:26:03.947 | WARNING  | backend.agents.statement_agent:_call_llm:85 - Groq rate limit hit (llama-3.3-70b-versatile), falling back to Ollama: Error code: 429 - {'error': {'message': 'Rate limit reached for model `llama-3.3-70b-versatile` in organization `org_01k8z2tgj1ezjbwz5qv57a5s85` service tier `on_demand` on tokens per day (TPD): Limit 100000, Used 99377, Requested 1353. Please try again in 10m30.72s. Need more tokens? Upgrade to Dev Tier today at https://console.groq.com/settings/billing', 'type': 'tokens', 'code': 'rate_limit_exceeded'}}
2026-06-07 14:26:08.477 | WARNING  | backend.agents.statement_agent:_call_llm:85 - Groq rate limit hit (llama-3.3-70b-versatile), falling back to Ollama: Error code: 429 - {'error': {'message': 'Rate limit reached for model `llama-3.3-70b-versatile` in organization `org_01k8z2tgj1ezjbwz5qv57a5s85` service tier `on_demand` on tokens per day (TPD): Limit 100000, Used 99372, Requested 1358. Please try again in 10m30.72s. Need more tokens? Upgrade to Dev Tier today at https://console.groq.com/settings/billing', 'type': 'tokens', 'code': 'rate_limit_exceeded'}}
2026-06-07 14:26:12.994 | WARNING  | backend.agents.statement_agent:_call_llm:85 - Groq rate limit hit (llama-3.3-70b-versatile), falling back to Ollama: Error code: 429 - {'error': {'message': 'Rate limit reached for model `llama-3.3-70b-versatile` in organization `org_01k8z2tgj1ezjbwz5qv57a5s85` service tier `on_demand` on tokens per day (TPD): Limit 100000, Used 99366, Requested 1358. Please try again in 10m25.536s. Need more tokens? Upgrade to Dev Tier today at https://console.groq.com/settings/billing', 'type': 'tokens', 'code': 'rate_limit_exceeded'}}
2026-06-07 14:26:17.595 | WARNING  | backend.agents.statement_agent:_call_llm:85 - Groq rate limit hit (llama-3.3-70b-versatile), falling back to Ollama: Error code: 429 - {'error': {'message': 'Rate limit reached for model `llama-3.3-70b-versatile` in organization `org_01k8z2tgj1ezjbwz5qv57a5s85` service tier `on_demand` on tokens per day (TPD): Limit 100000, Used 99361, Requested 1380. Please try again in 10m40.224s. Need more tokens? Upgrade to Dev Tier today at https://console.groq.com/settings/billing', 'type': 'tokens', 'code': 'rate_limit_exceeded'}}
2026-06-07 14:26:21.793 | WARNING  | backend.agents.statement_agent:_call_llm:85 - Groq rate limit hit (llama-3.3-70b-versatile), falling back to Ollama: Error code: 429 - {'error': {'message': 'Rate limit reached for model `llama-3.3-70b-versatile` in organization `org_01k8z2tgj1ezjbwz5qv57a5s85` service tier `on_demand` on tokens per day (TPD): Limit 100000, Used 99356, Requested 1350. Please try again in 10m9.984s. Need more tokens? Upgrade to Dev Tier today at https://console.groq.com/settings/billing', 'type': 'tokens', 'code': 'rate_limit_exceeded'}}
2026-06-07 14:27:27.921 | WARNING  | backend.agents.statement_agent:_call_llm:85 - Groq rate limit hit (llama-3.3-70b-versatile), falling back to Ollama: Error code: 429 - {'error': {'message': 'Rate limit reached for model `llama-3.3-70b-versatile` in organization `org_01k8z2tgj1ezjbwz5qv57a5s85` service tier `on_demand` on tokens per day (TPD): Limit 100000, Used 99280, Requested 1398. Please try again in 9m45.791999999s. Need more tokens? Upgrade to Dev Tier today at https://console.groq.com/settings/billing', 'type': 'tokens', 'code': 'rate_limit_exceeded'}}
2026-06-07 14:27:52.797 | INFO     | backend.pipeline.news_pipeline:run_all:314 -   Done: {'mp_name': 'Raj Kumar Chabbewal', 'articles_fetched': 6, 'quotes_extracted': 21, 'statements_stored': 0, 'errors': []}
2026-06-07 14:27:54.798 | INFO     | backend.pipeline.news_pipeline:run_all:301 - Processing Supriya Sule
2026-06-07 14:28:02.175 | WARNING  | backend.agents.statement_agent:_call_llm:85 - Groq rate limit hit (llama-3.3-70b-versatile), falling back to Ollama: Error code: 429 - {'error': {'message': 'Rate limit reached for model `llama-3.3-70b-versatile` in organization `org_01k8z2tgj1ezjbwz5qv57a5s85` service tier `on_demand` on tokens per day (TPD): Limit 100000, Used 99240, Requested 1372. Please try again in 8m48.767999999s. Need more tokens? Upgrade to Dev Tier today at https://console.groq.com/settings/billing', 'type': 'tokens', 'code': 'rate_limit_exceeded'}}
2026-06-07 14:28:06.969 | WARNING  | backend.agents.statement_agent:_call_llm:85 - Groq rate limit hit (llama-3.3-70b-versatile), falling back to Ollama: Error code: 429 - {'error': {'message': 'Rate limit reached for model `llama-3.3-70b-versatile` in organization `org_01k8z2tgj1ezjbwz5qv57a5s85` service tier `on_demand` on tokens per day (TPD): Limit 100000, Used 99234, Requested 1365. Please try again in 8m37.535999999s. Need more tokens? Upgrade to Dev Tier today at https://console.groq.com/settings/billing', 'type': 'tokens', 'code': 'rate_limit_exceeded'}}
2026-06-07 14:28:11.589 | WARNING  | backend.agents.statement_agent:_call_llm:85 - Groq rate limit hit (llama-3.3-70b-versatile), falling back to Ollama: Error code: 429 - {'error': {'message': 'Rate limit reached for model `llama-3.3-70b-versatile` in organization `org_01k8z2tgj1ezjbwz5qv57a5s85` service tier `on_demand` on tokens per day (TPD): Limit 100000, Used 99229, Requested 1363. Please try again in 8m31.488s. Need more tokens? Upgrade to Dev Tier today at https://console.groq.com/settings/billing', 'type': 'tokens', 'code': 'rate_limit_exceeded'}}
2026-06-07 14:28:16.081 | WARNING  | backend.agents.statement_agent:_call_llm:85 - Groq rate limit hit (llama-3.3-70b-versatile), falling back to Ollama: Error code: 429 - {'error': {'message': 'Rate limit reached for model `llama-3.3-70b-versatile` in organization `org_01k8z2tgj1ezjbwz5qv57a5s85` service tier `on_demand` on tokens per day (TPD): Limit 100000, Used 99224, Requested 1348. Please try again in 8m14.208s. Need more tokens? Upgrade to Dev Tier today at https://console.groq.com/settings/billing', 'type': 'tokens', 'code': 'rate_limit_exceeded'}}
2026-06-07 14:28:20.486 | WARNING  | backend.agents.statement_agent:_call_llm:85 - Groq rate limit hit (llama-3.3-70b-versatile), falling back to Ollama: Error code: 429 - {'error': {'message': 'Rate limit reached for model `llama-3.3-70b-versatile` in organization `org_01k8z2tgj1ezjbwz5qv57a5s85` service tier `on_demand` on tokens per day (TPD): Limit 100000, Used 99219, Requested 1373. Please try again in 8m31.488s. Need more tokens? Upgrade to Dev Tier today at https://console.groq.com/settings/billing', 'type': 'tokens', 'code': 'rate_limit_exceeded'}}
2026-06-07 14:28:25.139 | WARNING  | backend.agents.statement_agent:_call_llm:85 - Groq rate limit hit (llama-3.3-70b-versatile), falling back to Ollama: Error code: 429 - {'error': {'message': 'Rate limit reached for model `llama-3.3-70b-versatile` in organization `org_01k8z2tgj1ezjbwz5qv57a5s85` service tier `on_demand` on tokens per day (TPD): Limit 100000, Used 99213, Requested 1348. Please try again in 8m4.704s. Need more tokens? Upgrade to Dev Tier today at https://console.groq.com/settings/billing', 'type': 'tokens', 'code': 'rate_limit_exceeded'}}
2026-06-07 14:28:29.157 | WARNING  | backend.agents.statement_agent:_call_llm:85 - Groq rate limit hit (llama-3.3-70b-versatile), falling back to Ollama: Error code: 429 - {'error': {'message': 'Rate limit reached for model `llama-3.3-70b-versatile` in organization `org_01k8z2tgj1ezjbwz5qv57a5s85` service tier `on_demand` on tokens per day (TPD): Limit 100000, Used 99209, Requested 1349. Please try again in 8m2.111999999s. Need more tokens? Upgrade to Dev Tier today at https://console.groq.com/settings/billing', 'type': 'tokens', 'code': 'rate_limit_exceeded'}}
2026-06-07 14:28:50.256 | WARNING  | backend.scraper.news:fetch_article:155 - Article fetch failed for https://indianexpress.com/article/cities/mumbai/supriya-sule-maharashtra-majhi-ladki-bahin-scheme-beneficiaries-drop-ekyc-10718868/: [Errno 11001] getaddrinfo failed
2026-06-07 14:28:50.261 | DEBUG    | backend.scraper.news:resolve_article_url:115 - gnewsdecoder returned no URL for 'NCP (SP) MP Supriya Sule, Chauffer and PA escape unhurt in m'
2026-06-07 14:28:50.261 | DEBUG    | backend.pipeline.news_pipeline:run_for_mp:169 - No URL resolved for 'NCP (SP) MP Supriya Sule, Chauffer and PA escape unhurt in m'
2026-06-07 14:28:50.264 | DEBUG    | backend.scraper.news:resolve_article_url:115 - gnewsdecoder returned no URL for 'NDTV Asks Supriya Sule On NCP Merger. Her "Ajit Pawar No Mor'
2026-06-07 14:28:50.264 | DEBUG    | backend.pipeline.news_pipeline:run_for_mp:169 - No URL resolved for 'NDTV Asks Supriya Sule On NCP Merger. Her "Ajit Pawar No Mor'
2026-06-07 14:28:50.266 | DEBUG    | backend.scraper.news:resolve_article_url:115 - gnewsdecoder returned no URL for 'Supriya Sule interview | ‘INDIA bloc will hold in 2029 despi'
2026-06-07 14:28:50.266 | DEBUG    | backend.pipeline.news_pipeline:run_for_mp:169 - No URL resolved for 'Supriya Sule interview | ‘INDIA bloc will hold in 2029 despi'
2026-06-07 14:28:50.268 | DEBUG    | backend.scraper.news:resolve_article_url:115 - gnewsdecoder returned no URL for 'Will not contest a Pawar family member again, says Baramati '
2026-06-07 14:28:50.268 | DEBUG    | backend.pipeline.news_pipeline:run_for_mp:169 - No URL resolved for 'Will not contest a Pawar family member again, says Baramati '
2026-06-07 14:28:50.271 | DEBUG    | backend.scraper.news:resolve_article_url:115 - gnewsdecoder returned no URL for 'Baramati MP Supriya Sule’s car meets with accident, she esca'
2026-06-07 14:28:50.271 | DEBUG    | backend.pipeline.news_pipeline:run_for_mp:169 - No URL resolved for 'Baramati MP Supriya Sule’s car meets with accident, she esca'
2026-06-07 14:28:50.273 | DEBUG    | backend.scraper.news:resolve_article_url:115 - gnewsdecoder returned no URL for '"No Issues In Family": Supriya Sule On Joining Hands With Aj'
2026-06-07 14:28:50.273 | DEBUG    | backend.pipeline.news_pipeline:run_for_mp:169 - No URL resolved for '"No Issues In Family": Supriya Sule On Joining Hands With Aj'
2026-06-07 14:28:50.275 | DEBUG    | backend.scraper.news:resolve_article_url:115 - gnewsdecoder returned no URL for 'Supriya Sule stuck in massive Mumbai–Pune Expressway jam, mi'
2026-06-07 14:28:50.276 | DEBUG    | backend.pipeline.news_pipeline:run_for_mp:169 - No URL resolved for 'Supriya Sule stuck in massive Mumbai–Pune Expressway jam, mi'
2026-06-07 14:28:50.277 | DEBUG    | backend.scraper.news:resolve_article_url:115 - gnewsdecoder returned no URL for 'Delhi Confidential: House & Family - The Indian Express'
2026-06-07 14:28:50.277 | DEBUG    | backend.pipeline.news_pipeline:run_for_mp:169 - No URL resolved for 'Delhi Confidential: House & Family - The Indian Express'
2026-06-07 14:28:50.280 | DEBUG    | backend.scraper.news:resolve_article_url:115 - gnewsdecoder returned no URL for 'Ajit Pawar, Supriya Sule share stage for first time since NC'
2026-06-07 14:28:50.280 | DEBUG    | backend.pipeline.news_pipeline:run_for_mp:169 - No URL resolved for 'Ajit Pawar, Supriya Sule share stage for first time since NC'
2026-06-07 14:28:50.282 | DEBUG    | backend.scraper.news:resolve_article_url:115 - gnewsdecoder returned no URL for 'Rohit Pawar and Supriya Sule step up pressure on Centre for '
2026-06-07 14:28:50.282 | DEBUG    | backend.pipeline.news_pipeline:run_for_mp:169 - No URL resolved for 'Rohit Pawar and Supriya Sule step up pressure on Centre for '
2026-06-07 14:28:50.284 | DEBUG    | backend.scraper.news:resolve_article_url:115 - gnewsdecoder returned no URL for 'NCP (SP) Baramati MP Supriya Sule accuses Centre, Maharashtr'
2026-06-07 14:28:50.284 | DEBUG    | backend.pipeline.news_pipeline:run_for_mp:169 - No URL resolved for 'NCP (SP) Baramati MP Supriya Sule accuses Centre, Maharashtr'
2026-06-07 14:28:50.287 | DEBUG    | backend.scraper.news:resolve_article_url:115 - gnewsdecoder returned no URL for 'CTET 2026 Result: Supriya Sule urges intervention - The Indi'
2026-06-07 14:28:50.287 | DEBUG    | backend.pipeline.news_pipeline:run_for_mp:169 - No URL resolved for 'CTET 2026 Result: Supriya Sule urges intervention - The Indi'
2026-06-07 14:28:50.289 | DEBUG    | backend.scraper.news:resolve_article_url:115 - gnewsdecoder returned no URL for 'Ajit Pawar death: Supriya Sule breaks down for her 'dada'; a'
2026-06-07 14:28:50.289 | DEBUG    | backend.pipeline.news_pipeline:run_for_mp:169 - No URL resolved for 'Ajit Pawar death: Supriya Sule breaks down for her 'dada'; a'
2026-06-07 14:28:50.291 | DEBUG    | backend.scraper.news:resolve_article_url:115 - gnewsdecoder returned no URL for 'NCP Leader Supriya Sule's Daughter To Marry Nagpur Businessm'
2026-06-07 14:28:50.291 | DEBUG    | backend.pipeline.news_pipeline:run_for_mp:169 - No URL resolved for 'NCP Leader Supriya Sule's Daughter To Marry Nagpur Businessm'
2026-06-07 14:28:50.298 | DEBUG    | backend.scraper.news:resolve_article_url:115 - gnewsdecoder returned no URL for '"Was Elected 4 Times On Same Machine": Supriya Sule Disagree'
2026-06-07 14:28:50.298 | DEBUG    | backend.pipeline.news_pipeline:run_for_mp:169 - No URL resolved for '"Was Elected 4 Times On Same Machine": Supriya Sule Disagree'
2026-06-07 14:28:50.300 | DEBUG    | backend.scraper.news:resolve_article_url:115 - gnewsdecoder returned no URL for 'Supriya Sule interview: ‘We have never hidden Pawar family’s'
2026-06-07 14:28:50.300 | DEBUG    | backend.pipeline.news_pipeline:run_for_mp:169 - No URL resolved for 'Supriya Sule interview: ‘We have never hidden Pawar family’s'
2026-06-07 14:28:50.302 | DEBUG    | backend.scraper.news:resolve_article_url:115 - gnewsdecoder returned no URL for 'Pune civic polls: Ajit Pawar, Supriya Sule share stage, rele'
2026-06-07 14:28:50.302 | DEBUG    | backend.pipeline.news_pipeline:run_for_mp:169 - No URL resolved for 'Pune civic polls: Ajit Pawar, Supriya Sule share stage, rele'
2026-06-07 14:28:50.304 | DEBUG    | backend.scraper.news:resolve_article_url:115 - gnewsdecoder returned no URL for 'Supriya Sule, Sunetra Pawar break down as they meet family m'
2026-06-07 14:28:50.304 | DEBUG    | backend.pipeline.news_pipeline:run_for_mp:169 - No URL resolved for 'Supriya Sule, Sunetra Pawar break down as they meet family m'
2026-06-07 14:28:50.306 | DEBUG    | backend.scraper.news:resolve_article_url:115 - gnewsdecoder returned no URL for 'True liberation for women only when they get respect at home'
2026-06-07 14:28:50.307 | DEBUG    | backend.pipeline.news_pipeline:run_for_mp:169 - No URL resolved for 'True liberation for women only when they get respect at home'
2026-06-07 14:28:50.308 | DEBUG    | backend.scraper.news:resolve_article_url:115 - gnewsdecoder returned no URL for 'Right to Disconnect Bill 2025: Supriya Sule moves legislatio'
2026-06-07 14:28:50.308 | DEBUG    | backend.pipeline.news_pipeline:run_for_mp:169 - No URL resolved for 'Right to Disconnect Bill 2025: Supriya Sule moves legislatio'
2026-06-07 14:28:50.310 | DEBUG    | backend.scraper.news:resolve_article_url:115 - gnewsdecoder returned no URL for 'What’s in Supriya Sule’s Right to Disconnect Bill & how have'
2026-06-07 14:28:50.310 | DEBUG    | backend.pipeline.news_pipeline:run_for_mp:169 - No URL resolved for 'What’s in Supriya Sule’s Right to Disconnect Bill & how have'
2026-06-07 14:28:50.312 | DEBUG    | backend.scraper.news:resolve_article_url:115 - gnewsdecoder returned no URL for 'Bill against after-hour work calls: A look at Supriya Sule’s'
2026-06-07 14:28:50.312 | DEBUG    | backend.pipeline.news_pipeline:run_for_mp:169 - No URL resolved for 'Bill against after-hour work calls: A look at Supriya Sule’s'
2026-06-07 14:28:50.314 | DEBUG    | backend.scraper.news:resolve_article_url:115 - gnewsdecoder returned no URL for '"Has To Be For People Who Need It": Supriya Sule To NDTV On '
2026-06-07 14:28:50.314 | DEBUG    | backend.pipeline.news_pipeline:run_for_mp:169 - No URL resolved for '"Has To Be For People Who Need It": Supriya Sule To NDTV On '
2026-06-07 14:28:50.316 | DEBUG    | backend.scraper.news:resolve_article_url:115 - gnewsdecoder returned no URL for 'Watch: Kangana Ranaut, Mahua Moitra and Supriya Sule dance t'
2026-06-07 14:28:50.316 | DEBUG    | backend.pipeline.news_pipeline:run_for_mp:169 - No URL resolved for 'Watch: Kangana Ranaut, Mahua Moitra and Supriya Sule dance t'
2026-06-07 14:28:50.318 | DEBUG    | backend.scraper.news:resolve_article_url:115 - gnewsdecoder returned no URL for 'Supriya Sule introduces Right to Disconnect Bill in LS to pr'
2026-06-07 14:28:50.318 | DEBUG    | backend.pipeline.news_pipeline:run_for_mp:169 - No URL resolved for 'Supriya Sule introduces Right to Disconnect Bill in LS to pr'
2026-06-07 14:28:50.320 | DEBUG    | backend.scraper.news:resolve_article_url:115 - gnewsdecoder returned no URL for 'No calls and emails after office hours: Right to Disconnect '
2026-06-07 14:28:50.321 | DEBUG    | backend.pipeline.news_pipeline:run_for_mp:169 - No URL resolved for 'No calls and emails after office hours: Right to Disconnect '
2026-06-07 14:28:50.322 | DEBUG    | backend.scraper.news:resolve_article_url:115 - gnewsdecoder returned no URL for 'No original members left in BJP, mostly outsiders: Maharasht'
2026-06-07 14:28:50.323 | DEBUG    | backend.pipeline.news_pipeline:run_for_mp:169 - No URL resolved for 'No original members left in BJP, mostly outsiders: Maharasht'
2026-06-07 14:28:50.324 | DEBUG    | backend.scraper.news:resolve_article_url:115 - gnewsdecoder returned no URL for 'Shut liquor shops in Mumbai’s Breach Candy: NCP (SP) MP Supr'
2026-06-07 14:28:50.325 | DEBUG    | backend.pipeline.news_pipeline:run_for_mp:169 - No URL resolved for 'Shut liquor shops in Mumbai’s Breach Candy: NCP (SP) MP Supr'
2026-06-07 14:28:50.326 | DEBUG    | backend.scraper.news:resolve_article_url:115 - gnewsdecoder returned no URL for 'V-P poll held through secret ballot, how can BJP allege cros'
2026-06-07 14:28:50.326 | DEBUG    | backend.pipeline.news_pipeline:run_for_mp:169 - No URL resolved for 'V-P poll held through secret ballot, how can BJP allege cros'
2026-06-07 14:28:50.329 | DEBUG    | backend.scraper.news:resolve_article_url:115 - gnewsdecoder returned no URL for 'What is Right to Disconnect Bill introduced in Lok Sabha and'
2026-06-07 14:28:50.329 | DEBUG    | backend.pipeline.news_pipeline:run_for_mp:169 - No URL resolved for 'What is Right to Disconnect Bill introduced in Lok Sabha and'
2026-06-07 14:28:50.330 | DEBUG    | backend.scraper.news:resolve_article_url:115 - gnewsdecoder returned no URL for '"Becoming Norm With Air India": MP Supriya Sule's Flight Del'
2026-06-07 14:28:50.330 | DEBUG    | backend.pipeline.news_pipeline:run_for_mp:169 - No URL resolved for '"Becoming Norm With Air India": MP Supriya Sule's Flight Del'
2026-06-07 14:28:50.332 | DEBUG    | backend.scraper.news:resolve_article_url:115 - gnewsdecoder returned no URL for 'PM’s generosity that he showed faith in Oppn to lead global '
2026-06-07 14:28:50.332 | DEBUG    | backend.pipeline.news_pipeline:run_for_mp:169 - No URL resolved for 'PM’s generosity that he showed faith in Oppn to lead global '
2026-06-07 14:28:50.335 | DEBUG    | backend.scraper.news:resolve_article_url:115 - gnewsdecoder returned no URL for 'Supriya Sule extends veiled support to quota based on econom'
2026-06-07 14:28:50.335 | DEBUG    | backend.pipeline.news_pipeline:run_for_mp:169 - No URL resolved for 'Supriya Sule extends veiled support to quota based on econom'
2026-06-07 14:28:50.336 | DEBUG    | backend.scraper.news:resolve_article_url:115 - gnewsdecoder returned no URL for 'Curb ‘unopposed election’ pattern in local bodies: Supriya S'
2026-06-07 14:28:50.337 | DEBUG    | backend.pipeline.news_pipeline:run_for_mp:169 - No URL resolved for 'Curb ‘unopposed election’ pattern in local bodies: Supriya S'
2026-06-07 14:28:50.338 | DEBUG    | backend.scraper.news:resolve_article_url:115 - gnewsdecoder returned no URL for '‘Greatness of PM…’: Why Supriya Sule lauded Modi during Oper'
2026-06-07 14:28:50.338 | DEBUG    | backend.pipeline.news_pipeline:run_for_mp:169 - No URL resolved for '‘Greatness of PM…’: Why Supriya Sule lauded Modi during Oper'
2026-06-07 14:28:50.340 | DEBUG    | backend.scraper.news:resolve_article_url:115 - gnewsdecoder returned no URL for 'Kangana Ranaut, Supriya Sule's Dance Rehearsal For Naveen Ji'
2026-06-07 14:28:50.341 | DEBUG    | backend.pipeline.news_pipeline:run_for_mp:169 - No URL resolved for 'Kangana Ranaut, Supriya Sule's Dance Rehearsal For Naveen Ji'
2026-06-07 14:28:50.341 | DEBUG    | backend.scraper.news:resolve_article_url:115 - gnewsdecoder returned no URL for 'Watch: Kangana Ranaut, Mahua Moitra, Supriya Sule Dance At N'
2026-06-07 14:28:50.341 | DEBUG    | backend.pipeline.news_pipeline:run_for_mp:169 - No URL resolved for 'Watch: Kangana Ranaut, Mahua Moitra, Supriya Sule Dance At N'
2026-06-07 14:28:50.341 | DEBUG    | backend.scraper.news:resolve_article_url:115 - gnewsdecoder returned no URL for 'Supriya Sule backs Rahul Gandhi on ‘voter discrepancies’ in '
2026-06-07 14:28:50.341 | DEBUG    | backend.pipeline.news_pipeline:run_for_mp:169 - No URL resolved for 'Supriya Sule backs Rahul Gandhi on ‘voter discrepancies’ in '
2026-06-07 14:28:50.341 | DEBUG    | backend.scraper.news:resolve_article_url:115 - gnewsdecoder returned no URL for 'Objections over Maharashtra elections should be discussed in'
2026-06-07 14:28:50.341 | DEBUG    | backend.pipeline.news_pipeline:run_for_mp:169 - No URL resolved for 'Objections over Maharashtra elections should be discussed in'
2026-06-07 14:28:50.348 | DEBUG    | backend.scraper.news:resolve_article_url:115 - gnewsdecoder returned no URL for '"Passengers Stranded, Distressed": Supriya Sule Slams Air In'
2026-06-07 14:28:50.349 | DEBUG    | backend.pipeline.news_pipeline:run_for_mp:169 - No URL resolved for '"Passengers Stranded, Distressed": Supriya Sule Slams Air In'
2026-06-07 14:28:50.350 | DEBUG    | backend.scraper.news:resolve_article_url:115 - gnewsdecoder returned no URL for 'Op Sindoor debate: Tejasvi Surya claims Nehru opposed army m'
2026-06-07 14:28:50.351 | DEBUG    | backend.pipeline.news_pipeline:run_for_mp:169 - No URL resolved for 'Op Sindoor debate: Tejasvi Surya claims Nehru opposed army m'
2026-06-07 14:28:50.353 | DEBUG    | backend.scraper.news:resolve_article_url:115 - gnewsdecoder returned no URL for 'Supriya Sule: NCP to back Thackerays on Hindi stand - The Ti'
2026-06-07 14:28:50.353 | DEBUG    | backend.pipeline.news_pipeline:run_for_mp:169 - No URL resolved for 'Supriya Sule: NCP to back Thackerays on Hindi stand - The Ti'
2026-06-07 14:28:50.354 | DEBUG    | backend.scraper.news:resolve_article_url:115 - gnewsdecoder returned no URL for 'MP Supriya Sule wants separate authority for Hinjewadi clust'
2026-06-07 14:28:50.354 | DEBUG    | backend.pipeline.news_pipeline:run_for_mp:169 - No URL resolved for 'MP Supriya Sule wants separate authority for Hinjewadi clust'
2026-06-07 14:28:50.357 | DEBUG    | backend.scraper.news:resolve_article_url:115 - gnewsdecoder returned no URL for 'Shashi Tharoor, Supriya Sule among MPs leading multi-party d'
2026-06-07 14:28:50.357 | DEBUG    | backend.pipeline.news_pipeline:run_for_mp:169 - No URL resolved for 'Shashi Tharoor, Supriya Sule among MPs leading multi-party d'
2026-06-07 14:28:50.362 | DEBUG    | backend.scraper.news:resolve_article_url:115 - gnewsdecoder returned no URL for '‘Had told Congress to wait until delegations return’: Supriy'
2026-06-07 14:28:50.362 | DEBUG    | backend.pipeline.news_pipeline:run_for_mp:169 - No URL resolved for '‘Had told Congress to wait until delegations return’: Supriy'
2026-06-07 14:28:50.366 | DEBUG    | backend.scraper.news:resolve_article_url:115 - gnewsdecoder returned no URL for 'Congress contacted me about demand for special Parliament se'
2026-06-07 14:28:50.366 | DEBUG    | backend.pipeline.news_pipeline:run_for_mp:169 - No URL resolved for 'Congress contacted me about demand for special Parliament se'
2026-06-07 14:28:50.368 | DEBUG    | backend.scraper.news:resolve_article_url:115 - gnewsdecoder returned no URL for 'What is Right to Disconnect Bill 2025? Amid debate over work'
2026-06-07 14:28:50.368 | DEBUG    | backend.pipeline.news_pipeline:run_for_mp:169 - No URL resolved for 'What is Right to Disconnect Bill 2025? Amid debate over work'
2026-06-07 14:28:50.371 | DEBUG    | backend.scraper.news:resolve_article_url:115 - gnewsdecoder returned no URL for '‘No work calls after office hours’: Private member’s bill in'
2026-06-07 14:28:50.371 | DEBUG    | backend.pipeline.news_pipeline:run_for_mp:169 - No URL resolved for '‘No work calls after office hours’: Private member’s bill in'
2026-06-07 14:28:50.371 | INFO     | backend.pipeline.news_pipeline:run_all:314 -   Done: {'mp_name': 'Supriya Sule', 'articles_fetched': 1, 'quotes_extracted': 7, 'statements_stored': 0, 'errors': []}
2026-06-07 14:28:52.371 | INFO     | backend.pipeline.news_pipeline:run_all:301 - Processing Faggan Singh Kulaste
2026-06-07 14:28:52.381 | WARNING  | backend.scraper.news:fetch_rss:90 - RSS parse issue for 'Faggan Singh Kulaste': <urlopen error [Errno 11001] getaddrinfo failed>
2026-06-07 14:28:52.381 | INFO     | backend.pipeline.news_pipeline:run_all:314 -   Done: {'mp_name': 'Faggan Singh Kulaste', 'articles_fetched': 0, 'quotes_extracted': 0, 'statements_stored': 0, 'errors': []}
2026-06-07 14:28:54.382 | INFO     | backend.pipeline.news_pipeline:run_all:301 - Processing Lovely Anand
2026-06-07 14:28:54.402 | WARNING  | backend.scraper.news:fetch_rss:90 - RSS parse issue for 'Lovely Anand': <urlopen error [Errno 11001] getaddrinfo failed>
2026-06-07 14:28:54.403 | INFO     | backend.pipeline.news_pipeline:run_all:314 -   Done: {'mp_name': 'Lovely Anand', 'articles_fetched': 0, 'quotes_extracted': 0, 'statements_stored': 0, 'errors': []}
2026-06-07 14:28:56.404 | INFO     | backend.pipeline.news_pipeline:run_all:301 - Processing Naresh Ganpat Mhaske
2026-06-07 14:28:56.416 | WARNING  | backend.scraper.news:fetch_rss:90 - RSS parse issue for 'Naresh Ganpat Mhaske': <urlopen error [Errno 11001] getaddrinfo failed>
2026-06-07 14:28:56.416 | INFO     | backend.pipeline.news_pipeline:run_all:314 -   Done: {'mp_name': 'Naresh Ganpat Mhaske', 'articles_fetched': 0, 'quotes_extracted': 0, 'statements_stored': 0, 'errors': []}
2026-06-07 14:28:58.418 | INFO     | backend.pipeline.news_pipeline:run_all:301 - Processing Surendra Prasad Yadav
2026-06-07 14:29:10.462 | WARNING  | backend.scraper.news:fetch_rss:90 - RSS parse issue for 'Surendra Prasad Yadav': <urlopen error [Errno 11001] getaddrinfo failed>
2026-06-07 14:29:10.463 | INFO     | backend.pipeline.news_pipeline:run_all:314 -   Done: {'mp_name': 'Surendra Prasad Yadav', 'articles_fetched': 0, 'quotes_extracted': 0, 'statements_stored': 0, 'errors': []}
2026-06-07 14:29:12.464 | INFO     | backend.pipeline.news_pipeline:run_all:301 - Processing Chamala Kiran Kumar Reddy
2026-06-07 14:29:24.512 | WARNING  | backend.scraper.news:fetch_rss:90 - RSS parse issue for 'Chamala Kiran Kumar Reddy': <urlopen error [Errno 11001] getaddrinfo failed>
2026-06-07 14:29:24.513 | INFO     | backend.pipeline.news_pipeline:run_all:314 -   Done: {'mp_name': 'Chamala Kiran Kumar Reddy', 'articles_fetched': 0, 'quotes_extracted': 0, 'statements_stored': 0, 'errors': []}
2026-06-07 14:29:26.513 | INFO     | backend.pipeline.news_pipeline:run_all:301 - Processing G Kishan Reddy
2026-06-07 14:29:26.527 | WARNING  | backend.scraper.news:fetch_rss:90 - RSS parse issue for 'G Kishan Reddy': <urlopen error [Errno 11001] getaddrinfo failed>
2026-06-07 14:29:26.527 | INFO     | backend.pipeline.news_pipeline:run_all:314 -   Done: {'mp_name': 'G Kishan Reddy', 'articles_fetched': 0, 'quotes_extracted': 0, 'statements_stored': 0, 'errors': []}
2026-06-07 14:29:28.529 | INFO     | backend.pipeline.news_pipeline:run_all:301 - Processing Navaskani K
2026-06-07 14:29:28.541 | WARNING  | backend.scraper.news:fetch_rss:90 - RSS parse issue for 'Navaskani K': <urlopen error [Errno 11001] getaddrinfo failed>
2026-06-07 14:29:28.541 | INFO     | backend.pipeline.news_pipeline:run_all:314 -   Done: {'mp_name': 'Navaskani K', 'articles_fetched': 0, 'quotes_extracted': 0, 'statements_stored': 0, 'errors': []}
2026-06-07 14:29:30.542 | INFO     | backend.pipeline.news_pipeline:run_all:301 - Processing Raja Ram Singh
2026-06-07 14:29:30.555 | WARNING  | backend.scraper.news:fetch_rss:90 - RSS parse issue for 'Raja Ram Singh': <urlopen error [Errno 11001] getaddrinfo failed>
2026-06-07 14:29:30.555 | INFO     | backend.pipeline.news_pipeline:run_all:314 -   Done: {'mp_name': 'Raja Ram Singh', 'articles_fetched': 0, 'quotes_extracted': 0, 'statements_stored': 0, 'errors': []}
2026-06-07 14:29:32.556 | INFO     | backend.pipeline.news_pipeline:run_all:301 - Processing Suresh Gopi
2026-06-07 14:29:32.567 | WARNING  | backend.scraper.news:fetch_rss:90 - RSS parse issue for 'Suresh Gopi': <urlopen error [Errno 11001] getaddrinfo failed>
2026-06-07 14:29:32.567 | INFO     | backend.pipeline.news_pipeline:run_all:314 -   Done: {'mp_name': 'Suresh Gopi', 'articles_fetched': 0, 'quotes_extracted': 0, 'statements_stored': 0, 'errors': []}
2026-06-07 14:29:34.568 | INFO     | backend.pipeline.news_pipeline:run_all:301 - Processing Chandan Chauhan
2026-06-07 14:29:34.580 | WARNING  | backend.scraper.news:fetch_rss:90 - RSS parse issue for 'Chandan Chauhan': <urlopen error [Errno 11001] getaddrinfo failed>
2026-06-07 14:29:34.580 | INFO     | backend.pipeline.news_pipeline:run_all:314 -   Done: {'mp_name': 'Chandan Chauhan', 'articles_fetched': 0, 'quotes_extracted': 0, 'statements_stored': 0, 'errors': []}
2026-06-07 14:29:36.581 | INFO     | backend.pipeline.news_pipeline:run_all:301 - Processing G Kumar Naik
2026-06-07 14:29:36.588 | WARNING  | backend.scraper.news:fetch_rss:90 - RSS parse issue for 'G Kumar Naik': <urlopen error [Errno 11001] getaddrinfo failed>
2026-06-07 14:29:36.588 | INFO     | backend.pipeline.news_pipeline:run_all:314 -   Done: {'mp_name': 'G Kumar Naik', 'articles_fetched': 0, 'quotes_extracted': 0, 'statements_stored': 0, 'errors': []}
2026-06-07 14:29:38.594 | INFO     | backend.pipeline.news_pipeline:run_all:301 - Processing M K Raghavan
2026-06-07 14:29:38.606 | WARNING  | backend.scraper.news:fetch_rss:90 - RSS parse issue for 'M K Raghavan': <urlopen error [Errno 11001] getaddrinfo failed>
2026-06-07 14:29:38.607 | INFO     | backend.pipeline.news_pipeline:run_all:314 -   Done: {'mp_name': 'M K Raghavan', 'articles_fetched': 0, 'quotes_extracted': 0, 'statements_stored': 0, 'errors': []}
2026-06-07 14:29:40.607 | INFO     | backend.pipeline.news_pipeline:run_all:301 - Processing Naveen Jindal
2026-06-07 14:29:40.617 | WARNING  | backend.scraper.news:fetch_rss:90 - RSS parse issue for 'Naveen Jindal': <urlopen error [Errno 11001] getaddrinfo failed>
2026-06-07 14:29:40.617 | INFO     | backend.pipeline.news_pipeline:run_all:314 -   Done: {'mp_name': 'Naveen Jindal', 'articles_fetched': 0, 'quotes_extracted': 0, 'statements_stored': 0, 'errors': []}
2026-06-07 14:29:42.620 | INFO     | backend.pipeline.news_pipeline:run_all:301 - Processing Suresh Kumar Kashyap
2026-06-07 14:29:42.627 | WARNING  | backend.scraper.news:fetch_rss:90 - RSS parse issue for 'Suresh Kumar Kashyap': <urlopen error [Errno 11001] getaddrinfo failed>
2026-06-07 14:29:42.627 | INFO     | backend.pipeline.news_pipeline:run_all:314 -   Done: {'mp_name': 'Suresh Kumar Kashyap', 'articles_fetched': 0, 'quotes_extracted': 0, 'statements_stored': 0, 'errors': []}
2026-06-07 14:29:44.634 | INFO     | backend.pipeline.news_pipeline:run_all:301 - Processing Chandra Prakash Choudhary
2026-06-07 14:29:44.645 | WARNING  | backend.scraper.news:fetch_rss:90 - RSS parse issue for 'Chandra Prakash Choudhary': <urlopen error [Errno 11001] getaddrinfo failed>
2026-06-07 14:29:44.645 | INFO     | backend.pipeline.news_pipeline:run_all:314 -   Done: {'mp_name': 'Chandra Prakash Choudhary', 'articles_fetched': 0, 'quotes_extracted': 0, 'statements_stored': 0, 'errors': []}
2026-06-07 14:29:46.647 | INFO     | backend.pipeline.news_pipeline:run_all:301 - Processing M K Vishnu Prasad
2026-06-07 14:29:46.656 | WARNING  | backend.scraper.news:fetch_rss:90 - RSS parse issue for 'M K Vishnu Prasad': <urlopen error [Errno 11001] getaddrinfo failed>
2026-06-07 14:29:46.656 | INFO     | backend.pipeline.news_pipeline:run_all:314 -   Done: {'mp_name': 'M K Vishnu Prasad', 'articles_fetched': 0, 'quotes_extracted': 0, 'statements_stored': 0, 'errors': []}
2026-06-07 14:29:48.660 | INFO     | backend.pipeline.news_pipeline:run_all:301 - Processing Neeraj Maurya
2026-06-07 14:29:48.667 | WARNING  | backend.scraper.news:fetch_rss:90 - RSS parse issue for 'Neeraj Maurya': <urlopen error [Errno 11001] getaddrinfo failed>
2026-06-07 14:29:48.667 | INFO     | backend.pipeline.news_pipeline:run_all:314 -   Done: {'mp_name': 'Neeraj Maurya', 'articles_fetched': 0, 'quotes_extracted': 0, 'statements_stored': 0, 'errors': []}
2026-06-07 14:29:50.673 | INFO     | backend.pipeline.news_pipeline:run_all:301 - Processing Rajeev Bhardwaj
2026-06-07 14:29:50.685 | WARNING  | backend.scraper.news:fetch_rss:90 - RSS parse issue for 'Rajeev Bhardwaj': <urlopen error [Errno 11001] getaddrinfo failed>
2026-06-07 14:29:50.685 | INFO     | backend.pipeline.news_pipeline:run_all:314 -   Done: {'mp_name': 'Rajeev Bhardwaj', 'articles_fetched': 0, 'quotes_extracted': 0, 'statements_stored': 0, 'errors': []}
2026-06-07 14:29:52.686 | INFO     | backend.pipeline.news_pipeline:run_all:301 - Processing Suresh Kumar Shetkar
2026-06-07 14:29:52.698 | WARNING  | backend.scraper.news:fetch_rss:90 - RSS parse issue for 'Suresh Kumar Shetkar': <urlopen error [Errno 11001] getaddrinfo failed>
2026-06-07 14:29:52.698 | INFO     | backend.pipeline.news_pipeline:run_all:314 -   Done: {'mp_name': 'Suresh Kumar Shetkar', 'articles_fetched': 0, 'quotes_extracted': 0, 'statements_stored': 0, 'errors': []}
2026-06-07 14:29:54.699 | INFO     | backend.pipeline.news_pipeline:run_all:301 - Processing Chandra Prakash Joshi
2026-06-07 14:29:54.709 | WARNING  | backend.scraper.news:fetch_rss:90 - RSS parse issue for 'Chandra Prakash Joshi': <urlopen error [Errno 11001] getaddrinfo failed>
2026-06-07 14:29:54.709 | INFO     | backend.pipeline.news_pipeline:run_all:314 -   Done: {'mp_name': 'Chandra Prakash Joshi', 'articles_fetched': 0, 'quotes_extracted': 0, 'statements_stored': 0, 'errors': []}
2026-06-07 14:29:56.710 | INFO     | backend.pipeline.news_pipeline:run_all:301 - Processing M Mallesh Babu
2026-06-07 14:29:56.718 | WARNING  | backend.scraper.news:fetch_rss:90 - RSS parse issue for 'M Mallesh Babu': <urlopen error [Errno 11001] getaddrinfo failed>
2026-06-07 14:29:56.718 | INFO     | backend.pipeline.news_pipeline:run_all:314 -   Done: {'mp_name': 'M Mallesh Babu', 'articles_fetched': 0, 'quotes_extracted': 0, 'statements_stored': 0, 'errors': []}
2026-06-07 14:29:58.722 | INFO     | backend.pipeline.news_pipeline:run_all:301 - Processing Nilesh Dnyandev Lanke
2026-06-07 14:29:58.722 | WARNING  | backend.scraper.news:fetch_rss:90 - RSS parse issue for 'Nilesh Dnyandev Lanke': <urlopen error [Errno 11001] getaddrinfo failed>
2026-06-07 14:29:58.722 | INFO     | backend.pipeline.news_pipeline:run_all:314 -   Done: {'mp_name': 'Nilesh Dnyandev Lanke', 'articles_fetched': 0, 'quotes_extracted': 0, 'statements_stored': 0, 'errors': []}
2026-06-07 14:30:00.733 | INFO     | backend.pipeline.news_pipeline:run_all:301 - Processing Rajeev Rai
2026-06-07 14:30:00.733 | WARNING  | backend.scraper.news:fetch_rss:90 - RSS parse issue for 'Rajeev Rai': <urlopen error [Errno 11001] getaddrinfo failed>
2026-06-07 14:30:00.733 | INFO     | backend.pipeline.news_pipeline:run_all:314 -   Done: {'mp_name': 'Rajeev Rai', 'articles_fetched': 0, 'quotes_extracted': 0, 'statements_stored': 0, 'errors': []}
2026-06-07 14:30:02.744 | INFO     | backend.pipeline.news_pipeline:run_all:301 - Processing Chandra Sekhar Pemmasani
2026-06-07 14:30:02.753 | WARNING  | backend.scraper.news:fetch_rss:90 - RSS parse issue for 'Chandra Sekhar Pemmasani': <urlopen error [Errno 11001] getaddrinfo failed>
2026-06-07 14:30:02.754 | INFO     | backend.pipeline.news_pipeline:run_all:314 -   Done: {'mp_name': 'Chandra Sekhar Pemmasani', 'articles_fetched': 0, 'quotes_extracted': 0, 'statements_stored': 0, 'errors': []}
2026-06-07 14:30:04.754 | INFO     | backend.pipeline.news_pipeline:run_all:301 - Processing M P Abdussamad Samadani
2026-06-07 14:30:04.762 | WARNING  | backend.scraper.news:fetch_rss:90 - RSS parse issue for 'M P Abdussamad Samadani': <urlopen error [Errno 11001] getaddrinfo failed>
2026-06-07 14:30:04.762 | INFO     | backend.pipeline.news_pipeline:run_all:314 -   Done: {'mp_name': 'M P Abdussamad Samadani', 'articles_fetched': 0, 'quotes_extracted': 0, 'statements_stored': 0, 'errors': []}
2026-06-07 14:30:06.765 | INFO     | backend.pipeline.news_pipeline:run_all:301 - Processing Gaikwad Varsha Eknath
2026-06-07 14:30:06.777 | WARNING  | backend.scraper.news:fetch_rss:90 - RSS parse issue for 'Gaikwad Varsha Eknath': <urlopen error [Errno 11001] getaddrinfo failed>
2026-06-07 14:30:06.777 | INFO     | backend.pipeline.news_pipeline:run_all:314 -   Done: {'mp_name': 'Gaikwad Varsha Eknath', 'articles_fetched': 0, 'quotes_extracted': 0, 'statements_stored': 0, 'errors': []}
2026-06-07 14:30:08.777 | INFO     | backend.pipeline.news_pipeline:run_all:301 - Processing Maddila Gurumoorthy
2026-06-07 14:30:08.789 | WARNING  | backend.scraper.news:fetch_rss:90 - RSS parse issue for 'Maddila Gurumoorthy': <urlopen error [Errno 11001] getaddrinfo failed>
2026-06-07 14:30:08.789 | INFO     | backend.pipeline.news_pipeline:run_all:314 -   Done: {'mp_name': 'Maddila Gurumoorthy', 'articles_fetched': 0, 'quotes_extracted': 0, 'statements_stored': 0, 'errors': []}
2026-06-07 14:30:10.790 | INFO     | backend.pipeline.news_pipeline:run_all:301 - Processing Nishikant Dubey
2026-06-07 14:30:10.800 | WARNING  | backend.scraper.news:fetch_rss:90 - RSS parse issue for 'Nishikant Dubey': <urlopen error [Errno 11001] getaddrinfo failed>
2026-06-07 14:30:10.800 | INFO     | backend.pipeline.news_pipeline:run_all:314 -   Done: {'mp_name': 'Nishikant Dubey', 'articles_fetched': 0, 'quotes_extracted': 0, 'statements_stored': 0, 'errors': []}
2026-06-07 14:30:12.801 | INFO     | backend.pipeline.news_pipeline:run_all:301 - Processing Madhavaneni Raghunandan Rao
2026-06-07 14:30:12.810 | WARNING  | backend.scraper.news:fetch_rss:90 - RSS parse issue for 'Madhavaneni Raghunandan Rao': <urlopen error [Errno 11001] getaddrinfo failed>
2026-06-07 14:30:12.810 | INFO     | backend.pipeline.news_pipeline:run_all:314 -   Done: {'mp_name': 'Madhavaneni Raghunandan Rao', 'articles_fetched': 0, 'quotes_extracted': 0, 'statements_stored': 0, 'errors': []}
2026-06-07 14:30:14.815 | INFO     | backend.pipeline.news_pipeline:run_all:301 - Processing Nitin Jairam Gadkari
2026-06-07 14:30:14.825 | WARNING  | backend.scraper.news:fetch_rss:90 - RSS parse issue for 'Nitin Jairam Gadkari': <urlopen error [Errno 11001] getaddrinfo failed>
2026-06-07 14:30:14.825 | INFO     | backend.pipeline.news_pipeline:run_all:314 -   Done: {'mp_name': 'Nitin Jairam Gadkari', 'articles_fetched': 0, 'quotes_extracted': 0, 'statements_stored': 0, 'errors': []}
2026-06-07 14:30:16.827 | INFO     | backend.pipeline.news_pipeline:run_all:301 - Processing Rajesh Verma
2026-06-07 14:30:16.827 | WARNING  | backend.scraper.news:fetch_rss:90 - RSS parse issue for 'Rajesh Verma': <urlopen error [Errno 11001] getaddrinfo failed>
2026-06-07 14:30:16.827 | INFO     | backend.pipeline.news_pipeline:run_all:314 -   Done: {'mp_name': 'Rajesh Verma', 'articles_fetched': 0, 'quotes_extracted': 0, 'statements_stored': 0, 'errors': []}
2026-06-07 14:30:18.838 | INFO     | backend.pipeline.news_pipeline:run_all:301 - Processing Chandubhai Chhaganbhai Shihora
2026-06-07 14:30:18.846 | WARNING  | backend.scraper.news:fetch_rss:90 - RSS parse issue for 'Chandubhai Chhaganbhai Shihora': <urlopen error [Errno 11001] getaddrinfo failed>
2026-06-07 14:30:18.846 | INFO     | backend.pipeline.news_pipeline:run_all:314 -   Done: {'mp_name': 'Chandubhai Chhaganbhai Shihora', 'articles_fetched': 0, 'quotes_extracted': 0, 'statements_stored': 0, 'errors': []}
2026-06-07 14:30:20.852 | INFO     | backend.pipeline.news_pipeline:run_all:301 - Processing Gajendra Singh Shekhawat
2026-06-07 14:30:20.862 | WARNING  | backend.scraper.news:fetch_rss:90 - RSS parse issue for 'Gajendra Singh Shekhawat': <urlopen error [Errno 11001] getaddrinfo failed>
2026-06-07 14:30:20.862 | INFO     | backend.pipeline.news_pipeline:run_all:314 -   Done: {'mp_name': 'Gajendra Singh Shekhawat', 'articles_fetched': 0, 'quotes_extracted': 0, 'statements_stored': 0, 'errors': []}
2026-06-07 14:30:22.864 | INFO     | backend.pipeline.news_pipeline:run_all:301 - Processing Nityanand Rai
2026-06-07 14:30:22.864 | WARNING  | backend.scraper.news:fetch_rss:90 - RSS parse issue for 'Nityanand Rai': <urlopen error [Errno 11001] getaddrinfo failed>
2026-06-07 14:30:22.864 | INFO     | backend.pipeline.news_pipeline:run_all:314 -   Done: {'mp_name': 'Nityanand Rai', 'articles_fetched': 0, 'quotes_extracted': 0, 'statements_stored': 0, 'errors': []}
2026-06-07 14:30:24.875 | INFO     | backend.pipeline.news_pipeline:run_all:301 - Processing Rajiv Pratap Rudy
2026-06-07 14:30:24.885 | WARNING  | backend.scraper.news:fetch_rss:90 - RSS parse issue for 'Rajiv Pratap Rudy': <urlopen error [Errno 11001] getaddrinfo failed>
2026-06-07 14:30:24.885 | INFO     | backend.pipeline.news_pipeline:run_all:314 -   Done: {'mp_name': 'Rajiv Pratap Rudy', 'articles_fetched': 0, 'quotes_extracted': 0, 'statements_stored': 0, 'errors': []}
2026-06-07 14:30:26.888 | INFO     | backend.pipeline.news_pipeline:run_all:301 - Processing Tangella Uday Srinivas
2026-06-07 14:30:26.899 | WARNING  | backend.scraper.news:fetch_rss:90 - RSS parse issue for 'Tangella Uday Srinivas': <urlopen error [Errno 11001] getaddrinfo failed>
2026-06-07 14:30:26.899 | INFO     | backend.pipeline.news_pipeline:run_all:314 -   Done: {'mp_name': 'Tangella Uday Srinivas', 'articles_fetched': 0, 'quotes_extracted': 0, 'statements_stored': 0, 'errors': []}
2026-06-07 14:30:28.901 | INFO     | backend.pipeline.news_pipeline:run_all:301 - Processing Charanjit Singh Channi
2026-06-07 14:30:28.911 | WARNING  | backend.scraper.news:fetch_rss:90 - RSS parse issue for 'Charanjit Singh Channi': <urlopen error [Errno 11001] getaddrinfo failed>
2026-06-07 14:30:28.911 | INFO     | backend.pipeline.news_pipeline:run_all:314 -   Done: {'mp_name': 'Charanjit Singh Channi', 'articles_fetched': 0, 'quotes_extracted': 0, 'statements_stored': 0, 'errors': []}
2026-06-07 14:30:30.912 | INFO     | backend.pipeline.news_pipeline:run_all:301 - Processing Ganapathy Rajkumar P
2026-06-07 14:30:30.918 | WARNING  | backend.scraper.news:fetch_rss:90 - RSS parse issue for 'Ganapathy Rajkumar P': <urlopen error [Errno 11001] getaddrinfo failed>
2026-06-07 14:30:30.918 | INFO     | backend.pipeline.news_pipeline:run_all:314 -   Done: {'mp_name': 'Ganapathy Rajkumar P', 'articles_fetched': 0, 'quotes_extracted': 0, 'statements_stored': 0, 'errors': []}
2026-06-07 14:30:32.924 | INFO     | backend.pipeline.news_pipeline:run_all:301 - Processing Mahendra Singh Solanky
2026-06-07 14:30:32.931 | WARNING  | backend.scraper.news:fetch_rss:90 - RSS parse issue for 'Mahendra Singh Solanky': <urlopen error [Errno 11001] getaddrinfo failed>
2026-06-07 14:30:32.931 | INFO     | backend.pipeline.news_pipeline:run_all:314 -   Done: {'mp_name': 'Mahendra Singh Solanky', 'articles_fetched': 0, 'quotes_extracted': 0, 'statements_stored': 0, 'errors': []}
2026-06-07 14:30:34.936 | INFO     | backend.pipeline.news_pipeline:run_all:301 - Processing Om Birla
2026-06-07 14:30:34.937 | WARNING  | backend.scraper.news:fetch_rss:90 - RSS parse issue for 'Om Birla': <urlopen error [Errno 11001] getaddrinfo failed>
2026-06-07 14:30:34.937 | INFO     | backend.pipeline.news_pipeline:run_all:314 -   Done: {'mp_name': 'Om Birla', 'articles_fetched': 0, 'quotes_extracted': 0, 'statements_stored': 0, 'errors': []}
2026-06-07 14:30:36.947 | INFO     | backend.pipeline.news_pipeline:run_all:301 - Processing Tanuj Punia
2026-06-07 14:30:36.947 | WARNING  | backend.scraper.news:fetch_rss:90 - RSS parse issue for 'Tanuj Punia': <urlopen error [Errno 11001] getaddrinfo failed>
2026-06-07 14:30:36.947 | INFO     | backend.pipeline.news_pipeline:run_all:314 -   Done: {'mp_name': 'Tanuj Punia', 'articles_fetched': 0, 'quotes_extracted': 0, 'statements_stored': 0, 'errors': []}
2026-06-07 14:30:38.958 | INFO     | backend.pipeline.news_pipeline:run_all:301 - Processing Chavan Ravindra Vasantrao
2026-06-07 14:30:38.968 | WARNING  | backend.scraper.news:fetch_rss:90 - RSS parse issue for 'Chavan Ravindra Vasantrao': <urlopen error [Errno 11001] getaddrinfo failed>
2026-06-07 14:30:38.968 | INFO     | backend.pipeline.news_pipeline:run_all:314 -   Done: {'mp_name': 'Chavan Ravindra Vasantrao', 'articles_fetched': 0, 'quotes_extracted': 0, 'statements_stored': 0, 'errors': []}
2026-06-07 14:30:40.970 | INFO     | backend.pipeline.news_pipeline:run_all:301 - Processing Ganesh Singh
2026-06-07 14:30:40.974 | WARNING  | backend.scraper.news:fetch_rss:90 - RSS parse issue for 'Ganesh Singh': <urlopen error [Errno 11001] getaddrinfo failed>
2026-06-07 14:30:40.974 | INFO     | backend.pipeline.news_pipeline:run_all:314 -   Done: {'mp_name': 'Ganesh Singh', 'articles_fetched': 0, 'quotes_extracted': 0, 'statements_stored': 0, 'errors': []}
2026-06-07 14:30:42.982 | INFO     | backend.pipeline.news_pipeline:run_all:301 - Processing Mahesh Kashyap
2026-06-07 14:30:42.986 | WARNING  | backend.scraper.news:fetch_rss:90 - RSS parse issue for 'Mahesh Kashyap': <urlopen error [Errno 11001] getaddrinfo failed>
2026-06-07 14:30:42.986 | INFO     | backend.pipeline.news_pipeline:run_all:314 -   Done: {'mp_name': 'Mahesh Kashyap', 'articles_fetched': 0, 'quotes_extracted': 0, 'statements_stored': 0, 'errors': []}
2026-06-07 14:30:44.996 | INFO     | backend.pipeline.news_pipeline:run_all:301 - Processing Rajkumar Chahar
2026-06-07 14:30:45.002 | WARNING  | backend.scraper.news:fetch_rss:90 - RSS parse issue for 'Rajkumar Chahar': <urlopen error [Errno 11001] getaddrinfo failed>
2026-06-07 14:30:45.002 | INFO     | backend.pipeline.news_pipeline:run_all:314 -   Done: {'mp_name': 'Rajkumar Chahar', 'articles_fetched': 0, 'quotes_extracted': 0, 'statements_stored': 0, 'errors': []}
2026-06-07 14:30:47.008 | INFO     | backend.pipeline.news_pipeline:run_all:301 - Processing Tapir Gao
2026-06-07 14:30:47.008 | WARNING  | backend.scraper.news:fetch_rss:90 - RSS parse issue for 'Tapir Gao': <urlopen error [Errno 11001] getaddrinfo failed>
2026-06-07 14:30:47.008 | INFO     | backend.pipeline.news_pipeline:run_all:314 -   Done: {'mp_name': 'Tapir Gao', 'articles_fetched': 0, 'quotes_extracted': 0, 'statements_stored': 0, 'errors': []}
2026-06-07 14:30:49.019 | INFO     | backend.pipeline.news_pipeline:run_all:301 - Processing Gaurav Gogoi
2026-06-07 14:30:49.029 | WARNING  | backend.scraper.news:fetch_rss:90 - RSS parse issue for 'Gaurav Gogoi': <urlopen error [Errno 11001] getaddrinfo failed>
2026-06-07 14:30:49.029 | INFO     | backend.pipeline.news_pipeline:run_all:314 -   Done: {'mp_name': 'Gaurav Gogoi', 'articles_fetched': 0, 'quotes_extracted': 0, 'statements_stored': 0, 'errors': []}
2026-06-07 14:30:51.030 | INFO     | backend.pipeline.news_pipeline:run_all:301 - Processing Chavan Vasantrao Balwantrao
2026-06-07 14:30:51.037 | WARNING  | backend.scraper.news:fetch_rss:90 - RSS parse issue for 'Chavan Vasantrao Balwantrao': <urlopen error [Errno 11001] getaddrinfo failed>
2026-06-07 14:30:51.037 | INFO     | backend.pipeline.news_pipeline:run_all:314 -   Done: {'mp_name': 'Chavan Vasantrao Balwantrao', 'articles_fetched': 0, 'quotes_extracted': 0, 'statements_stored': 0, 'errors': []}
2026-06-07 14:30:53.041 | INFO     | backend.pipeline.news_pipeline:run_all:301 - Processing Mahesh Sharma
2026-06-07 14:30:53.041 | WARNING  | backend.scraper.news:fetch_rss:90 - RSS parse issue for 'Mahesh Sharma': <urlopen error [Errno 11001] getaddrinfo failed>
2026-06-07 14:30:53.041 | INFO     | backend.pipeline.news_pipeline:run_all:314 -   Done: {'mp_name': 'Mahesh Sharma', 'articles_fetched': 0, 'quotes_extracted': 0, 'statements_stored': 0, 'errors': []}
2026-06-07 14:30:55.052 | INFO     | backend.pipeline.news_pipeline:run_all:301 - Processing P C Mohan
2026-06-07 14:30:55.062 | WARNING  | backend.scraper.news:fetch_rss:90 - RSS parse issue for 'P C Mohan': <urlopen error [Errno 11001] getaddrinfo failed>
2026-06-07 14:30:55.062 | INFO     | backend.pipeline.news_pipeline:run_all:314 -   Done: {'mp_name': 'P C Mohan', 'articles_fetched': 0, 'quotes_extracted': 0, 'statements_stored': 0, 'errors': []}
2026-06-07 14:30:57.064 | INFO     | backend.pipeline.news_pipeline:run_all:301 - Processing Tariq Anwar
2026-06-07 14:30:57.077 | WARNING  | backend.scraper.news:fetch_rss:90 - RSS parse issue for 'Tariq Anwar': <urlopen error [Errno 11001] getaddrinfo failed>
2026-06-07 14:30:57.079 | INFO     | backend.pipeline.news_pipeline:run_all:314 -   Done: {'mp_name': 'Tariq Anwar', 'articles_fetched': 0, 'quotes_extracted': 0, 'statements_stored': 0, 'errors': []}
2026-06-07 14:30:59.079 | INFO     | backend.pipeline.news_pipeline:run_all:301 - Processing Geniben Nagaji Thakor
2026-06-07 14:30:59.087 | WARNING  | backend.scraper.news:fetch_rss:90 - RSS parse issue for 'Geniben Nagaji Thakor': <urlopen error [Errno 11001] getaddrinfo failed>
2026-06-07 14:30:59.087 | INFO     | backend.pipeline.news_pipeline:run_all:314 -   Done: {'mp_name': 'Geniben Nagaji Thakor', 'articles_fetched': 0, 'quotes_extracted': 0, 'statements_stored': 0, 'errors': []}
2026-06-07 14:31:01.089 | INFO     | backend.pipeline.news_pipeline:run_all:301 - Processing Mahima Kumari Mewar
2026-06-07 14:31:01.097 | WARNING  | backend.scraper.news:fetch_rss:90 - RSS parse issue for 'Mahima Kumari Mewar': <urlopen error [Errno 11001] getaddrinfo failed>
2026-06-07 14:31:01.097 | INFO     | backend.pipeline.news_pipeline:run_all:314 -   Done: {'mp_name': 'Mahima Kumari Mewar', 'articles_fetched': 0, 'quotes_extracted': 0, 'statements_stored': 0, 'errors': []}
2026-06-07 14:31:03.101 | INFO     | backend.pipeline.news_pipeline:run_all:301 - Processing P P Chaudhary
2026-06-07 14:31:03.103 | WARNING  | backend.scraper.news:fetch_rss:90 - RSS parse issue for 'P P Chaudhary': <urlopen error [Errno 11001] getaddrinfo failed>
2026-06-07 14:31:03.103 | INFO     | backend.pipeline.news_pipeline:run_all:314 -   Done: {'mp_name': 'P P Chaudhary', 'articles_fetched': 0, 'quotes_extracted': 0, 'statements_stored': 0, 'errors': []}
2026-06-07 14:31:05.113 | INFO     | backend.pipeline.news_pipeline:run_all:301 - Processing Giridhari Yadav
2026-06-07 14:31:05.124 | WARNING  | backend.scraper.news:fetch_rss:90 - RSS parse issue for 'Giridhari Yadav': <urlopen error [Errno 11001] getaddrinfo failed>
2026-06-07 14:31:05.124 | INFO     | backend.pipeline.news_pipeline:run_all:314 -   Done: {'mp_name': 'Giridhari Yadav', 'articles_fetched': 0, 'quotes_extracted': 0, 'statements_stored': 0, 'errors': []}
2026-06-07 14:31:07.126 | INFO     | backend.pipeline.news_pipeline:run_all:301 - Processing Mahua Moitra
2026-06-07 14:31:07.129 | WARNING  | backend.scraper.news:fetch_rss:90 - RSS parse issue for 'Mahua Moitra': <urlopen error [Errno 11001] getaddrinfo failed>
2026-06-07 14:31:07.129 | INFO     | backend.pipeline.news_pipeline:run_all:314 -   Done: {'mp_name': 'Mahua Moitra', 'articles_fetched': 0, 'quotes_extracted': 0, 'statements_stored': 0, 'errors': []}
2026-06-07 14:31:09.137 | INFO     | backend.pipeline.news_pipeline:run_all:301 - Processing P V Midhun Reddy
2026-06-07 14:31:09.148 | WARNING  | backend.scraper.news:fetch_rss:90 - RSS parse issue for 'P V Midhun Reddy': <urlopen error [Errno 11001] getaddrinfo failed>
2026-06-07 14:31:09.148 | INFO     | backend.pipeline.news_pipeline:run_all:314 -   Done: {'mp_name': 'P V Midhun Reddy', 'articles_fetched': 0, 'quotes_extracted': 0, 'statements_stored': 0, 'errors': []}
2026-06-07 14:31:11.149 | INFO     | backend.pipeline.news_pipeline:run_all:301 - Processing Rajmohan Unnithan
2026-06-07 14:31:11.159 | WARNING  | backend.scraper.news:fetch_rss:90 - RSS parse issue for 'Rajmohan Unnithan': <urlopen error [Errno 11001] getaddrinfo failed>
2026-06-07 14:31:11.159 | INFO     | backend.pipeline.news_pipeline:run_all:314 -   Done: {'mp_name': 'Rajmohan Unnithan', 'articles_fetched': 0, 'quotes_extracted': 0, 'statements_stored': 0, 'errors': []}
2026-06-07 14:31:13.161 | INFO     | backend.pipeline.news_pipeline:run_all:301 - Processing Tejasvi Surya
2026-06-07 14:31:13.171 | WARNING  | backend.scraper.news:fetch_rss:90 - RSS parse issue for 'Tejasvi Surya': <urlopen error [Errno 11001] getaddrinfo failed>
2026-06-07 14:31:13.171 | INFO     | backend.pipeline.news_pipeline:run_all:314 -   Done: {'mp_name': 'Tejasvi Surya', 'articles_fetched': 0, 'quotes_extracted': 0, 'statements_stored': 0, 'errors': []}
2026-06-07 14:31:15.175 | INFO     | backend.pipeline.news_pipeline:run_all:301 - Processing Giriraj Singh
2026-06-07 14:31:15.187 | WARNING  | backend.scraper.news:fetch_rss:90 - RSS parse issue for 'Giriraj Singh': <urlopen error [Errno 11001] getaddrinfo failed>
2026-06-07 14:31:15.187 | INFO     | backend.pipeline.news_pipeline:run_all:314 -   Done: {'mp_name': 'Giriraj Singh', 'articles_fetched': 0, 'quotes_extracted': 0, 'statements_stored': 0, 'errors': []}
2026-06-07 14:31:17.188 | INFO     | backend.pipeline.news_pipeline:run_all:301 - Processing Mala Rajya Laxmi Shah
2026-06-07 14:31:17.190 | WARNING  | backend.scraper.news:fetch_rss:90 - RSS parse issue for 'Mala Rajya Laxmi Shah': <urlopen error [Errno 11001] getaddrinfo failed>
2026-06-07 14:31:17.190 | INFO     | backend.pipeline.news_pipeline:run_all:314 -   Done: {'mp_name': 'Mala Rajya Laxmi Shah', 'articles_fetched': 0, 'quotes_extracted': 0, 'statements_stored': 0, 'errors': []}
2026-06-07 14:31:19.199 | INFO     | backend.pipeline.news_pipeline:run_all:301 - Processing Rajnath Singh
2026-06-07 14:31:19.209 | WARNING  | backend.scraper.news:fetch_rss:90 - RSS parse issue for 'Rajnath Singh': <urlopen error [Errno 11001] getaddrinfo failed>
2026-06-07 14:31:19.209 | INFO     | backend.pipeline.news_pipeline:run_all:314 -   Done: {'mp_name': 'Rajnath Singh', 'articles_fetched': 0, 'quotes_extracted': 0, 'statements_stored': 0, 'errors': []}
2026-06-07 14:31:21.211 | INFO     | backend.pipeline.news_pipeline:run_all:301 - Processing Tharaniventhan M S
2026-06-07 14:31:21.220 | WARNING  | backend.scraper.news:fetch_rss:90 - RSS parse issue for 'Tharaniventhan M S': <urlopen error [Errno 11001] getaddrinfo failed>
2026-06-07 14:31:21.220 | INFO     | backend.pipeline.news_pipeline:run_all:314 -   Done: {'mp_name': 'Tharaniventhan M S', 'articles_fetched': 0, 'quotes_extracted': 0, 'statements_stored': 0, 'errors': []}
2026-06-07 14:31:23.222 | INFO     | backend.pipeline.news_pipeline:run_all:301 - Processing Chhatrapati Shahu Shahaji
2026-06-07 14:31:23.232 | WARNING  | backend.scraper.news:fetch_rss:90 - RSS parse issue for 'Chhatrapati Shahu Shahaji': <urlopen error [Errno 11001] getaddrinfo failed>
2026-06-07 14:31:23.232 | INFO     | backend.pipeline.news_pipeline:run_all:314 -   Done: {'mp_name': 'Chhatrapati Shahu Shahaji', 'articles_fetched': 0, 'quotes_extracted': 0, 'statements_stored': 0, 'errors': []}
2026-06-07 14:31:25.233 | INFO     | backend.pipeline.news_pipeline:run_all:301 - Processing Godam Nagesh
2026-06-07 14:31:25.240 | WARNING  | backend.scraper.news:fetch_rss:90 - RSS parse issue for 'Godam Nagesh': <urlopen error [Errno 11001] getaddrinfo failed>
2026-06-07 14:31:25.240 | INFO     | backend.pipeline.news_pipeline:run_all:314 -   Done: {'mp_name': 'Godam Nagesh', 'articles_fetched': 0, 'quotes_extracted': 0, 'statements_stored': 0, 'errors': []}
2026-06-07 14:31:27.244 | INFO     | backend.pipeline.news_pipeline:run_all:301 - Processing Mala Roy
2026-06-07 14:31:27.249 | WARNING  | backend.scraper.news:fetch_rss:90 - RSS parse issue for 'Mala Roy': <urlopen error [Errno 11001] getaddrinfo failed>
2026-06-07 14:31:27.249 | INFO     | backend.pipeline.news_pipeline:run_all:314 -   Done: {'mp_name': 'Mala Roy', 'articles_fetched': 0, 'quotes_extracted': 0, 'statements_stored': 0, 'errors': []}
2026-06-07 14:31:29.256 | INFO     | backend.pipeline.news_pipeline:run_all:301 - Processing Parbhubhai Nagarbhai Vasava
2026-06-07 14:31:29.258 | WARNING  | backend.scraper.news:fetch_rss:90 - RSS parse issue for 'Parbhubhai Nagarbhai Vasava': <urlopen error [Errno 11001] getaddrinfo failed>
2026-06-07 14:31:29.258 | INFO     | backend.pipeline.news_pipeline:run_all:314 -   Done: {'mp_name': 'Parbhubhai Nagarbhai Vasava', 'articles_fetched': 0, 'quotes_extracted': 0, 'statements_stored': 0, 'errors': []}
2026-06-07 14:31:31.270 | INFO     | backend.pipeline.news_pipeline:run_all:301 - Processing Rajpalsinh Mahendrasinh Jadav
2026-06-07 14:31:31.279 | WARNING  | backend.scraper.news:fetch_rss:90 - RSS parse issue for 'Rajpalsinh Mahendrasinh Jadav': <urlopen error [Errno 11001] getaddrinfo failed>
2026-06-07 14:31:31.279 | INFO     | backend.pipeline.news_pipeline:run_all:314 -   Done: {'mp_name': 'Rajpalsinh Mahendrasinh Jadav', 'articles_fetched': 0, 'quotes_extracted': 0, 'statements_stored': 0, 'errors': []}
2026-06-07 14:31:33.284 | INFO     | backend.pipeline.news_pipeline:run_all:301 - Processing Chhotelal
2026-06-07 14:31:33.294 | WARNING  | backend.scraper.news:fetch_rss:90 - RSS parse issue for 'Chhotelal': <urlopen error [Errno 11001] getaddrinfo failed>
2026-06-07 14:31:33.294 | INFO     | backend.pipeline.news_pipeline:run_all:314 -   Done: {'mp_name': 'Chhotelal', 'articles_fetched': 0, 'quotes_extracted': 0, 'statements_stored': 0, 'errors': []}
2026-06-07 14:31:35.299 | INFO     | backend.pipeline.news_pipeline:run_all:301 - Processing Gopal Jee Thakur
2026-06-07 14:31:35.306 | WARNING  | backend.scraper.news:fetch_rss:90 - RSS parse issue for 'Gopal Jee Thakur': <urlopen error [Errno 11001] getaddrinfo failed>
2026-06-07 14:31:35.306 | INFO     | backend.pipeline.news_pipeline:run_all:314 -   Done: {'mp_name': 'Gopal Jee Thakur', 'articles_fetched': 0, 'quotes_extracted': 0, 'statements_stored': 0, 'errors': []}
2026-06-07 14:31:37.309 | INFO     | backend.pipeline.news_pipeline:run_all:301 - Processing Malaiyarasan D
2026-06-07 14:31:37.311 | WARNING  | backend.scraper.news:fetch_rss:90 - RSS parse issue for 'Malaiyarasan D': <urlopen error [Errno 11001] getaddrinfo failed>
2026-06-07 14:31:37.311 | INFO     | backend.pipeline.news_pipeline:run_all:314 -   Done: {'mp_name': 'Malaiyarasan D', 'articles_fetched': 0, 'quotes_extracted': 0, 'statements_stored': 0, 'errors': []}
2026-06-07 14:31:39.322 | INFO     | backend.pipeline.news_pipeline:run_all:301 - Processing Parimal Suklabaidya
2026-06-07 14:31:39.331 | WARNING  | backend.scraper.news:fetch_rss:90 - RSS parse issue for 'Parimal Suklabaidya': <urlopen error [Errno 11001] getaddrinfo failed>
2026-06-07 14:31:39.331 | INFO     | backend.pipeline.news_pipeline:run_all:314 -   Done: {'mp_name': 'Parimal Suklabaidya', 'articles_fetched': 0, 'quotes_extracted': 0, 'statements_stored': 0, 'errors': []}
2026-06-07 14:31:41.334 | INFO     | backend.pipeline.news_pipeline:run_all:301 - Processing Raju Bista
2026-06-07 14:31:41.346 | WARNING  | backend.scraper.news:fetch_rss:90 - RSS parse issue for 'Raju Bista': <urlopen error [Errno 11001] getaddrinfo failed>
2026-06-07 14:31:41.346 | INFO     | backend.pipeline.news_pipeline:run_all:314 -   Done: {'mp_name': 'Raju Bista', 'articles_fetched': 0, 'quotes_extracted': 0, 'statements_stored': 0, 'errors': []}
2026-06-07 14:31:43.352 | INFO     | backend.pipeline.news_pipeline:run_all:301 - Processing Tokhan Sahu
2026-06-07 14:31:43.364 | WARNING  | backend.scraper.news:fetch_rss:90 - RSS parse issue for 'Tokhan Sahu': <urlopen error [Errno 11001] getaddrinfo failed>
2026-06-07 14:31:43.364 | INFO     | backend.pipeline.news_pipeline:run_all:314 -   Done: {'mp_name': 'Tokhan Sahu', 'articles_fetched': 0, 'quotes_extracted': 0, 'statements_stored': 0, 'errors': []}
2026-06-07 14:31:45.369 | INFO     | backend.pipeline.news_pipeline:run_all:301 - Processing Chintamani Maharaj
2026-06-07 14:31:45.375 | WARNING  | backend.scraper.news:fetch_rss:90 - RSS parse issue for 'Chintamani Maharaj': <urlopen error [Errno 11001] getaddrinfo failed>
2026-06-07 14:31:45.375 | INFO     | backend.pipeline.news_pipeline:run_all:314 -   Done: {'mp_name': 'Chintamani Maharaj', 'articles_fetched': 0, 'quotes_extracted': 0, 'statements_stored': 0, 'errors': []}
2026-06-07 14:31:47.380 | INFO     | backend.pipeline.news_pipeline:run_all:301 - Processing Govind Makthappa Karjol
2026-06-07 14:31:47.390 | WARNING  | backend.scraper.news:fetch_rss:90 - RSS parse issue for 'Govind Makthappa Karjol': <urlopen error [Errno 11001] getaddrinfo failed>
2026-06-07 14:31:47.390 | INFO     | backend.pipeline.news_pipeline:run_all:314 -   Done: {'mp_name': 'Govind Makthappa Karjol', 'articles_fetched': 0, 'quotes_extracted': 0, 'statements_stored': 0, 'errors': []}
2026-06-07 14:31:49.391 | INFO     | backend.pipeline.news_pipeline:run_all:301 - Processing Mallu Ravi
2026-06-07 14:31:49.391 | WARNING  | backend.scraper.news:fetch_rss:90 - RSS parse issue for 'Mallu Ravi': <urlopen error [Errno 11001] getaddrinfo failed>
2026-06-07 14:31:49.391 | INFO     | backend.pipeline.news_pipeline:run_all:314 -   Done: {'mp_name': 'Mallu Ravi', 'articles_fetched': 0, 'quotes_extracted': 0, 'statements_stored': 0, 'errors': []}
2026-06-07 14:31:51.402 | INFO     | backend.pipeline.news_pipeline:run_all:301 - Processing Parshottambhai Rupala
2026-06-07 14:31:51.402 | WARNING  | backend.scraper.news:fetch_rss:90 - RSS parse issue for 'Parshottambhai Rupala': <urlopen error [Errno 11001] getaddrinfo failed>
2026-06-07 14:31:51.402 | INFO     | backend.pipeline.news_pipeline:run_all:314 -   Done: {'mp_name': 'Parshottambhai Rupala', 'articles_fetched': 0, 'quotes_extracted': 0, 'statements_stored': 0, 'errors': []}
2026-06-07 14:31:53.412 | INFO     | backend.pipeline.news_pipeline:run_all:301 - Processing Rakesh Rathor
2026-06-07 14:31:53.424 | WARNING  | backend.scraper.news:fetch_rss:90 - RSS parse issue for 'Rakesh Rathor': <urlopen error [Errno 11001] getaddrinfo failed>
2026-06-07 14:31:53.424 | INFO     | backend.pipeline.news_pipeline:run_all:314 -   Done: {'mp_name': 'Rakesh Rathor', 'articles_fetched': 0, 'quotes_extracted': 0, 'statements_stored': 0, 'errors': []}
2026-06-07 14:31:55.424 | INFO     | backend.pipeline.news_pipeline:run_all:301 - Processing Trivendra Singh Rawat
2026-06-07 14:31:55.440 | WARNING  | backend.scraper.news:fetch_rss:90 - RSS parse issue for 'Trivendra Singh Rawat': <urlopen error [Errno 11001] getaddrinfo failed>
2026-06-07 14:31:55.440 | INFO     | backend.pipeline.news_pipeline:run_all:314 -   Done: {'mp_name': 'Trivendra Singh Rawat', 'articles_fetched': 0, 'quotes_extracted': 0, 'statements_stored': 0, 'errors': []}
2026-06-07 14:31:57.441 | INFO     | backend.pipeline.news_pipeline:run_all:301 - Processing Chirag Paswan
2026-06-07 14:31:57.448 | WARNING  | backend.scraper.news:fetch_rss:90 - RSS parse issue for 'Chirag Paswan': <urlopen error [Errno 11001] getaddrinfo failed>
2026-06-07 14:31:57.448 | INFO     | backend.pipeline.news_pipeline:run_all:314 -   Done: {'mp_name': 'Chirag Paswan', 'articles_fetched': 0, 'quotes_extracted': 0, 'statements_stored': 0, 'errors': []}
2026-06-07 14:31:59.453 | INFO     | backend.pipeline.news_pipeline:run_all:301 - Processing Malvika Devi
2026-06-07 14:31:59.465 | WARNING  | backend.scraper.news:fetch_rss:90 - RSS parse issue for 'Malvika Devi': <urlopen error [Errno 11001] getaddrinfo failed>
2026-06-07 14:31:59.465 | INFO     | backend.pipeline.news_pipeline:run_all:314 -   Done: {'mp_name': 'Malvika Devi', 'articles_fetched': 0, 'quotes_extracted': 0, 'statements_stored': 0, 'errors': []}
2026-06-07 14:32:01.468 | INFO     | backend.pipeline.news_pipeline:run_all:301 - Processing Partha Bhowmick
2026-06-07 14:32:01.468 | WARNING  | backend.scraper.news:fetch_rss:90 - RSS parse issue for 'Partha Bhowmick': <urlopen error [Errno 11001] getaddrinfo failed>
2026-06-07 14:32:01.468 | INFO     | backend.pipeline.news_pipeline:run_all:314 -   Done: {'mp_name': 'Partha Bhowmick', 'articles_fetched': 0, 'quotes_extracted': 0, 'statements_stored': 0, 'errors': []}
2026-06-07 14:32:03.480 | INFO     | backend.pipeline.news_pipeline:run_all:301 - Processing Ujjwal Raman Singh
2026-06-07 14:32:03.491 | WARNING  | backend.scraper.news:fetch_rss:90 - RSS parse issue for 'Ujjwal Raman Singh': <urlopen error [Errno 11001] getaddrinfo failed>
2026-06-07 14:32:03.491 | INFO     | backend.pipeline.news_pipeline:run_all:314 -   Done: {'mp_name': 'Ujjwal Raman Singh', 'articles_fetched': 0, 'quotes_extracted': 0, 'statements_stored': 0, 'errors': []}
2026-06-07 14:32:05.493 | INFO     | backend.pipeline.news_pipeline:run_all:301 - Processing Chudasama Rajeshbhai Naranbhai
2026-06-07 14:32:05.500 | WARNING  | backend.scraper.news:fetch_rss:90 - RSS parse issue for 'Chudasama Rajeshbhai Naranbhai': <urlopen error [Errno 11001] getaddrinfo failed>
2026-06-07 14:32:05.500 | INFO     | backend.pipeline.news_pipeline:run_all:314 -   Done: {'mp_name': 'Chudasama Rajeshbhai Naranbhai', 'articles_fetched': 0, 'quotes_extracted': 0, 'statements_stored': 0, 'errors': []}
2026-06-07 14:32:07.509 | INFO     | backend.pipeline.news_pipeline:run_all:301 - Processing Gumma Thanuja Rani
2026-06-07 14:32:07.509 | WARNING  | backend.scraper.news:fetch_rss:90 - RSS parse issue for 'Gumma Thanuja Rani': <urlopen error [Errno 11001] getaddrinfo failed>
2026-06-07 14:32:07.509 | INFO     | backend.pipeline.news_pipeline:run_all:314 -   Done: {'mp_name': 'Gumma Thanuja Rani', 'articles_fetched': 0, 'quotes_extracted': 0, 'statements_stored': 0, 'errors': []}
2026-06-07 14:32:09.519 | INFO     | backend.pipeline.news_pipeline:run_all:301 - Processing Malvinder Singh Kang
2026-06-07 14:32:09.521 | WARNING  | backend.scraper.news:fetch_rss:90 - RSS parse issue for 'Malvinder Singh Kang': <urlopen error [Errno 11001] getaddrinfo failed>
2026-06-07 14:32:09.521 | INFO     | backend.pipeline.news_pipeline:run_all:314 -   Done: {'mp_name': 'Malvinder Singh Kang', 'articles_fetched': 0, 'quotes_extracted': 0, 'statements_stored': 0, 'errors': []}
2026-06-07 14:32:11.530 | INFO     | backend.pipeline.news_pipeline:run_all:301 - Processing Patel Umeshbhai Babubhai
2026-06-07 14:32:11.531 | WARNING  | backend.scraper.news:fetch_rss:90 - RSS parse issue for 'Patel Umeshbhai Babubhai': <urlopen error [Errno 11001] getaddrinfo failed>
2026-06-07 14:32:11.531 | INFO     | backend.pipeline.news_pipeline:run_all:314 -   Done: {'mp_name': 'Patel Umeshbhai Babubhai', 'articles_fetched': 0, 'quotes_extracted': 0, 'statements_stored': 0, 'errors': []}
2026-06-07 14:32:13.542 | INFO     | backend.pipeline.news_pipeline:run_all:301 - Processing Ram Prasad Chaudhary
2026-06-07 14:32:13.550 | WARNING  | backend.scraper.news:fetch_rss:90 - RSS parse issue for 'Ram Prasad Chaudhary': <urlopen error [Errno 11001] getaddrinfo failed>
2026-06-07 14:32:13.550 | INFO     | backend.pipeline.news_pipeline:run_all:314 -   Done: {'mp_name': 'Ram Prasad Chaudhary', 'articles_fetched': 0, 'quotes_extracted': 0, 'statements_stored': 0, 'errors': []}
2026-06-07 14:32:15.554 | INFO     | backend.pipeline.news_pipeline:run_all:301 - Processing Ummeda Ram Beniwal
2026-06-07 14:32:15.554 | WARNING  | backend.scraper.news:fetch_rss:90 - RSS parse issue for 'Ummeda Ram Beniwal': <urlopen error [Errno 11001] getaddrinfo failed>
2026-06-07 14:32:15.554 | INFO     | backend.pipeline.news_pipeline:run_all:314 -   Done: {'mp_name': 'Ummeda Ram Beniwal', 'articles_fetched': 0, 'quotes_extracted': 0, 'statements_stored': 0, 'errors': []}
2026-06-07 14:32:17.564 | INFO     | backend.pipeline.news_pipeline:run_all:301 - Processing Gurjeet Singh Aujla
2026-06-07 14:32:17.564 | WARNING  | backend.scraper.news:fetch_rss:90 - RSS parse issue for 'Gurjeet Singh Aujla': <urlopen error [Errno 11001] getaddrinfo failed>
2026-06-07 14:32:17.564 | INFO     | backend.pipeline.news_pipeline:run_all:314 -   Done: {'mp_name': 'Gurjeet Singh Aujla', 'articles_fetched': 0, 'quotes_extracted': 0, 'statements_stored': 0, 'errors': []}
2026-06-07 14:32:19.575 | INFO     | backend.pipeline.news_pipeline:run_all:301 - Processing Mani A
2026-06-07 14:32:19.584 | WARNING  | backend.scraper.news:fetch_rss:90 - RSS parse issue for 'Mani A': <urlopen error [Errno 11001] getaddrinfo failed>
2026-06-07 14:32:19.584 | INFO     | backend.pipeline.news_pipeline:run_all:314 -   Done: {'mp_name': 'Mani A', 'articles_fetched': 0, 'quotes_extracted': 0, 'statements_stored': 0, 'errors': []}
2026-06-07 14:32:21.591 | INFO     | backend.pipeline.news_pipeline:run_all:301 - Processing Pathan Yusuf
2026-06-07 14:32:21.601 | WARNING  | backend.scraper.news:fetch_rss:90 - RSS parse issue for 'Pathan Yusuf': <urlopen error [Errno 11001] getaddrinfo failed>
2026-06-07 14:32:21.601 | INFO     | backend.pipeline.news_pipeline:run_all:314 -   Done: {'mp_name': 'Pathan Yusuf', 'articles_fetched': 0, 'quotes_extracted': 0, 'statements_stored': 0, 'errors': []}
2026-06-07 14:32:23.602 | INFO     | backend.pipeline.news_pipeline:run_all:301 - Processing Ram Shiromani Verma
2026-06-07 14:32:24.616 | WARNING  | backend.scraper.news:fetch_rss:90 - RSS parse issue for 'Ram Shiromani Verma': <urlopen error [Errno 11001] getaddrinfo failed>
2026-06-07 14:32:24.616 | INFO     | backend.pipeline.news_pipeline:run_all:314 -   Done: {'mp_name': 'Ram Shiromani Verma', 'articles_fetched': 0, 'quotes_extracted': 0, 'statements_stored': 0, 'errors': []}
2026-06-07 14:32:26.617 | INFO     | backend.pipeline.news_pipeline:run_all:301 - Processing Utkarsh Verma Madhur
2026-06-07 14:32:26.626 | WARNING  | backend.scraper.news:fetch_rss:90 - RSS parse issue for 'Utkarsh Verma Madhur': <urlopen error [Errno 11001] getaddrinfo failed>
2026-06-07 14:32:26.627 | INFO     | backend.pipeline.news_pipeline:run_all:314 -   Done: {'mp_name': 'Utkarsh Verma Madhur', 'articles_fetched': 0, 'quotes_extracted': 0, 'statements_stored': 0, 'errors': []}
2026-06-07 14:32:28.628 | INFO     | backend.pipeline.news_pipeline:run_all:301 - Processing D M Kathir Anand
2026-06-07 14:32:28.647 | WARNING  | backend.scraper.news:fetch_rss:90 - RSS parse issue for 'D M Kathir Anand': <urlopen error [Errno 11001] getaddrinfo failed>
2026-06-07 14:32:28.647 | INFO     | backend.pipeline.news_pipeline:run_all:314 -   Done: {'mp_name': 'D M Kathir Anand', 'articles_fetched': 0, 'quotes_extracted': 0, 'statements_stored': 0, 'errors': []}
2026-06-07 14:32:30.650 | INFO     | backend.pipeline.news_pipeline:run_all:301 - Processing Gurmeet Singh Meet Hayer
2026-06-07 14:32:30.660 | WARNING  | backend.scraper.news:fetch_rss:90 - RSS parse issue for 'Gurmeet Singh Meet Hayer': <urlopen error [Errno 11001] getaddrinfo failed>
2026-06-07 14:32:30.660 | INFO     | backend.pipeline.news_pipeline:run_all:314 -   Done: {'mp_name': 'Gurmeet Singh Meet Hayer', 'articles_fetched': 0, 'quotes_extracted': 0, 'statements_stored': 0, 'errors': []}
2026-06-07 14:32:32.664 | INFO     | backend.pipeline.news_pipeline:run_all:301 - Processing Manickam Tagore B
2026-06-07 14:32:32.674 | WARNING  | backend.scraper.news:fetch_rss:90 - RSS parse issue for 'Manickam Tagore B': <urlopen error [Errno 11001] getaddrinfo failed>
2026-06-07 14:32:32.674 | INFO     | backend.pipeline.news_pipeline:run_all:314 -   Done: {'mp_name': 'Manickam Tagore B', 'articles_fetched': 0, 'quotes_extracted': 0, 'statements_stored': 0, 'errors': []}
2026-06-07 14:32:34.680 | INFO     | backend.pipeline.news_pipeline:run_all:301 - Processing Phani Bhusan Choudhury
2026-06-07 14:32:34.684 | WARNING  | backend.scraper.news:fetch_rss:90 - RSS parse issue for 'Phani Bhusan Choudhury': <urlopen error [Errno 11001] getaddrinfo failed>
2026-06-07 14:32:34.684 | INFO     | backend.pipeline.news_pipeline:run_all:314 -   Done: {'mp_name': 'Phani Bhusan Choudhury', 'articles_fetched': 0, 'quotes_extracted': 0, 'statements_stored': 0, 'errors': []}
2026-06-07 14:32:36.690 | INFO     | backend.pipeline.news_pipeline:run_all:301 - Processing Ramasahayam Raghuram Reddy
2026-06-07 14:32:36.692 | WARNING  | backend.scraper.news:fetch_rss:90 - RSS parse issue for 'Ramasahayam Raghuram Reddy': <urlopen error [Errno 11001] getaddrinfo failed>
2026-06-07 14:32:36.692 | INFO     | backend.pipeline.news_pipeline:run_all:314 -   Done: {'mp_name': 'Ramasahayam Raghuram Reddy', 'articles_fetched': 0, 'quotes_extracted': 0, 'statements_stored': 0, 'errors': []}
2026-06-07 14:32:38.699 | INFO     | backend.pipeline.news_pipeline:run_all:301 - Processing V K Sreekandan
2026-06-07 14:32:38.705 | WARNING  | backend.scraper.news:fetch_rss:90 - RSS parse issue for 'V K Sreekandan': <urlopen error [Errno 11001] getaddrinfo failed>
2026-06-07 14:32:38.705 | INFO     | backend.pipeline.news_pipeline:run_all:314 -   Done: {'mp_name': 'V K Sreekandan', 'articles_fetched': 0, 'quotes_extracted': 0, 'statements_stored': 0, 'errors': []}
2026-06-07 14:32:40.713 | INFO     | backend.pipeline.news_pipeline:run_all:301 - Processing Gyaneshwar Patil
2026-06-07 14:32:40.715 | WARNING  | backend.scraper.news:fetch_rss:90 - RSS parse issue for 'Gyaneshwar Patil': <urlopen error [Errno 11001] getaddrinfo failed>
2026-06-07 14:32:40.715 | INFO     | backend.pipeline.news_pipeline:run_all:314 -   Done: {'mp_name': 'Gyaneshwar Patil', 'articles_fetched': 0, 'quotes_extracted': 0, 'statements_stored': 0, 'errors': []}
2026-06-07 14:32:42.724 | INFO     | backend.pipeline.news_pipeline:run_all:301 - Processing Manish Jaiswal
2026-06-07 14:32:42.730 | WARNING  | backend.scraper.news:fetch_rss:90 - RSS parse issue for 'Manish Jaiswal': <urlopen error [Errno 11001] getaddrinfo failed>
2026-06-07 14:32:42.730 | INFO     | backend.pipeline.news_pipeline:run_all:314 -   Done: {'mp_name': 'Manish Jaiswal', 'articles_fetched': 0, 'quotes_extracted': 0, 'statements_stored': 0, 'errors': []}
2026-06-07 14:32:44.734 | INFO     | backend.pipeline.news_pipeline:run_all:301 - Processing Ramashankar Rajbhar
2026-06-07 14:32:44.744 | WARNING  | backend.scraper.news:fetch_rss:90 - RSS parse issue for 'Ramashankar Rajbhar': <urlopen error [Errno 11001] getaddrinfo failed>
2026-06-07 14:32:44.744 | INFO     | backend.pipeline.news_pipeline:run_all:314 -   Done: {'mp_name': 'Ramashankar Rajbhar', 'articles_fetched': 0, 'quotes_extracted': 0, 'statements_stored': 0, 'errors': []}
2026-06-07 14:32:46.746 | INFO     | backend.pipeline.news_pipeline:run_all:301 - Processing V Somanna
2026-06-07 14:32:46.746 | WARNING  | backend.scraper.news:fetch_rss:90 - RSS parse issue for 'V Somanna': <urlopen error [Errno 11001] getaddrinfo failed>
2026-06-07 14:32:46.746 | INFO     | backend.pipeline.news_pipeline:run_all:314 -   Done: {'mp_name': 'V Somanna', 'articles_fetched': 0, 'quotes_extracted': 0, 'statements_stored': 0, 'errors': []}
2026-06-07 14:32:48.756 | INFO     | backend.pipeline.news_pipeline:run_all:301 - Processing H D Kumaraswamy
2026-06-07 14:32:48.756 | WARNING  | backend.scraper.news:fetch_rss:90 - RSS parse issue for 'H D Kumaraswamy': <urlopen error [Errno 11001] getaddrinfo failed>
2026-06-07 14:32:48.756 | INFO     | backend.pipeline.news_pipeline:run_all:314 -   Done: {'mp_name': 'H D Kumaraswamy', 'articles_fetched': 0, 'quotes_extracted': 0, 'statements_stored': 0, 'errors': []}
2026-06-07 14:32:50.766 | INFO     | backend.pipeline.news_pipeline:run_all:301 - Processing Manish Tewari
2026-06-07 14:32:50.775 | WARNING  | backend.scraper.news:fetch_rss:90 - RSS parse issue for 'Manish Tewari': <urlopen error [Errno 11001] getaddrinfo failed>
2026-06-07 14:32:50.775 | INFO     | backend.pipeline.news_pipeline:run_all:314 -   Done: {'mp_name': 'Manish Tewari', 'articles_fetched': 0, 'quotes_extracted': 0, 'statements_stored': 0, 'errors': []}
2026-06-07 14:32:52.778 | INFO     | backend.pipeline.news_pipeline:run_all:301 - Processing Poonamben Hematbhai Maadam
2026-06-07 14:32:52.780 | WARNING  | backend.scraper.news:fetch_rss:90 - RSS parse issue for 'Poonamben Hematbhai Maadam': <urlopen error [Errno 11001] getaddrinfo failed>
2026-06-07 14:32:52.780 | INFO     | backend.pipeline.news_pipeline:run_all:314 -   Done: {'mp_name': 'Poonamben Hematbhai Maadam', 'articles_fetched': 0, 'quotes_extracted': 0, 'statements_stored': 0, 'errors': []}
2026-06-07 14:32:54.789 | INFO     | backend.pipeline.news_pipeline:run_all:301 - Processing Rambhual Nishad
2026-06-07 14:32:54.800 | WARNING  | backend.scraper.news:fetch_rss:90 - RSS parse issue for 'Rambhual Nishad': <urlopen error [Errno 11001] getaddrinfo failed>
2026-06-07 14:32:54.800 | INFO     | backend.pipeline.news_pipeline:run_all:314 -   Done: {'mp_name': 'Rambhual Nishad', 'articles_fetched': 0, 'quotes_extracted': 0, 'statements_stored': 0, 'errors': []}
2026-06-07 14:32:56.801 | INFO     | backend.pipeline.news_pipeline:run_all:301 - Processing Vamsi Krishna Gaddam
2026-06-07 14:32:56.809 | WARNING  | backend.scraper.news:fetch_rss:90 - RSS parse issue for 'Vamsi Krishna Gaddam': <urlopen error [Errno 11001] getaddrinfo failed>
2026-06-07 14:32:56.809 | INFO     | backend.pipeline.news_pipeline:run_all:314 -   Done: {'mp_name': 'Vamsi Krishna Gaddam', 'articles_fetched': 0, 'quotes_extracted': 0, 'statements_stored': 0, 'errors': []}
2026-06-07 14:32:58.811 | INFO     | backend.pipeline.news_pipeline:run_all:301 - Processing Daggumalla Prasada Rao
2026-06-07 14:32:58.827 | WARNING  | backend.scraper.news:fetch_rss:90 - RSS parse issue for 'Daggumalla Prasada Rao': <urlopen error [Errno 11001] getaddrinfo failed>
2026-06-07 14:32:58.827 | INFO     | backend.pipeline.news_pipeline:run_all:314 -   Done: {'mp_name': 'Daggumalla Prasada Rao', 'articles_fetched': 0, 'quotes_extracted': 0, 'statements_stored': 0, 'errors': []}
2026-06-07 14:33:00.828 | INFO     | backend.pipeline.news_pipeline:run_all:301 - Processing Hanuman Beniwal
2026-06-07 14:33:12.869 | WARNING  | backend.scraper.news:fetch_rss:90 - RSS parse issue for 'Hanuman Beniwal': <urlopen error [Errno 11001] getaddrinfo failed>
2026-06-07 14:33:12.869 | INFO     | backend.pipeline.news_pipeline:run_all:314 -   Done: {'mp_name': 'Hanuman Beniwal', 'articles_fetched': 0, 'quotes_extracted': 0, 'statements_stored': 0, 'errors': []}
2026-06-07 14:33:14.870 | INFO     | backend.pipeline.news_pipeline:run_all:301 - Processing Manju Sharma
2026-06-07 14:33:14.870 | WARNING  | backend.scraper.news:fetch_rss:90 - RSS parse issue for 'Manju Sharma': <urlopen error [Errno 11001] getaddrinfo failed>
2026-06-07 14:33:14.870 | INFO     | backend.pipeline.news_pipeline:run_all:314 -   Done: {'mp_name': 'Manju Sharma', 'articles_fetched': 0, 'quotes_extracted': 0, 'statements_stored': 0, 'errors': []}
2026-06-07 14:33:16.881 | INFO     | backend.pipeline.news_pipeline:run_all:301 - Processing Prabha Mallikarjun
2026-06-07 14:33:16.894 | WARNING  | backend.scraper.news:fetch_rss:90 - RSS parse issue for 'Prabha Mallikarjun': <urlopen error [Errno 11001] getaddrinfo failed>
2026-06-07 14:33:16.894 | INFO     | backend.pipeline.news_pipeline:run_all:314 -   Done: {'mp_name': 'Prabha Mallikarjun', 'articles_fetched': 0, 'quotes_extracted': 0, 'statements_stored': 0, 'errors': []}
2026-06-07 14:33:18.896 | INFO     | backend.pipeline.news_pipeline:run_all:301 - Processing Ramesh Awasthi
2026-06-07 14:33:18.901 | WARNING  | backend.scraper.news:fetch_rss:90 - RSS parse issue for 'Ramesh Awasthi': <urlopen error [Errno 11001] getaddrinfo failed>
2026-06-07 14:33:18.901 | INFO     | backend.pipeline.news_pipeline:run_all:314 -   Done: {'mp_name': 'Ramesh Awasthi', 'articles_fetched': 0, 'quotes_extracted': 0, 'statements_stored': 0, 'errors': []}
2026-06-07 14:33:20.906 | INFO     | backend.pipeline.news_pipeline:run_all:301 - Processing Harendra Singh Malik
2026-06-07 14:34:07.450 | INFO     | backend.pipeline.news_pipeline:run_all:314 -   Done: {'mp_name': 'Harendra Singh Malik', 'articles_fetched': 0, 'quotes_extracted': 0, 'statements_stored': 0, 'errors': []}
2026-06-07 14:34:09.452 | INFO     | backend.pipeline.news_pipeline:run_all:301 - Processing Manna Lal Rawat
2026-06-07 14:34:20.900 | INFO     | backend.pipeline.news_pipeline:run_all:314 -   Done: {'mp_name': 'Manna Lal Rawat', 'articles_fetched': 0, 'quotes_extracted': 0, 'statements_stored': 0, 'errors': []}
2026-06-07 14:34:22.901 | INFO     | backend.pipeline.news_pipeline:run_all:301 - Processing Prabhakar Reddy Vemireddy
2026-06-07 14:34:40.158 | INFO     | backend.pipeline.news_pipeline:run_all:314 -   Done: {'mp_name': 'Prabhakar Reddy Vemireddy', 'articles_fetched': 0, 'quotes_extracted': 0, 'statements_stored': 0, 'errors': []}
2026-06-07 14:34:42.159 | INFO     | backend.pipeline.news_pipeline:run_all:301 - Processing Ramesh Chandappa Jigajinagi
2026-06-07 14:34:58.551 | INFO     | backend.pipeline.news_pipeline:run_all:314 -   Done: {'mp_name': 'Ramesh Chandappa Jigajinagi', 'articles_fetched': 0, 'quotes_extracted': 0, 'statements_stored': 0, 'errors': []}
2026-06-07 14:35:00.552 | INFO     | backend.pipeline.news_pipeline:run_all:301 - Processing Ve Vaithilingam
2026-06-07 14:35:12.466 | INFO     | backend.pipeline.news_pipeline:run_all:314 -   Done: {'mp_name': 'Ve Vaithilingam', 'articles_fetched': 0, 'quotes_extracted': 0, 'statements_stored': 0, 'errors': []}
2026-06-07 14:35:14.466 | INFO     | backend.pipeline.news_pipeline:run_all:301 - Processing Daroga Prasad Saroj
2026-06-07 14:35:26.843 | INFO     | backend.pipeline.news_pipeline:run_all:314 -   Done: {'mp_name': 'Daroga Prasad Saroj', 'articles_fetched': 0, 'quotes_extracted': 0, 'statements_stored': 0, 'errors': []}
2026-06-07 14:35:28.844 | INFO     | backend.pipeline.news_pipeline:run_all:301 - Processing Haribhai Patel
2026-06-07 14:35:45.274 | INFO     | backend.pipeline.news_pipeline:run_all:314 -   Done: {'mp_name': 'Haribhai Patel', 'articles_fetched': 0, 'quotes_extracted': 0, 'statements_stored': 0, 'errors': []}
2026-06-07 14:35:47.275 | INFO     | backend.pipeline.news_pipeline:run_all:301 - Processing Pradan Baruah
2026-06-07 14:36:34.595 | INFO     | backend.pipeline.news_pipeline:run_all:314 -   Done: {'mp_name': 'Pradan Baruah', 'articles_fetched': 0, 'quotes_extracted': 0, 'statements_stored': 0, 'errors': []}
2026-06-07 14:36:36.597 | INFO     | backend.pipeline.news_pipeline:run_all:301 - Processing Ramprit Mandal
2026-06-07 14:36:50.560 | INFO     | backend.pipeline.news_pipeline:run_all:314 -   Done: {'mp_name': 'Ramprit Mandal', 'articles_fetched': 0, 'quotes_extracted': 0, 'statements_stored': 0, 'errors': []}
2026-06-07 14:36:52.561 | INFO     | backend.pipeline.news_pipeline:run_all:301 - Processing Veena Devi
2026-06-07 14:38:03.040 | INFO     | backend.pipeline.news_pipeline:run_all:314 -   Done: {'mp_name': 'Veena Devi', 'articles_fetched': 0, 'quotes_extracted': 0, 'statements_stored': 0, 'errors': []}
2026-06-07 14:38:05.041 | INFO     | backend.pipeline.news_pipeline:run_all:301 - Processing Darshan Singh Choudhary
2026-06-07 14:38:17.789 | INFO     | backend.pipeline.news_pipeline:run_all:314 -   Done: {'mp_name': 'Darshan Singh Choudhary', 'articles_fetched': 0, 'quotes_extracted': 0, 'statements_stored': 0, 'errors': []}
2026-06-07 14:38:19.792 | INFO     | backend.pipeline.news_pipeline:run_all:301 - Processing Harish Chandra Meena
2026-06-07 14:39:06.993 | INFO     | backend.pipeline.news_pipeline:run_all:314 -   Done: {'mp_name': 'Harish Chandra Meena', 'articles_fetched': 0, 'quotes_extracted': 0, 'statements_stored': 0, 'errors': []}
2026-06-07 14:39:08.993 | INFO     | backend.pipeline.news_pipeline:run_all:301 - Processing Manoj Kumar
2026-06-07 14:40:35.616 | INFO     | backend.pipeline.news_pipeline:run_all:314 -   Done: {'mp_name': 'Manoj Kumar', 'articles_fetched': 0, 'quotes_extracted': 0, 'statements_stored': 0, 'errors': []}
2026-06-07 14:40:37.618 | INFO     | backend.pipeline.news_pipeline:run_all:301 - Processing Ramvir Singh Bidhuri
2026-06-07 14:40:44.870 | WARNING  | backend.agents.statement_agent:_call_llm:85 - Groq rate limit hit (llama-3.3-70b-versatile), falling back to Ollama: Error code: 429 - {'error': {'message': 'Rate limit reached for model `llama-3.3-70b-versatile` in organization `org_01k8z2tgj1ezjbwz5qv57a5s85` service tier `on_demand` on tokens per day (TPD): Limit 100000, Used 99795, Requested 1363. Please try again in 16m40.512s. Need more tokens? Upgrade to Dev Tier today at https://console.groq.com/settings/billing', 'type': 'tokens', 'code': 'rate_limit_exceeded'}}
2026-06-07 14:42:15.107 | INFO     | backend.pipeline.news_pipeline:run_all:314 -   Done: {'mp_name': 'Ramvir Singh Bidhuri', 'articles_fetched': 1, 'quotes_extracted': 2, 'statements_stored': 0, 'errors': []}
2026-06-07 14:42:17.108 | INFO     | backend.pipeline.news_pipeline:run_all:301 - Processing Vijay Baghel
2026-06-07 14:43:32.420 | INFO     | backend.pipeline.news_pipeline:run_all:314 -   Done: {'mp_name': 'Vijay Baghel', 'articles_fetched': 0, 'quotes_extracted': 0, 'statements_stored': 0, 'errors': []}
2026-06-07 14:43:34.421 | INFO     | backend.pipeline.news_pipeline:run_all:301 - Processing Dayanidhi Maran
2026-06-07 14:46:28.297 | INFO     | backend.pipeline.news_pipeline:run_all:314 -   Done: {'mp_name': 'Dayanidhi Maran', 'articles_fetched': 0, 'quotes_extracted': 0, 'statements_stored': 0, 'errors': []}
2026-06-07 14:46:30.297 | INFO     | backend.pipeline.news_pipeline:run_all:301 - Processing Harsh Malhotra
2026-06-07 14:46:37.370 | WARNING  | backend.agents.statement_agent:_call_llm:85 - Groq rate limit hit (llama-3.3-70b-versatile), falling back to Ollama: Error code: 429 - {'error': {'message': 'Rate limit reached for model `llama-3.3-70b-versatile` in organization `org_01k8z2tgj1ezjbwz5qv57a5s85` service tier `on_demand` on tokens per day (TPD): Limit 100000, Used 99387, Requested 1408. Please try again in 11m26.88s. Need more tokens? Upgrade to Dev Tier today at https://console.groq.com/settings/billing', 'type': 'tokens', 'code': 'rate_limit_exceeded'}}
2026-06-07 14:46:41.878 | WARNING  | backend.agents.statement_agent:_call_llm:85 - Groq rate limit hit (llama-3.3-70b-versatile), falling back to Ollama: Error code: 429 - {'error': {'message': 'Rate limit reached for model `llama-3.3-70b-versatile` in organization `org_01k8z2tgj1ezjbwz5qv57a5s85` service tier `on_demand` on tokens per day (TPD): Limit 100000, Used 99382, Requested 1417. Please try again in 11m30.336s. Need more tokens? Upgrade to Dev Tier today at https://console.groq.com/settings/billing', 'type': 'tokens', 'code': 'rate_limit_exceeded'}}
2026-06-07 14:47:19.469 | WARNING  | backend.agents.statement_agent:_call_llm:85 - Groq rate limit hit (llama-3.3-70b-versatile), falling back to Ollama: Error code: 429 - {'error': {'message': 'Rate limit reached for model `llama-3.3-70b-versatile` in organization `org_01k8z2tgj1ezjbwz5qv57a5s85` service tier `on_demand` on tokens per day (TPD): Limit 100000, Used 99339, Requested 1384. Please try again in 10m24.672s. Need more tokens? Upgrade to Dev Tier today at https://console.groq.com/settings/billing', 'type': 'tokens', 'code': 'rate_limit_exceeded'}}
2026-06-07 14:47:23.939 | WARNING  | backend.agents.statement_agent:_call_llm:85 - Groq rate limit hit (llama-3.3-70b-versatile), falling back to Ollama: Error code: 429 - {'error': {'message': 'Rate limit reached for model `llama-3.3-70b-versatile` in organization `org_01k8z2tgj1ezjbwz5qv57a5s85` service tier `on_demand` on tokens per day (TPD): Limit 100000, Used 99334, Requested 1378. Please try again in 10m15.168s. Need more tokens? Upgrade to Dev Tier today at https://console.groq.com/settings/billing', 'type': 'tokens', 'code': 'rate_limit_exceeded'}}
2026-06-07 14:47:28.522 | WARNING  | backend.agents.statement_agent:_call_llm:85 - Groq rate limit hit (llama-3.3-70b-versatile), falling back to Ollama: Error code: 429 - {'error': {'message': 'Rate limit reached for model `llama-3.3-70b-versatile` in organization `org_01k8z2tgj1ezjbwz5qv57a5s85` service tier `on_demand` on tokens per day (TPD): Limit 100000, Used 99328, Requested 1359. Please try again in 9m53.568s. Need more tokens? Upgrade to Dev Tier today at https://console.groq.com/settings/billing', 'type': 'tokens', 'code': 'rate_limit_exceeded'}}
2026-06-07 14:48:00.183 | INFO     | backend.pipeline.news_pipeline:run_all:314 -   Done: {'mp_name': 'Harsh Malhotra', 'articles_fetched': 5, 'quotes_extracted': 5, 'statements_stored': 0, 'errors': []}
2026-06-07 14:48:02.184 | INFO     | backend.pipeline.news_pipeline:run_all:301 - Processing Manoj Tigga
2026-06-07 14:48:08.470 | WARNING  | backend.agents.statement_agent:_call_llm:85 - Groq rate limit hit (llama-3.3-70b-versatile), falling back to Ollama: Error code: 429 - {'error': {'message': 'Rate limit reached for model `llama-3.3-70b-versatile` in organization `org_01k8z2tgj1ezjbwz5qv57a5s85` service tier `on_demand` on tokens per day (TPD): Limit 100000, Used 99282, Requested 1393. Please try again in 9m43.2s. Need more tokens? Upgrade to Dev Tier today at https://console.groq.com/settings/billing', 'type': 'tokens', 'code': 'rate_limit_exceeded'}}
2026-06-07 14:48:13.071 | WARNING  | backend.agents.statement_agent:_call_llm:85 - Groq rate limit hit (llama-3.3-70b-versatile), falling back to Ollama: Error code: 429 - {'error': {'message': 'Rate limit reached for model `llama-3.3-70b-versatile` in organization `org_01k8z2tgj1ezjbwz5qv57a5s85` service tier `on_demand` on tokens per day (TPD): Limit 100000, Used 99277, Requested 1390. Please try again in 9m36.288s. Need more tokens? Upgrade to Dev Tier today at https://console.groq.com/settings/billing', 'type': 'tokens', 'code': 'rate_limit_exceeded'}}
2026-06-07 14:50:03.203 | INFO     | backend.pipeline.news_pipeline:run_all:314 -   Done: {'mp_name': 'Manoj Tigga', 'articles_fetched': 1, 'quotes_extracted': 2, 'statements_stored': 0, 'errors': []}
2026-06-07 14:50:05.204 | INFO     | backend.pipeline.news_pipeline:run_all:301 - Processing Pradeep Kumar Singh
2026-06-07 14:50:53.218 | INFO     | backend.pipeline.news_pipeline:run_all:314 -   Done: {'mp_name': 'Pradeep Kumar Singh', 'articles_fetched': 0, 'quotes_extracted': 0, 'statements_stored': 0, 'errors': []}
2026-06-07 14:50:55.219 | INFO     | backend.pipeline.news_pipeline:run_all:301 - Processing Dean Kuriakose
2026-06-07 14:51:03.268 | WARNING  | backend.agents.statement_agent:_call_llm:85 - Groq rate limit hit (llama-3.3-70b-versatile), falling back to Ollama: Error code: 429 - {'error': {'message': 'Rate limit reached for model `llama-3.3-70b-versatile` in organization `org_01k8z2tgj1ezjbwz5qv57a5s85` service tier `on_demand` on tokens per day (TPD): Limit 100000, Used 99080, Requested 1366. Please try again in 6m25.344s. Need more tokens? Upgrade to Dev Tier today at https://console.groq.com/settings/billing', 'type': 'tokens', 'code': 'rate_limit_exceeded'}}
2026-06-07 14:51:08.169 | WARNING  | backend.agents.statement_agent:_call_llm:85 - Groq rate limit hit (llama-3.3-70b-versatile), falling back to Ollama: Error code: 429 - {'error': {'message': 'Rate limit reached for model `llama-3.3-70b-versatile` in organization `org_01k8z2tgj1ezjbwz5qv57a5s85` service tier `on_demand` on tokens per day (TPD): Limit 100000, Used 99074, Requested 1358. Please try again in 6m13.248s. Need more tokens? Upgrade to Dev Tier today at https://console.groq.com/settings/billing', 'type': 'tokens', 'code': 'rate_limit_exceeded'}}
2026-06-07 14:51:14.090 | WARNING  | backend.agents.statement_agent:_call_llm:85 - Groq rate limit hit (llama-3.3-70b-versatile), falling back to Ollama: Error code: 429 - {'error': {'message': 'Rate limit reached for model `llama-3.3-70b-versatile` in organization `org_01k8z2tgj1ezjbwz5qv57a5s85` service tier `on_demand` on tokens per day (TPD): Limit 100000, Used 99067, Requested 1353. Please try again in 6m2.88s. Need more tokens? Upgrade to Dev Tier today at https://console.groq.com/settings/billing', 'type': 'tokens', 'code': 'rate_limit_exceeded'}}
2026-06-07 14:51:18.913 | WARNING  | backend.agents.statement_agent:_call_llm:85 - Groq rate limit hit (llama-3.3-70b-versatile), falling back to Ollama: Error code: 429 - {'error': {'message': 'Rate limit reached for model `llama-3.3-70b-versatile` in organization `org_01k8z2tgj1ezjbwz5qv57a5s85` service tier `on_demand` on tokens per day (TPD): Limit 100000, Used 99062, Requested 1365. Please try again in 6m8.928s. Need more tokens? Upgrade to Dev Tier today at https://console.groq.com/settings/billing', 'type': 'tokens', 'code': 'rate_limit_exceeded'}}
2026-06-07 14:51:23.717 | WARNING  | backend.agents.statement_agent:_call_llm:85 - Groq rate limit hit (llama-3.3-70b-versatile), falling back to Ollama: Error code: 429 - {'error': {'message': 'Rate limit reached for model `llama-3.3-70b-versatile` in organization `org_01k8z2tgj1ezjbwz5qv57a5s85` service tier `on_demand` on tokens per day (TPD): Limit 100000, Used 99056, Requested 1362. Please try again in 6m1.152s. Need more tokens? Upgrade to Dev Tier today at https://console.groq.com/settings/billing', 'type': 'tokens', 'code': 'rate_limit_exceeded'}}
2026-06-07 14:51:28.316 | WARNING  | backend.agents.statement_agent:_call_llm:85 - Groq rate limit hit (llama-3.3-70b-versatile), falling back to Ollama: Error code: 429 - {'error': {'message': 'Rate limit reached for model `llama-3.3-70b-versatile` in organization `org_01k8z2tgj1ezjbwz5qv57a5s85` service tier `on_demand` on tokens per day (TPD): Limit 100000, Used 99051, Requested 1349. Please try again in 5m45.6s. Need more tokens? Upgrade to Dev Tier today at https://console.groq.com/settings/billing', 'type': 'tokens', 'code': 'rate_limit_exceeded'}}
2026-06-07 14:51:32.893 | WARNING  | backend.agents.statement_agent:_call_llm:85 - Groq rate limit hit (llama-3.3-70b-versatile), falling back to Ollama: Error code: 429 - {'error': {'message': 'Rate limit reached for model `llama-3.3-70b-versatile` in organization `org_01k8z2tgj1ezjbwz5qv57a5s85` service tier `on_demand` on tokens per day (TPD): Limit 100000, Used 99045, Requested 1353. Please try again in 5m43.872s. Need more tokens? Upgrade to Dev Tier today at https://console.groq.com/settings/billing', 'type': 'tokens', 'code': 'rate_limit_exceeded'}}
2026-06-07 14:51:37.440 | WARNING  | backend.agents.statement_agent:_call_llm:85 - Groq rate limit hit (llama-3.3-70b-versatile), falling back to Ollama: Error code: 429 - {'error': {'message': 'Rate limit reached for model `llama-3.3-70b-versatile` in organization `org_01k8z2tgj1ezjbwz5qv57a5s85` service tier `on_demand` on tokens per day (TPD): Limit 100000, Used 99040, Requested 1364. Please try again in 5m49.056s. Need more tokens? Upgrade to Dev Tier today at https://console.groq.com/settings/billing', 'type': 'tokens', 'code': 'rate_limit_exceeded'}}
2026-06-07 14:52:03.968 | INFO     | backend.pipeline.news_pipeline:run_all:314 -   Done: {'mp_name': 'Dean Kuriakose', 'articles_fetched': 1, 'quotes_extracted': 8, 'statements_stored': 0, 'errors': []}
2026-06-07 14:52:05.969 | INFO     | backend.pipeline.news_pipeline:run_all:301 - Processing Harsimrat Kaur Badal
2026-06-07 14:55:06.745 | INFO     | backend.pipeline.news_pipeline:run_all:314 -   Done: {'mp_name': 'Harsimrat Kaur Badal', 'articles_fetched': 0, 'quotes_extracted': 0, 'statements_stored': 0, 'errors': []}
2026-06-07 14:55:08.747 | INFO     | backend.pipeline.news_pipeline:run_all:301 - Processing Manoj Tiwari
2026-06-07 14:55:16.553 | WARNING  | backend.agents.statement_agent:extract_quotes:169 - Quote extraction attempt 1 failed: Unterminated string starting at: line 71 column 18 (char 4713)
2026-06-07 14:55:18.481 | WARNING  | backend.agents.statement_agent:extract_quotes:169 - Quote extraction attempt 2 failed: Unterminated string starting at: line 71 column 18 (char 4713)
2026-06-07 14:55:41.103 | WARNING  | backend.agents.statement_agent:extract_quotes:169 - Quote extraction attempt 3 failed: Unterminated string starting at: line 71 column 18 (char 4713)
2026-06-07 14:57:18.085 | WARNING  | backend.agents.statement_agent:_call_llm:85 - Groq rate limit hit (llama-3.3-70b-versatile), falling back to Ollama: Error code: 429 - {'error': {'message': 'Rate limit reached for model `llama-3.3-70b-versatile` in organization `org_01k8z2tgj1ezjbwz5qv57a5s85` service tier `on_demand` on tokens per day (TPD): Limit 100000, Used 100000, Requested 1339. Please try again in 19m16.896s. Need more tokens? Upgrade to Dev Tier today at https://console.groq.com/settings/billing', 'type': 'tokens', 'code': 'rate_limit_exceeded'}}
2026-06-07 15:01:54.542 | INFO     | backend.pipeline.news_pipeline:run_all:314 -   Done: {'mp_name': 'Manoj Tiwari', 'articles_fetched': 3, 'quotes_extracted': 2, 'statements_stored': 0, 'errors': []}
2026-06-07 15:01:56.543 | INFO     | backend.pipeline.news_pipeline:run_all:301 - Processing Pradeep Purohit
2026-06-07 15:02:22.216 | INFO     | backend.pipeline.news_pipeline:run_all:314 -   Done: {'mp_name': 'Pradeep Purohit', 'articles_fetched': 0, 'quotes_extracted': 0, 'statements_stored': 0, 'errors': []}
2026-06-07 15:02:24.218 | INFO     | backend.pipeline.news_pipeline:run_all:301 - Processing Ranjit Dutta
2026-06-07 15:02:37.275 | INFO     | backend.pipeline.news_pipeline:run_all:314 -   Done: {'mp_name': 'Ranjit Dutta', 'articles_fetched': 0, 'quotes_extracted': 0, 'statements_stored': 0, 'errors': []}
2026-06-07 15:02:39.277 | INFO     | backend.pipeline.news_pipeline:run_all:301 - Processing Vijay Kumar Hansdak
2026-06-07 15:03:11.802 | INFO     | backend.pipeline.news_pipeline:run_all:314 -   Done: {'mp_name': 'Vijay Kumar Hansdak', 'articles_fetched': 0, 'quotes_extracted': 0, 'statements_stored': 0, 'errors': []}
2026-06-07 15:03:13.803 | INFO     | backend.pipeline.news_pipeline:run_all:301 - Processing Deepender Singh Hooda
2026-06-07 15:06:00.540 | INFO     | backend.pipeline.news_pipeline:run_all:314 -   Done: {'mp_name': 'Deepender Singh Hooda', 'articles_fetched': 0, 'quotes_extracted': 0, 'statements_stored': 0, 'errors': []}
2026-06-07 15:06:02.542 | INFO     | backend.pipeline.news_pipeline:run_all:301 - Processing Mansukh Mandaviya
2026-06-07 15:07:00.085 | INFO     | backend.pipeline.news_pipeline:run_all:314 -   Done: {'mp_name': 'Mansukh Mandaviya', 'articles_fetched': 0, 'quotes_extracted': 0, 'statements_stored': 0, 'errors': []}
2026-06-07 15:07:02.086 | INFO     | backend.pipeline.news_pipeline:run_all:301 - Processing Pradyut Bordoloi
2026-06-07 15:10:39.227 | INFO     | backend.pipeline.news_pipeline:run_all:314 -   Done: {'mp_name': 'Pradyut Bordoloi', 'articles_fetched': 0, 'quotes_extracted': 0, 'statements_stored': 0, 'errors': []}
2026-06-07 15:10:41.229 | INFO     | backend.pipeline.news_pipeline:run_all:301 - Processing Vijayakumar Alias Vijay Vasanth
2026-06-07 15:10:56.131 | INFO     | backend.pipeline.news_pipeline:run_all:314 -   Done: {'mp_name': 'Vijayakumar Alias Vijay Vasanth', 'articles_fetched': 0, 'quotes_extracted': 0, 'statements_stored': 0, 'errors': []}
2026-06-07 15:10:58.133 | INFO     | backend.pipeline.news_pipeline:run_all:301 - Processing Rao Rajendra Singh
2026-06-07 15:11:31.633 | INFO     | backend.pipeline.news_pipeline:run_all:314 -   Done: {'mp_name': 'Rao Rajendra Singh', 'articles_fetched': 0, 'quotes_extracted': 0, 'statements_stored': 0, 'errors': []}
2026-06-07 15:11:33.634 | INFO     | backend.pipeline.news_pipeline:run_all:301 - Processing Vijaylakshmi Devi
2026-06-07 15:11:53.893 | INFO     | backend.pipeline.news_pipeline:run_all:314 -   Done: {'mp_name': 'Vijaylakshmi Devi', 'articles_fetched': 0, 'quotes_extracted': 0, 'statements_stored': 0, 'errors': []}
2026-06-07 15:11:55.895 | INFO     | backend.pipeline.news_pipeline:run_all:301 - Processing Devendra Singh Alias Bhole Singh
2026-06-07 15:12:14.352 | INFO     | backend.pipeline.news_pipeline:run_all:314 -   Done: {'mp_name': 'Devendra Singh Alias Bhole Singh', 'articles_fetched': 0, 'quotes_extracted': 0, 'statements_stored': 0, 'errors': []}
2026-06-07 15:12:16.354 | INFO     | backend.pipeline.news_pipeline:run_all:301 - Processing Hemang Joshi
2026-06-07 15:13:54.652 | INFO     | backend.pipeline.news_pipeline:run_all:314 -   Done: {'mp_name': 'Hemang Joshi', 'articles_fetched': 0, 'quotes_extracted': 0, 'statements_stored': 0, 'errors': []}
2026-06-07 15:13:56.654 | INFO     | backend.pipeline.news_pipeline:run_all:301 - Processing Matheswaran V S
2026-06-07 15:14:19.172 | INFO     | backend.pipeline.news_pipeline:run_all:314 -   Done: {'mp_name': 'Matheswaran V S', 'articles_fetched': 0, 'quotes_extracted': 0, 'statements_stored': 0, 'errors': []}
2026-06-07 15:14:21.174 | INFO     | backend.pipeline.news_pipeline:run_all:301 - Processing Praniti Sushilkumar Shinde
2026-06-07 15:14:27.315 | INFO     | backend.pipeline.news_pipeline:run_all:314 -   Done: {'mp_name': 'Praniti Sushilkumar Shinde', 'articles_fetched': 0, 'quotes_extracted': 0, 'statements_stored': 0, 'errors': []}
2026-06-07 15:14:29.317 | INFO     | backend.pipeline.news_pipeline:run_all:301 - Processing Ravi Shankar Prasad
2026-06-07 15:19:00.432 | INFO     | backend.pipeline.news_pipeline:run_all:314 -   Done: {'mp_name': 'Ravi Shankar Prasad', 'articles_fetched': 0, 'quotes_extracted': 0, 'statements_stored': 0, 'errors': []}
2026-06-07 15:19:02.434 | INFO     | backend.pipeline.news_pipeline:run_all:301 - Processing Devesh Chandra Thakur
2026-06-07 15:20:30.192 | INFO     | backend.pipeline.news_pipeline:run_all:314 -   Done: {'mp_name': 'Devesh Chandra Thakur', 'articles_fetched': 0, 'quotes_extracted': 0, 'statements_stored': 0, 'errors': []}
2026-06-07 15:20:32.193 | INFO     | backend.pipeline.news_pipeline:run_all:301 - Processing Hemant Vishnu Savara
2026-06-07 15:20:52.572 | INFO     | backend.pipeline.news_pipeline:run_all:314 -   Done: {'mp_name': 'Hemant Vishnu Savara', 'articles_fetched': 0, 'quotes_extracted': 0, 'statements_stored': 0, 'errors': []}
2026-06-07 15:20:54.573 | INFO     | backend.pipeline.news_pipeline:run_all:301 - Processing Ravindra Dattaram Waikar
2026-06-07 15:21:10.910 | INFO     | backend.pipeline.news_pipeline:run_all:314 -   Done: {'mp_name': 'Ravindra Dattaram Waikar', 'articles_fetched': 0, 'quotes_extracted': 0, 'statements_stored': 0, 'errors': []}
2026-06-07 15:21:12.912 | INFO     | backend.pipeline.news_pipeline:run_all:301 - Processing Virendra Kumar
2026-06-07 15:22:50.896 | INFO     | backend.pipeline.news_pipeline:run_all:314 -   Done: {'mp_name': 'Virendra Kumar', 'articles_fetched': 0, 'quotes_extracted': 0, 'statements_stored': 0, 'errors': []}
2026-06-07 15:22:52.898 | INFO     | backend.pipeline.news_pipeline:run_all:301 - Processing Devesh Shakya
2026-06-07 15:23:24.888 | INFO     | backend.pipeline.news_pipeline:run_all:314 -   Done: {'mp_name': 'Devesh Shakya', 'articles_fetched': 0, 'quotes_extracted': 0, 'statements_stored': 0, 'errors': []}
2026-06-07 15:23:26.889 | INFO     | backend.pipeline.news_pipeline:run_all:301 - Processing Hibi Eden
2026-06-07 15:24:58.329 | INFO     | backend.pipeline.news_pipeline:run_all:314 -   Done: {'mp_name': 'Hibi Eden', 'articles_fetched': 0, 'quotes_extracted': 0, 'statements_stored': 0, 'errors': []}
2026-06-07 15:25:00.330 | INFO     | backend.pipeline.news_pipeline:run_all:301 - Processing Mian Altaf Ahmad
2026-06-07 15:25:58.244 | INFO     | backend.pipeline.news_pipeline:run_all:314 -   Done: {'mp_name': 'Mian Altaf Ahmad', 'articles_fetched': 0, 'quotes_extracted': 0, 'statements_stored': 0, 'errors': []}
2026-06-07 15:26:00.245 | INFO     | backend.pipeline.news_pipeline:run_all:301 - Processing Prasun Banerjee
2026-06-07 15:27:29.610 | INFO     | backend.pipeline.news_pipeline:run_all:314 -   Done: {'mp_name': 'Prasun Banerjee', 'articles_fetched': 0, 'quotes_extracted': 0, 'statements_stored': 0, 'errors': []}
2026-06-07 15:27:31.611 | INFO     | backend.pipeline.news_pipeline:run_all:301 - Processing Ravindra Shukla Alias Ravi Kishan
2026-06-07 15:27:58.131 | INFO     | backend.pipeline.news_pipeline:run_all:314 -   Done: {'mp_name': 'Ravindra Shukla Alias Ravi Kishan', 'articles_fetched': 0, 'quotes_extracted': 0, 'statements_stored': 0, 'errors': []}
2026-06-07 15:28:00.132 | INFO     | backend.pipeline.news_pipeline:run_all:301 - Processing Devusinh Chauhan
2026-06-07 15:29:00.759 | INFO     | backend.pipeline.news_pipeline:run_all:314 -   Done: {'mp_name': 'Devusinh Chauhan', 'articles_fetched': 0, 'quotes_extracted': 0, 'statements_stored': 0, 'errors': []}
2026-06-07 15:29:02.761 | INFO     | backend.pipeline.news_pipeline:run_all:301 - Processing Himadri Singh
2026-06-07 15:29:31.348 | INFO     | backend.pipeline.news_pipeline:run_all:314 -   Done: {'mp_name': 'Himadri Singh', 'articles_fetched': 0, 'quotes_extracted': 0, 'statements_stored': 0, 'errors': []}
2026-06-07 15:29:33.349 | INFO     | backend.pipeline.news_pipeline:run_all:301 - Processing Misha Bharti
2026-06-07 15:30:07.659 | INFO     | backend.pipeline.news_pipeline:run_all:314 -   Done: {'mp_name': 'Misha Bharti', 'articles_fetched': 0, 'quotes_extracted': 0, 'statements_stored': 0, 'errors': []}
2026-06-07 15:30:09.660 | INFO     | backend.pipeline.news_pipeline:run_all:301 - Processing Pratap Chandra Sarangi
2026-06-07 15:31:56.990 | INFO     | backend.pipeline.news_pipeline:run_all:314 -   Done: {'mp_name': 'Pratap Chandra Sarangi', 'articles_fetched': 0, 'quotes_extracted': 0, 'statements_stored': 0, 'errors': []}
2026-06-07 15:31:58.991 | INFO     | backend.pipeline.news_pipeline:run_all:301 - Processing Richard Vanlalhmangaiha
2026-06-07 15:32:07.874 | INFO     | backend.pipeline.news_pipeline:run_all:314 -   Done: {'mp_name': 'Richard Vanlalhmangaiha', 'articles_fetched': 0, 'quotes_extracted': 0, 'statements_stored': 0, 'errors': []}
2026-06-07 15:32:09.875 | INFO     | backend.pipeline.news_pipeline:run_all:301 - Processing Dhairyasheel Sambhajirao Mane
2026-06-07 15:32:27.088 | INFO     | backend.pipeline.news_pipeline:run_all:314 -   Done: {'mp_name': 'Dhairyasheel Sambhajirao Mane', 'articles_fetched': 0, 'quotes_extracted': 0, 'statements_stored': 0, 'errors': []}
2026-06-07 15:32:29.089 | INFO     | backend.pipeline.news_pipeline:run_all:301 - Processing Imran Masood
2026-06-07 15:34:44.864 | INFO     | backend.pipeline.news_pipeline:run_all:314 -   Done: {'mp_name': 'Imran Masood', 'articles_fetched': 0, 'quotes_extracted': 0, 'statements_stored': 0, 'errors': []}
2026-06-07 15:34:46.865 | INFO     | backend.pipeline.news_pipeline:run_all:301 - Processing Mitali Bag
2026-06-07 15:35:08.010 | INFO     | backend.pipeline.news_pipeline:run_all:314 -   Done: {'mp_name': 'Mitali Bag', 'articles_fetched': 0, 'quotes_extracted': 0, 'statements_stored': 0, 'errors': []}
2026-06-07 15:35:10.011 | INFO     | backend.pipeline.news_pipeline:run_all:301 - Processing Indra Hang Subba
2026-06-07 15:35:19.965 | INFO     | backend.pipeline.news_pipeline:run_all:314 -   Done: {'mp_name': 'Indra Hang Subba', 'articles_fetched': 0, 'quotes_extracted': 0, 'statements_stored': 0, 'errors': []}
2026-06-07 15:35:21.966 | INFO     | backend.pipeline.news_pipeline:run_all:301 - Processing Pratima Mondal
2026-06-07 15:35:34.475 | INFO     | backend.pipeline.news_pipeline:run_all:314 -   Done: {'mp_name': 'Pratima Mondal', 'articles_fetched': 0, 'quotes_extracted': 0, 'statements_stored': 0, 'errors': []}
2026-06-07 15:35:36.476 | INFO     | backend.pipeline.news_pipeline:run_all:301 - Processing Robert Bruce C
2026-06-07 15:35:43.638 | INFO     | backend.pipeline.news_pipeline:run_all:314 -   Done: {'mp_name': 'Robert Bruce C', 'articles_fetched': 0, 'quotes_extracted': 0, 'statements_stored': 0, 'errors': []}
2026-06-07 15:35:45.639 | INFO     | backend.pipeline.news_pipeline:run_all:301 - Processing Vishnu Datt Sharma
2026-06-07 15:35:53.546 | INFO     | backend.pipeline.news_pipeline:run_all:314 -   Done: {'mp_name': 'Vishnu Datt Sharma', 'articles_fetched': 0, 'quotes_extracted': 0, 'statements_stored': 0, 'errors': []}
2026-06-07 15:35:55.547 | INFO     | backend.pipeline.news_pipeline:run_all:301 - Processing Dharambir Singh
2026-06-07 15:37:32.625 | INFO     | backend.pipeline.news_pipeline:run_all:314 -   Done: {'mp_name': 'Dharambir Singh', 'articles_fetched': 0, 'quotes_extracted': 0, 'statements_stored': 0, 'errors': []}
2026-06-07 15:37:34.627 | INFO     | backend.pipeline.news_pipeline:run_all:301 - Processing Iqra Choudhary
2026-06-07 15:37:56.063 | INFO     | backend.pipeline.news_pipeline:run_all:314 -   Done: {'mp_name': 'Iqra Choudhary', 'articles_fetched': 0, 'quotes_extracted': 0, 'statements_stored': 0, 'errors': []}
2026-06-07 15:37:58.064 | INFO     | backend.pipeline.news_pipeline:run_all:301 - Processing Mohammad Jawed
2026-06-07 15:39:00.592 | INFO     | backend.pipeline.news_pipeline:run_all:314 -   Done: {'mp_name': 'Mohammad Jawed', 'articles_fetched': 0, 'quotes_extracted': 0, 'statements_stored': 0, 'errors': []}
2026-06-07 15:39:02.593 | INFO     | backend.pipeline.news_pipeline:run_all:301 - Processing Praveen Khandelwal
2026-06-07 15:40:08.834 | INFO     | backend.pipeline.news_pipeline:run_all:314 -   Done: {'mp_name': 'Praveen Khandelwal', 'articles_fetched': 0, 'quotes_extracted': 0, 'statements_stored': 0, 'errors': []}
2026-06-07 15:40:10.835 | INFO     | backend.pipeline.news_pipeline:run_all:301 - Processing Rodmal Nagar
2026-06-07 15:40:29.184 | INFO     | backend.pipeline.news_pipeline:run_all:314 -   Done: {'mp_name': 'Rodmal Nagar', 'articles_fetched': 0, 'quotes_extracted': 0, 'statements_stored': 0, 'errors': []}
2026-06-07 15:40:31.185 | INFO     | backend.pipeline.news_pipeline:run_all:301 - Processing Vishnu Dayal Ram
2026-06-07 15:40:56.780 | INFO     | backend.pipeline.news_pipeline:run_all:314 -   Done: {'mp_name': 'Vishnu Dayal Ram', 'articles_fetched': 0, 'quotes_extracted': 0, 'statements_stored': 0, 'errors': []}
2026-06-07 15:40:58.781 | INFO     | backend.pipeline.news_pipeline:run_all:301 - Processing Yogender Chandolia
2026-06-07 15:41:38.970 | INFO     | backend.pipeline.news_pipeline:run_all:314 -   Done: {'mp_name': 'Yogender Chandolia', 'articles_fetched': 0, 'quotes_extracted': 0, 'statements_stored': 0, 'errors': []}
2026-06-07 15:41:40.971 | INFO     | backend.pipeline.news_pipeline:run_all:301 - Processing Gowaal Kagada Padavi
2026-06-07 15:41:48.753 | INFO     | backend.pipeline.news_pipeline:run_all:314 -   Done: {'mp_name': 'Gowaal Kagada Padavi', 'articles_fetched': 0, 'quotes_extracted': 0, 'statements_stored': 0, 'errors': []}
2026-06-07 15:41:50.755 | INFO     | backend.pipeline.news_pipeline:run_all:301 - Processing Shrirang Appa Chandu Barne
2026-06-07 15:42:02.596 | INFO     | backend.pipeline.news_pipeline:run_all:314 -   Done: {'mp_name': 'Shrirang Appa Chandu Barne', 'articles_fetched': 0, 'quotes_extracted': 0, 'statements_stored': 0, 'errors': []}
2026-06-07 15:42:04.597 | INFO     | backend.pipeline.news_pipeline:run_all:301 - Processing Bhupathiraju Srinivasa Varma
2026-06-07 15:42:15.530 | INFO     | backend.pipeline.news_pipeline:run_all:314 -   Done: {'mp_name': 'Bhupathiraju Srinivasa Varma', 'articles_fetched': 0, 'quotes_extracted': 0, 'statements_stored': 0, 'errors': []}
2026-06-07 15:42:17.532 | INFO     | backend.pipeline.news_pipeline:run_all:301 - Processing G M Harish Balayogi
2026-06-07 15:42:42.746 | INFO     | backend.pipeline.news_pipeline:run_all:314 -   Done: {'mp_name': 'G M Harish Balayogi', 'articles_fetched': 0, 'quotes_extracted': 0, 'statements_stored': 0, 'errors': []}
2026-06-07 15:42:44.747 | INFO     | backend.pipeline.news_pipeline:run_all:301 - Processing Kinjarapu Rammohan Naidu
2026-06-07 15:43:35.842 | INFO     | backend.pipeline.news_pipeline:run_all:314 -   Done: {'mp_name': 'Kinjarapu Rammohan Naidu', 'articles_fetched': 0, 'quotes_extracted': 0, 'statements_stored': 0, 'errors': []}
2026-06-07 15:43:37.843 | INFO     | backend.pipeline.news_pipeline:run_all:301 - Processing Rajiv Ranjan Singh
2026-06-07 15:43:56.533 | INFO     | backend.pipeline.news_pipeline:run_all:314 -   Done: {'mp_name': 'Rajiv Ranjan Singh', 'articles_fetched': 0, 'quotes_extracted': 0, 'statements_stored': 0, 'errors': []}
2026-06-07 15:43:58.534 | INFO     | backend.pipeline.news_pipeline:run_all:301 - Processing Viriato Fernandes
2026-06-07 15:45:00.123 | INFO     | backend.pipeline.news_pipeline:run_all:314 -   Done: {'mp_name': 'Viriato Fernandes', 'articles_fetched': 1, 'quotes_extracted': 2, 'statements_stored': 0, 'errors': []}
2026-06-07 15:45:02.125 | INFO     | backend.pipeline.news_pipeline:run_all:301 - Processing Amit Shah
2026-06-07 15:45:07.996 | WARNING  | backend.agents.statement_agent:_call_llm:85 - Groq rate limit hit (llama-3.3-70b-versatile), falling back to Ollama: Error code: 429 - {'error': {'message': 'Rate limit reached for model `llama-3.3-70b-versatile` in organization `org_01k8z2tgj1ezjbwz5qv57a5s85` service tier `on_demand` on tokens per day (TPD): Limit 100000, Used 99563, Requested 1365. Please try again in 13m21.792s. Need more tokens? Upgrade to Dev Tier today at https://console.groq.com/settings/billing', 'type': 'tokens', 'code': 'rate_limit_exceeded'}}
2026-06-07 15:45:18.551 | WARNING  | backend.agents.statement_agent:_call_llm:85 - Groq rate limit hit (llama-3.3-70b-versatile), falling back to Ollama: Error code: 429 - {'error': {'message': 'Rate limit reached for model `llama-3.3-70b-versatile` in organization `org_01k8z2tgj1ezjbwz5qv57a5s85` service tier `on_demand` on tokens per day (TPD): Limit 100000, Used 99551, Requested 1116. Please try again in 9m36.288s. Need more tokens? Upgrade to Dev Tier today at https://console.groq.com/settings/billing', 'type': 'tokens', 'code': 'rate_limit_exceeded'}}
2026-06-07 15:48:20.608 | INFO     | backend.pipeline.news_pipeline:run_all:314 -   Done: {'mp_name': 'Amit Shah', 'articles_fetched': 1, 'quotes_extracted': 2, 'statements_stored': 0, 'errors': []}
2026-06-07 15:48:22.609 | INFO     | backend.pipeline.news_pipeline:run_all:301 - Processing Chandrakant Raghunath Patil
2026-06-07 15:48:26.831 | INFO     | backend.pipeline.news_pipeline:run_all:314 -   Done: {'mp_name': 'Chandrakant Raghunath Patil', 'articles_fetched': 0, 'quotes_extracted': 0, 'statements_stored': 0, 'errors': []}
2026-06-07 15:48:28.832 | INFO     | backend.pipeline.news_pipeline:run_all:301 - Processing Nimuben Jayantibhai Bambhaniya
2026-06-07 15:48:35.901 | INFO     | backend.pipeline.news_pipeline:run_all:314 -   Done: {'mp_name': 'Nimuben Jayantibhai Bambhaniya', 'articles_fetched': 0, 'quotes_extracted': 0, 'statements_stored': 0, 'errors': []}
2026-06-07 15:48:37.901 | INFO     | backend.pipeline.news_pipeline:run_all:301 - Processing Rao Inderjit Singh
2026-06-07 15:50:39.533 | INFO     | backend.pipeline.news_pipeline:run_all:314 -   Done: {'mp_name': 'Rao Inderjit Singh', 'articles_fetched': 0, 'quotes_extracted': 0, 'statements_stored': 0, 'errors': []}
2026-06-07 15:50:41.534 | INFO     | backend.pipeline.news_pipeline:run_all:301 - Processing Krishan Pal Gurjar
2026-06-07 15:51:39.458 | WARNING  | backend.agents.statement_agent:_call_llm:85 - Groq rate limit hit (llama-3.3-70b-versatile), falling back to Ollama: Error code: 429 - {'error': {'message': 'Rate limit reached for model `llama-3.3-70b-versatile` in organization `org_01k8z2tgj1ezjbwz5qv57a5s85` service tier `on_demand` on tokens per day (TPD): Limit 100000, Used 99110, Requested 1356. Please try again in 6m42.624s. Need more tokens? Upgrade to Dev Tier today at https://console.groq.com/settings/billing', 'type': 'tokens', 'code': 'rate_limit_exceeded'}}
2026-06-07 15:51:43.866 | WARNING  | backend.agents.statement_agent:_call_llm:85 - Groq rate limit hit (llama-3.3-70b-versatile), falling back to Ollama: Error code: 429 - {'error': {'message': 'Rate limit reached for model `llama-3.3-70b-versatile` in organization `org_01k8z2tgj1ezjbwz5qv57a5s85` service tier `on_demand` on tokens per day (TPD): Limit 100000, Used 99105, Requested 1407. Please try again in 7m22.368s. Need more tokens? Upgrade to Dev Tier today at https://console.groq.com/settings/billing', 'type': 'tokens', 'code': 'rate_limit_exceeded'}}
2026-06-07 15:51:48.563 | WARNING  | backend.agents.statement_agent:_call_llm:85 - Groq rate limit hit (llama-3.3-70b-versatile), falling back to Ollama: Error code: 429 - {'error': {'message': 'Rate limit reached for model `llama-3.3-70b-versatile` in organization `org_01k8z2tgj1ezjbwz5qv57a5s85` service tier `on_demand` on tokens per day (TPD): Limit 100000, Used 99100, Requested 1374. Please try again in 6m49.536s. Need more tokens? Upgrade to Dev Tier today at https://console.groq.com/settings/billing', 'type': 'tokens', 'code': 'rate_limit_exceeded'}}
2026-06-07 15:51:52.958 | WARNING  | backend.agents.statement_agent:_call_llm:85 - Groq rate limit hit (llama-3.3-70b-versatile), falling back to Ollama: Error code: 429 - {'error': {'message': 'Rate limit reached for model `llama-3.3-70b-versatile` in organization `org_01k8z2tgj1ezjbwz5qv57a5s85` service tier `on_demand` on tokens per day (TPD): Limit 100000, Used 99095, Requested 1353. Please try again in 6m27.071999999s. Need more tokens? Upgrade to Dev Tier today at https://console.groq.com/settings/billing', 'type': 'tokens', 'code': 'rate_limit_exceeded'}}
2026-06-07 15:51:57.448 | WARNING  | backend.agents.statement_agent:_call_llm:85 - Groq rate limit hit (llama-3.3-70b-versatile), falling back to Ollama: Error code: 429 - {'error': {'message': 'Rate limit reached for model `llama-3.3-70b-versatile` in organization `org_01k8z2tgj1ezjbwz5qv57a5s85` service tier `on_demand` on tokens per day (TPD): Limit 100000, Used 99089, Requested 1358. Please try again in 6m26.208s. Need more tokens? Upgrade to Dev Tier today at https://console.groq.com/settings/billing', 'type': 'tokens', 'code': 'rate_limit_exceeded'}}
2026-06-07 15:52:01.546 | WARNING  | backend.agents.statement_agent:_call_llm:85 - Groq rate limit hit (llama-3.3-70b-versatile), falling back to Ollama: Error code: 429 - {'error': {'message': 'Rate limit reached for model `llama-3.3-70b-versatile` in organization `org_01k8z2tgj1ezjbwz5qv57a5s85` service tier `on_demand` on tokens per day (TPD): Limit 100000, Used 99085, Requested 1366. Please try again in 6m29.664s. Need more tokens? Upgrade to Dev Tier today at https://console.groq.com/settings/billing', 'type': 'tokens', 'code': 'rate_limit_exceeded'}}
2026-06-07 15:52:34.598 | INFO     | backend.pipeline.news_pipeline:run_all:314 -   Done: {'mp_name': 'Krishan Pal Gurjar', 'articles_fetched': 2, 'quotes_extracted': 6, 'statements_stored': 0, 'errors': []}
2026-06-07 15:52:36.600 | INFO     | backend.pipeline.news_pipeline:run_all:301 - Processing Manohar Lal
2026-06-07 15:53:46.990 | INFO     | backend.pipeline.news_pipeline:run_all:314 -   Done: {'mp_name': 'Manohar Lal', 'articles_fetched': 0, 'quotes_extracted': 0, 'statements_stored': 0, 'errors': []}
2026-06-07 15:53:48.991 | INFO     | backend.pipeline.news_pipeline:run_all:301 - Processing Pralhad Joshi
2026-06-07 15:54:50.518 | INFO     | backend.pipeline.news_pipeline:run_all:314 -   Done: {'mp_name': 'Pralhad Joshi', 'articles_fetched': 0, 'quotes_extracted': 0, 'statements_stored': 0, 'errors': []}
2026-06-07 15:54:52.519 | INFO     | backend.pipeline.news_pipeline:run_all:301 - Processing Durgadas D D Uikey
2026-06-07 15:55:03.357 | INFO     | backend.pipeline.news_pipeline:run_all:314 -   Done: {'mp_name': 'Durgadas D D Uikey', 'articles_fetched': 0, 'quotes_extracted': 0, 'statements_stored': 0, 'errors': []}
2026-06-07 15:55:05.358 | INFO     | backend.pipeline.news_pipeline:run_all:301 - Processing Jyotiraditya M Scindia
2026-06-07 15:55:40.100 | INFO     | backend.pipeline.news_pipeline:run_all:314 -   Done: {'mp_name': 'Jyotiraditya M Scindia', 'articles_fetched': 0, 'quotes_extracted': 0, 'statements_stored': 0, 'errors': []}
2026-06-07 15:55:42.101 | INFO     | backend.pipeline.news_pipeline:run_all:301 - Processing Arvind Ganpat Sawant
2026-06-07 15:56:07.817 | INFO     | backend.pipeline.news_pipeline:run_all:314 -   Done: {'mp_name': 'Arvind Ganpat Sawant', 'articles_fetched': 1, 'quotes_extracted': 0, 'statements_stored': 0, 'errors': []}
2026-06-07 15:56:09.818 | INFO     | backend.pipeline.news_pipeline:run_all:301 - Processing Prashant Yadaorao Padole
2026-06-07 15:56:34.101 | INFO     | backend.pipeline.news_pipeline:run_all:314 -   Done: {'mp_name': 'Prashant Yadaorao Padole', 'articles_fetched': 0, 'quotes_extracted': 0, 'statements_stored': 0, 'errors': []}
2026-06-07 15:56:36.102 | INFO     | backend.pipeline.news_pipeline:run_all:301 - Processing Prataprao Ganpatrao Jadhav
2026-06-07 15:56:43.780 | INFO     | backend.pipeline.news_pipeline:run_all:314 -   Done: {'mp_name': 'Prataprao Ganpatrao Jadhav', 'articles_fetched': 0, 'quotes_extracted': 0, 'statements_stored': 0, 'errors': []}
2026-06-07 15:56:45.781 | INFO     | backend.pipeline.news_pipeline:run_all:301 - Processing Omprakash Bhupalsinh Alias Pavan Rajenimbalkar
2026-06-07 15:56:56.807 | INFO     | backend.pipeline.news_pipeline:run_all:314 -   Done: {'mp_name': 'Omprakash Bhupalsinh Alias Pavan Rajenimbalkar', 'articles_fetched': 0, 'quotes_extracted': 0, 'statements_stored': 0, 'errors': []}
2026-06-07 15:56:58.808 | INFO     | backend.pipeline.news_pipeline:run_all:301 - Processing Piyush Vedprakash Goyal
2026-06-07 15:56:59.260 | INFO     | backend.pipeline.news_pipeline:run_all:314 -   Done: {'mp_name': 'Piyush Vedprakash Goyal', 'articles_fetched': 0, 'quotes_extracted': 0, 'statements_stored': 0, 'errors': []}
2026-06-07 15:57:01.262 | INFO     | backend.pipeline.news_pipeline:run_all:301 - Processing K Gopinath
2026-06-07 15:57:19.469 | INFO     | backend.pipeline.news_pipeline:run_all:314 -   Done: {'mp_name': 'K Gopinath', 'articles_fetched': 0, 'quotes_extracted': 0, 'statements_stored': 0, 'errors': []}
2026-06-07 15:57:21.470 | INFO     | backend.pipeline.news_pipeline:run_all:301 - Processing Raksha Nikhil Khadse
2026-06-07 15:57:29.049 | INFO     | backend.pipeline.news_pipeline:run_all:314 -   Done: {'mp_name': 'Raksha Nikhil Khadse', 'articles_fetched': 0, 'quotes_extracted': 0, 'statements_stored': 0, 'errors': []}
2026-06-07 15:57:31.050 | INFO     | backend.pipeline.news_pipeline:run_all:301 - Processing Vishaldada Prakashbapu Patil
2026-06-07 15:57:41.478 | INFO     | backend.pipeline.news_pipeline:run_all:314 -   Done: {'mp_name': 'Vishaldada Prakashbapu Patil', 'articles_fetched': 0, 'quotes_extracted': 0, 'statements_stored': 0, 'errors': []}
2026-06-07 15:57:43.479 | INFO     | backend.pipeline.news_pipeline:run_all:301 - Processing Damodar Agrawal
2026-06-07 15:57:54.336 | INFO     | backend.pipeline.news_pipeline:run_all:314 -   Done: {'mp_name': 'Damodar Agrawal', 'articles_fetched': 0, 'quotes_extracted': 0, 'statements_stored': 0, 'errors': []}
2026-06-07 15:57:56.336 | INFO     | backend.pipeline.news_pipeline:run_all:301 - Processing Lumba Ram
2026-06-07 15:57:59.835 | INFO     | backend.pipeline.news_pipeline:run_all:314 -   Done: {'mp_name': 'Lumba Ram', 'articles_fetched': 0, 'quotes_extracted': 0, 'statements_stored': 0, 'errors': []}
2026-06-07 15:58:01.836 | INFO     | backend.pipeline.news_pipeline:run_all:301 - Processing Rajkumar Roat
2026-06-07 15:59:03.366 | INFO     | backend.pipeline.news_pipeline:run_all:314 -   Done: {'mp_name': 'Rajkumar Roat', 'articles_fetched': 0, 'quotes_extracted': 0, 'statements_stored': 0, 'errors': []}
2026-06-07 15:59:05.367 | INFO     | backend.pipeline.news_pipeline:run_all:301 - Processing T Sumathy Alias Thamizhachi Thangapandian
2026-06-07 15:59:15.391 | INFO     | backend.pipeline.news_pipeline:run_all:314 -   Done: {'mp_name': 'T Sumathy Alias Thamizhachi Thangapandian', 'articles_fetched': 0, 'quotes_extracted': 0, 'statements_stored': 0, 'errors': []}
2026-06-07 15:59:17.392 | INFO     | backend.pipeline.news_pipeline:run_all:301 - Processing Kalanidhi Veeraswamy
2026-06-07 15:59:38.214 | INFO     | backend.pipeline.news_pipeline:run_all:314 -   Done: {'mp_name': 'Kalanidhi Veeraswamy', 'articles_fetched': 0, 'quotes_extracted': 0, 'statements_stored': 0, 'errors': []}
2026-06-07 15:59:40.216 | INFO     | backend.pipeline.news_pipeline:run_all:301 - Processing Bandi Sanjay Kumar
2026-06-07 15:59:46.343 | WARNING  | backend.agents.statement_agent:_call_llm:85 - Groq rate limit hit (llama-3.3-70b-versatile), falling back to Ollama: Error code: 429 - {'error': {'message': 'Rate limit reached for model `llama-3.3-70b-versatile` in organization `org_01k8z2tgj1ezjbwz5qv57a5s85` service tier `on_demand` on tokens per day (TPD): Limit 100000, Used 100000, Requested 1461. Please try again in 21m2.304s. Need more tokens? Upgrade to Dev Tier today at https://console.groq.com/settings/billing', 'type': 'tokens', 'code': 'rate_limit_exceeded'}}
2026-06-07 16:00:54.335 | INFO     | backend.pipeline.news_pipeline:run_all:314 -   Done: {'mp_name': 'Bandi Sanjay Kumar', 'articles_fetched': 1, 'quotes_extracted': 2, 'statements_stored': 0, 'errors': []}
2026-06-07 16:00:56.336 | INFO     | backend.pipeline.news_pipeline:run_all:301 - Processing Anand Bhadauria
2026-06-07 16:01:03.939 | INFO     | backend.pipeline.news_pipeline:run_all:314 -   Done: {'mp_name': 'Anand Bhadauria', 'articles_fetched': 0, 'quotes_extracted': 0, 'statements_stored': 0, 'errors': []}
2026-06-07 16:01:05.940 | INFO     | backend.pipeline.news_pipeline:run_all:301 - Processing Chandra Shekhar
2026-06-07 16:02:08.057 | INFO     | backend.pipeline.news_pipeline:run_all:314 -   Done: {'mp_name': 'Chandra Shekhar', 'articles_fetched': 0, 'quotes_extracted': 0, 'statements_stored': 0, 'errors': []}
2026-06-07 16:02:10.058 | INFO     | backend.pipeline.news_pipeline:run_all:301 - Processing Pankaj Choudhary
2026-06-07 16:02:20.711 | INFO     | backend.pipeline.news_pipeline:run_all:314 -   Done: {'mp_name': 'Pankaj Choudhary', 'articles_fetched': 0, 'quotes_extracted': 0, 'statements_stored': 0, 'errors': []}
2026-06-07 16:02:22.711 | INFO     | backend.pipeline.news_pipeline:run_all:301 - Processing Muhammed Hamdullah Sayeed
2026-06-07 16:02:33.654 | INFO     | backend.pipeline.news_pipeline:run_all:314 -   Done: {'mp_name': 'Muhammed Hamdullah Sayeed', 'articles_fetched': 0, 'quotes_extracted': 0, 'statements_stored': 0, 'errors': []}
2026-06-07 16:02:35.655 | INFO     | backend.pipeline.news_pipeline:run_all:301 - Processing Rajesh Ranjan
2026-06-07 16:03:54.670 | INFO     | backend.pipeline.news_pipeline:run_all:314 -   Done: {'mp_name': 'Rajesh Ranjan', 'articles_fetched': 0, 'quotes_extracted': 0, 'statements_stored': 0, 'errors': []}
2026-06-07 16:03:56.672 | INFO     | backend.pipeline.news_pipeline:run_all:301 - Processing Ricky Andrew J Syngkon
2026-06-07 16:04:21.801 | INFO     | backend.pipeline.news_pipeline:run_all:314 -   Done: {'mp_name': 'Ricky Andrew J Syngkon', 'articles_fetched': 0, 'quotes_extracted': 0, 'statements_stored': 0, 'errors': []}
2026-06-07 16:04:23.803 | INFO     | backend.pipeline.news_pipeline:run_all:301 - Processing Delkar Kalaben Mohanbhai
2026-06-07 16:04:34.562 | INFO     | backend.pipeline.news_pipeline:run_all:314 -   Done: {'mp_name': 'Delkar Kalaben Mohanbhai', 'articles_fetched': 0, 'quotes_extracted': 0, 'statements_stored': 0, 'errors': []}
2026-06-07 16:04:36.563 | INFO     | backend.pipeline.news_pipeline:run_all:301 - Processing G Lakshminarayana
2026-06-07 16:04:43.958 | INFO     | backend.pipeline.news_pipeline:run_all:314 -   Done: {'mp_name': 'G Lakshminarayana', 'articles_fetched': 0, 'quotes_extracted': 0, 'statements_stored': 0, 'errors': []}
2026-06-07 16:04:45.959 | INFO     | backend.pipeline.news_pipeline:run_all:301 - Processing Daggubati Purandeswari
2026-06-07 16:05:09.998 | INFO     | backend.pipeline.news_pipeline:run_all:314 -   Done: {'mp_name': 'Daggubati Purandeswari', 'articles_fetched': 0, 'quotes_extracted': 0, 'statements_stored': 0, 'errors': []}
2026-06-07 16:05:12.000 | INFO     | backend.pipeline.news_pipeline:run_all:301 - Processing Kesineni Sivanath
2026-06-07 16:05:28.666 | INFO     | backend.pipeline.news_pipeline:run_all:314 -   Done: {'mp_name': 'Kesineni Sivanath', 'articles_fetched': 0, 'quotes_extracted': 0, 'statements_stored': 0, 'errors': []}
2026-06-07 16:05:30.668 | INFO     | backend.pipeline.news_pipeline:run_all:301 - Processing Magunta Sreenivasulu Reddy
2026-06-07 16:06:29.597 | INFO     | backend.pipeline.news_pipeline:run_all:314 -   Done: {'mp_name': 'Magunta Sreenivasulu Reddy', 'articles_fetched': 0, 'quotes_extracted': 0, 'statements_stored': 0, 'errors': []}
2026-06-07 16:06:31.598 | INFO     | backend.pipeline.news_pipeline:run_all:301 - Processing Bastipati Nagaraju
2026-06-07 16:06:35.377 | INFO     | backend.pipeline.news_pipeline:run_all:314 -   Done: {'mp_name': 'Bastipati Nagaraju', 'articles_fetched': 0, 'quotes_extracted': 0, 'statements_stored': 0, 'errors': []}
2026-06-07 16:06:37.378 | INFO     | backend.pipeline.news_pipeline:run_all:301 - Processing Sribharat Mathukumilli
2026-06-07 16:06:48.773 | INFO     | backend.pipeline.news_pipeline:run_all:314 -   Done: {'mp_name': 'Sribharat Mathukumilli', 'articles_fetched': 0, 'quotes_extracted': 0, 'statements_stored': 0, 'errors': []}
2026-06-07 16:06:50.774 | INFO     | backend.pipeline.news_pipeline:run_all:301 - Processing Md. Rakibul Hussain
2026-06-07 16:06:51.128 | INFO     | backend.pipeline.news_pipeline:run_all:314 -   Done: {'mp_name': 'Md. Rakibul Hussain', 'articles_fetched': 0, 'quotes_extracted': 0, 'statements_stored': 0, 'errors': []}
2026-06-07 16:06:53.136 | INFO     | backend.pipeline.news_pipeline:run_all:301 - Processing Roopkumari Choudhary
2026-06-07 16:06:53.547 | INFO     | backend.pipeline.news_pipeline:run_all:314 -   Done: {'mp_name': 'Roopkumari Choudhary', 'articles_fetched': 0, 'quotes_extracted': 0, 'statements_stored': 0, 'errors': []}
2026-06-07 16:06:55.551 | INFO     | backend.pipeline.news_pipeline:run_all:301 - Processing Chavda Vinod Lakhamshi
2026-06-07 16:07:05.557 | INFO     | backend.pipeline.news_pipeline:run_all:314 -   Done: {'mp_name': 'Chavda Vinod Lakhamshi', 'articles_fetched': 0, 'quotes_extracted': 0, 'statements_stored': 0, 'errors': []}
2026-06-07 16:07:07.559 | INFO     | backend.pipeline.news_pipeline:run_all:301 - Processing Bharatsinhji Shankarji Dabhi
2026-06-07 16:07:08.005 | INFO     | backend.pipeline.news_pipeline:run_all:314 -   Done: {'mp_name': 'Bharatsinhji Shankarji Dabhi', 'articles_fetched': 0, 'quotes_extracted': 0, 'statements_stored': 0, 'errors': []}
2026-06-07 16:07:10.007 | INFO     | backend.pipeline.news_pipeline:run_all:301 - Processing Hasmukhbhai Somabhai Patel
2026-06-07 16:07:17.178 | INFO     | backend.pipeline.news_pipeline:run_all:314 -   Done: {'mp_name': 'Hasmukhbhai Somabhai Patel', 'articles_fetched': 0, 'quotes_extracted': 0, 'statements_stored': 0, 'errors': []}
2026-06-07 16:07:19.179 | INFO     | backend.pipeline.news_pipeline:run_all:301 - Processing Jaswantsinh Sumanbhai Bhabhor
2026-06-07 16:07:29.920 | INFO     | backend.pipeline.news_pipeline:run_all:314 -   Done: {'mp_name': 'Jaswantsinh Sumanbhai Bhabhor', 'articles_fetched': 0, 'quotes_extracted': 0, 'statements_stored': 0, 'errors': []}
2026-06-07 16:07:31.921 | INFO     | backend.pipeline.news_pipeline:run_all:301 - Processing Mansukhbhai Dhanjibhai Vasava
2026-06-07 16:07:42.479 | INFO     | backend.pipeline.news_pipeline:run_all:314 -   Done: {'mp_name': 'Mansukhbhai Dhanjibhai Vasava', 'articles_fetched': 0, 'quotes_extracted': 0, 'statements_stored': 0, 'errors': []}
2026-06-07 16:07:44.480 | INFO     | backend.pipeline.news_pipeline:run_all:301 - Processing Mitesh Patel Bakabhai
2026-06-07 16:08:02.209 | INFO     | backend.pipeline.news_pipeline:run_all:314 -   Done: {'mp_name': 'Mitesh Patel Bakabhai', 'articles_fetched': 0, 'quotes_extracted': 0, 'statements_stored': 0, 'errors': []}
2026-06-07 16:08:04.209 | INFO     | backend.pipeline.news_pipeline:run_all:301 - Processing Kumari Selja
2026-06-07 16:08:10.862 | WARNING  | backend.agents.statement_agent:_call_llm:85 - Groq rate limit hit (llama-3.3-70b-versatile), falling back to Ollama: Error code: 429 - {'error': {'message': 'Rate limit reached for model `llama-3.3-70b-versatile` in organization `org_01k8z2tgj1ezjbwz5qv57a5s85` service tier `on_demand` on tokens per day (TPD): Limit 100000, Used 99417, Requested 1363. Please try again in 11m13.92s. Need more tokens? Upgrade to Dev Tier today at https://console.groq.com/settings/billing', 'type': 'tokens', 'code': 'rate_limit_exceeded'}}
2026-06-07 16:08:15.391 | WARNING  | backend.agents.statement_agent:_call_llm:85 - Groq rate limit hit (llama-3.3-70b-versatile), falling back to Ollama: Error code: 429 - {'error': {'message': 'Rate limit reached for model `llama-3.3-70b-versatile` in organization `org_01k8z2tgj1ezjbwz5qv57a5s85` service tier `on_demand` on tokens per day (TPD): Limit 100000, Used 99411, Requested 1365. Please try again in 11m10.464s. Need more tokens? Upgrade to Dev Tier today at https://console.groq.com/settings/billing', 'type': 'tokens', 'code': 'rate_limit_exceeded'}}
2026-06-07 16:08:19.713 | WARNING  | backend.agents.statement_agent:_call_llm:85 - Groq rate limit hit (llama-3.3-70b-versatile), falling back to Ollama: Error code: 429 - {'error': {'message': 'Rate limit reached for model `llama-3.3-70b-versatile` in organization `org_01k8z2tgj1ezjbwz5qv57a5s85` service tier `on_demand` on tokens per day (TPD): Limit 100000, Used 99406, Requested 1382. Please try again in 11m20.832s. Need more tokens? Upgrade to Dev Tier today at https://console.groq.com/settings/billing', 'type': 'tokens', 'code': 'rate_limit_exceeded'}}
2026-06-07 16:08:24.244 | WARNING  | backend.agents.statement_agent:_call_llm:85 - Groq rate limit hit (llama-3.3-70b-versatile), falling back to Ollama: Error code: 429 - {'error': {'message': 'Rate limit reached for model `llama-3.3-70b-versatile` in organization `org_01k8z2tgj1ezjbwz5qv57a5s85` service tier `on_demand` on tokens per day (TPD): Limit 100000, Used 99401, Requested 1357. Please try again in 10m54.912s. Need more tokens? Upgrade to Dev Tier today at https://console.groq.com/settings/billing', 'type': 'tokens', 'code': 'rate_limit_exceeded'}}
2026-06-07 16:08:28.479 | WARNING  | backend.agents.statement_agent:_call_llm:85 - Groq rate limit hit (llama-3.3-70b-versatile), falling back to Ollama: Error code: 429 - {'error': {'message': 'Rate limit reached for model `llama-3.3-70b-versatile` in organization `org_01k8z2tgj1ezjbwz5qv57a5s85` service tier `on_demand` on tokens per day (TPD): Limit 100000, Used 99396, Requested 1367. Please try again in 10m59.232s. Need more tokens? Upgrade to Dev Tier today at https://console.groq.com/settings/billing', 'type': 'tokens', 'code': 'rate_limit_exceeded'}}
2026-06-07 16:08:32.732 | WARNING  | backend.agents.statement_agent:_call_llm:85 - Groq rate limit hit (llama-3.3-70b-versatile), falling back to Ollama: Error code: 429 - {'error': {'message': 'Rate limit reached for model `llama-3.3-70b-versatile` in organization `org_01k8z2tgj1ezjbwz5qv57a5s85` service tier `on_demand` on tokens per day (TPD): Limit 100000, Used 99391, Requested 1385. Please try again in 11m10.464s. Need more tokens? Upgrade to Dev Tier today at https://console.groq.com/settings/billing', 'type': 'tokens', 'code': 'rate_limit_exceeded'}}
2026-06-07 16:08:37.151 | WARNING  | backend.agents.statement_agent:_call_llm:85 - Groq rate limit hit (llama-3.3-70b-versatile), falling back to Ollama: Error code: 429 - {'error': {'message': 'Rate limit reached for model `llama-3.3-70b-versatile` in organization `org_01k8z2tgj1ezjbwz5qv57a5s85` service tier `on_demand` on tokens per day (TPD): Limit 100000, Used 99386, Requested 1358. Please try again in 10m42.816s. Need more tokens? Upgrade to Dev Tier today at https://console.groq.com/settings/billing', 'type': 'tokens', 'code': 'rate_limit_exceeded'}}
2026-06-07 16:08:41.406 | WARNING  | backend.agents.statement_agent:_call_llm:85 - Groq rate limit hit (llama-3.3-70b-versatile), falling back to Ollama: Error code: 429 - {'error': {'message': 'Rate limit reached for model `llama-3.3-70b-versatile` in organization `org_01k8z2tgj1ezjbwz5qv57a5s85` service tier `on_demand` on tokens per day (TPD): Limit 100000, Used 99381, Requested 1358. Please try again in 10m38.496s. Need more tokens? Upgrade to Dev Tier today at https://console.groq.com/settings/billing', 'type': 'tokens', 'code': 'rate_limit_exceeded'}}
2026-06-07 16:08:45.861 | WARNING  | backend.agents.statement_agent:_call_llm:85 - Groq rate limit hit (llama-3.3-70b-versatile), falling back to Ollama: Error code: 429 - {'error': {'message': 'Rate limit reached for model `llama-3.3-70b-versatile` in organization `org_01k8z2tgj1ezjbwz5qv57a5s85` service tier `on_demand` on tokens per day (TPD): Limit 100000, Used 99376, Requested 1356. Please try again in 10m32.448s. Need more tokens? Upgrade to Dev Tier today at https://console.groq.com/settings/billing', 'type': 'tokens', 'code': 'rate_limit_exceeded'}}
2026-06-07 16:10:35.747 | INFO     | backend.pipeline.news_pipeline:run_all:314 -   Done: {'mp_name': 'Kumari Selja', 'articles_fetched': 1, 'quotes_extracted': 9, 'statements_stored': 1, 'errors': []}
2026-06-07 16:10:37.749 | INFO     | backend.pipeline.news_pipeline:run_all:301 - Processing Varun Chaudhry
2026-06-07 16:10:43.771 | WARNING  | backend.agents.statement_agent:_call_llm:85 - Groq rate limit hit (llama-3.3-70b-versatile), falling back to Ollama: Error code: 429 - {'error': {'message': 'Rate limit reached for model `llama-3.3-70b-versatile` in organization `org_01k8z2tgj1ezjbwz5qv57a5s85` service tier `on_demand` on tokens per day (TPD): Limit 100000, Used 99240, Requested 1393. Please try again in 9m6.911999999s. Need more tokens? Upgrade to Dev Tier today at https://console.groq.com/settings/billing', 'type': 'tokens', 'code': 'rate_limit_exceeded'}}
2026-06-07 16:10:48.180 | WARNING  | backend.agents.statement_agent:_call_llm:85 - Groq rate limit hit (llama-3.3-70b-versatile), falling back to Ollama: Error code: 429 - {'error': {'message': 'Rate limit reached for model `llama-3.3-70b-versatile` in organization `org_01k8z2tgj1ezjbwz5qv57a5s85` service tier `on_demand` on tokens per day (TPD): Limit 100000, Used 99234, Requested 1398. Please try again in 9m6.048s. Need more tokens? Upgrade to Dev Tier today at https://console.groq.com/settings/billing', 'type': 'tokens', 'code': 'rate_limit_exceeded'}}
2026-06-07 16:10:52.558 | WARNING  | backend.agents.statement_agent:_call_llm:85 - Groq rate limit hit (llama-3.3-70b-versatile), falling back to Ollama: Error code: 429 - {'error': {'message': 'Rate limit reached for model `llama-3.3-70b-versatile` in organization `org_01k8z2tgj1ezjbwz5qv57a5s85` service tier `on_demand` on tokens per day (TPD): Limit 100000, Used 99229, Requested 1387. Please try again in 8m52.223999999s. Need more tokens? Upgrade to Dev Tier today at https://console.groq.com/settings/billing', 'type': 'tokens', 'code': 'rate_limit_exceeded'}}
2026-06-07 16:10:56.929 | WARNING  | backend.agents.statement_agent:_call_llm:85 - Groq rate limit hit (llama-3.3-70b-versatile), falling back to Ollama: Error code: 429 - {'error': {'message': 'Rate limit reached for model `llama-3.3-70b-versatile` in organization `org_01k8z2tgj1ezjbwz5qv57a5s85` service tier `on_demand` on tokens per day (TPD): Limit 100000, Used 99224, Requested 1369. Please try again in 8m32.352s. Need more tokens? Upgrade to Dev Tier today at https://console.groq.com/settings/billing', 'type': 'tokens', 'code': 'rate_limit_exceeded'}}
2026-06-07 16:11:01.298 | WARNING  | backend.agents.statement_agent:_call_llm:85 - Groq rate limit hit (llama-3.3-70b-versatile), falling back to Ollama: Error code: 429 - {'error': {'message': 'Rate limit reached for model `llama-3.3-70b-versatile` in organization `org_01k8z2tgj1ezjbwz5qv57a5s85` service tier `on_demand` on tokens per day (TPD): Limit 100000, Used 99219, Requested 1378. Please try again in 8m35.808s. Need more tokens? Upgrade to Dev Tier today at https://console.groq.com/settings/billing', 'type': 'tokens', 'code': 'rate_limit_exceeded'}}
2026-06-07 16:11:05.784 | WARNING  | backend.agents.statement_agent:_call_llm:85 - Groq rate limit hit (llama-3.3-70b-versatile), falling back to Ollama: Error code: 429 - {'error': {'message': 'Rate limit reached for model `llama-3.3-70b-versatile` in organization `org_01k8z2tgj1ezjbwz5qv57a5s85` service tier `on_demand` on tokens per day (TPD): Limit 100000, Used 99214, Requested 1396. Please try again in 8m47.04s. Need more tokens? Upgrade to Dev Tier today at https://console.groq.com/settings/billing', 'type': 'tokens', 'code': 'rate_limit_exceeded'}}
2026-06-07 16:11:23.707 | WARNING  | backend.agents.statement_agent:_call_llm:85 - Groq rate limit hit (llama-3.3-70b-versatile), falling back to Ollama: Error code: 429 - {'error': {'message': 'Rate limit reached for model `llama-3.3-70b-versatile` in organization `org_01k8z2tgj1ezjbwz5qv57a5s85` service tier `on_demand` on tokens per day (TPD): Limit 100000, Used 99193, Requested 1374. Please try again in 8m9.888s. Need more tokens? Upgrade to Dev Tier today at https://console.groq.com/settings/billing', 'type': 'tokens', 'code': 'rate_limit_exceeded'}}
2026-06-07 16:11:28.233 | WARNING  | backend.agents.statement_agent:_call_llm:85 - Groq rate limit hit (llama-3.3-70b-versatile), falling back to Ollama: Error code: 429 - {'error': {'message': 'Rate limit reached for model `llama-3.3-70b-versatile` in organization `org_01k8z2tgj1ezjbwz5qv57a5s85` service tier `on_demand` on tokens per day (TPD): Limit 100000, Used 99188, Requested 1414. Please try again in 8m40.128s. Need more tokens? Upgrade to Dev Tier today at https://console.groq.com/settings/billing', 'type': 'tokens', 'code': 'rate_limit_exceeded'}}
2026-06-07 16:11:32.880 | WARNING  | backend.agents.statement_agent:_call_llm:85 - Groq rate limit hit (llama-3.3-70b-versatile), falling back to Ollama: Error code: 429 - {'error': {'message': 'Rate limit reached for model `llama-3.3-70b-versatile` in organization `org_01k8z2tgj1ezjbwz5qv57a5s85` service tier `on_demand` on tokens per day (TPD): Limit 100000, Used 99183, Requested 1390. Please try again in 8m15.072s. Need more tokens? Upgrade to Dev Tier today at https://console.groq.com/settings/billing', 'type': 'tokens', 'code': 'rate_limit_exceeded'}}
2026-06-07 16:11:37.396 | WARNING  | backend.agents.statement_agent:_call_llm:85 - Groq rate limit hit (llama-3.3-70b-versatile), falling back to Ollama: Error code: 429 - {'error': {'message': 'Rate limit reached for model `llama-3.3-70b-versatile` in organization `org_01k8z2tgj1ezjbwz5qv57a5s85` service tier `on_demand` on tokens per day (TPD): Limit 100000, Used 99177, Requested 1444. Please try again in 8m56.544s. Need more tokens? Upgrade to Dev Tier today at https://console.groq.com/settings/billing', 'type': 'tokens', 'code': 'rate_limit_exceeded'}}
2026-06-07 16:11:41.815 | WARNING  | backend.agents.statement_agent:_call_llm:85 - Groq rate limit hit (llama-3.3-70b-versatile), falling back to Ollama: Error code: 429 - {'error': {'message': 'Rate limit reached for model `llama-3.3-70b-versatile` in organization `org_01k8z2tgj1ezjbwz5qv57a5s85` service tier `on_demand` on tokens per day (TPD): Limit 100000, Used 99172, Requested 1402. Please try again in 8m15.936s. Need more tokens? Upgrade to Dev Tier today at https://console.groq.com/settings/billing', 'type': 'tokens', 'code': 'rate_limit_exceeded'}}
2026-06-07 16:11:46.309 | WARNING  | backend.agents.statement_agent:_call_llm:85 - Groq rate limit hit (llama-3.3-70b-versatile), falling back to Ollama: Error code: 429 - {'error': {'message': 'Rate limit reached for model `llama-3.3-70b-versatile` in organization `org_01k8z2tgj1ezjbwz5qv57a5s85` service tier `on_demand` on tokens per day (TPD): Limit 100000, Used 99167, Requested 1359. Please try again in 7m34.464s. Need more tokens? Upgrade to Dev Tier today at https://console.groq.com/settings/billing', 'type': 'tokens', 'code': 'rate_limit_exceeded'}}
2026-06-07 16:11:50.650 | WARNING  | backend.agents.statement_agent:_call_llm:85 - Groq rate limit hit (llama-3.3-70b-versatile), falling back to Ollama: Error code: 429 - {'error': {'message': 'Rate limit reached for model `llama-3.3-70b-versatile` in organization `org_01k8z2tgj1ezjbwz5qv57a5s85` service tier `on_demand` on tokens per day (TPD): Limit 100000, Used 99162, Requested 1362. Please try again in 7m32.736s. Need more tokens? Upgrade to Dev Tier today at https://console.groq.com/settings/billing', 'type': 'tokens', 'code': 'rate_limit_exceeded'}}
2026-06-07 16:12:03.598 | INFO     | backend.pipeline.news_pipeline:run_all:314 -   Done: {'mp_name': 'Varun Chaudhry', 'articles_fetched': 2, 'quotes_extracted': 13, 'statements_stored': 0, 'errors': []}
2026-06-07 16:12:05.600 | INFO     | backend.pipeline.news_pipeline:run_all:301 - Processing Brijesh Chowta
2026-06-07 16:13:56.373 | INFO     | backend.pipeline.news_pipeline:run_all:314 -   Done: {'mp_name': 'Brijesh Chowta', 'articles_fetched': 0, 'quotes_extracted': 0, 'statements_stored': 0, 'errors': []}
2026-06-07 16:13:58.374 | INFO     | backend.pipeline.news_pipeline:run_all:301 - Processing C N Manjunath
2026-06-07 16:15:31.161 | INFO     | backend.pipeline.news_pipeline:run_all:314 -   Done: {'mp_name': 'C N Manjunath', 'articles_fetched': 0, 'quotes_extracted': 0, 'statements_stored': 0, 'errors': []}
2026-06-07 16:15:33.162 | INFO     | backend.pipeline.news_pipeline:run_all:301 - Processing Kota Srinivasa Poojary
2026-06-07 16:15:40.030 | INFO     | backend.pipeline.news_pipeline:run_all:314 -   Done: {'mp_name': 'Kota Srinivasa Poojary', 'articles_fetched': 0, 'quotes_extracted': 0, 'statements_stored': 0, 'errors': []}
2026-06-07 16:15:42.031 | INFO     | backend.pipeline.news_pipeline:run_all:301 - Processing Gaddigoudar Parvatagouda Chandanagouda
2026-06-07 16:15:52.972 | INFO     | backend.pipeline.news_pipeline:run_all:314 -   Done: {'mp_name': 'Gaddigoudar Parvatagouda Chandanagouda', 'articles_fetched': 0, 'quotes_extracted': 0, 'statements_stored': 0, 'errors': []}
2026-06-07 16:15:54.973 | INFO     | backend.pipeline.news_pipeline:run_all:301 - Processing Vishweshwar Hegde Kageri
2026-06-07 16:16:00.020 | WARNING  | backend.agents.statement_agent:_call_llm:85 - Groq rate limit hit (llama-3.3-70b-versatile), falling back to Ollama: Error code: 429 - {'error': {'message': 'Rate limit reached for model `llama-3.3-70b-versatile` in organization `org_01k8z2tgj1ezjbwz5qv57a5s85` service tier `on_demand` on tokens per day (TPD): Limit 100000, Used 98874, Requested 1413. Please try again in 4m7.968s. Need more tokens? Upgrade to Dev Tier today at https://console.groq.com/settings/billing', 'type': 'tokens', 'code': 'rate_limit_exceeded'}}
2026-06-07 16:17:22.440 | INFO     | backend.pipeline.news_pipeline:run_all:314 -   Done: {'mp_name': 'Vishweshwar Hegde Kageri', 'articles_fetched': 1, 'quotes_extracted': 1, 'statements_stored': 0, 'errors': []}
2026-06-07 16:17:24.441 | INFO     | backend.pipeline.news_pipeline:run_all:301 - Processing Yaduveer Wadiyar
2026-06-07 16:17:29.442 | WARNING  | backend.agents.statement_agent:_call_llm:85 - Groq rate limit hit (llama-3.3-70b-versatile), falling back to Ollama: Error code: 429 - {'error': {'message': 'Rate limit reached for model `llama-3.3-70b-versatile` in organization `org_01k8z2tgj1ezjbwz5qv57a5s85` service tier `on_demand` on tokens per day (TPD): Limit 100000, Used 98770, Requested 1347. Please try again in 1m41.088s. Need more tokens? Upgrade to Dev Tier today at https://console.groq.com/settings/billing', 'type': 'tokens', 'code': 'rate_limit_exceeded'}}
2026-06-07 16:18:53.653 | INFO     | backend.pipeline.news_pipeline:run_all:314 -   Done: {'mp_name': 'Yaduveer Wadiyar', 'articles_fetched': 2, 'quotes_extracted': 1, 'statements_stored': 0, 'errors': []}
2026-06-07 16:18:55.654 | INFO     | backend.pipeline.news_pipeline:run_all:301 - Processing K Sudhakaran
2026-06-07 16:20:08.802 | INFO     | backend.pipeline.news_pipeline:run_all:314 -   Done: {'mp_name': 'K Sudhakaran', 'articles_fetched': 0, 'quotes_extracted': 0, 'statements_stored': 0, 'errors': []}
2026-06-07 16:20:10.804 | INFO     | backend.pipeline.news_pipeline:run_all:301 - Processing Kodikunnil Suresh
2026-06-07 16:21:25.289 | INFO     | backend.pipeline.news_pipeline:run_all:314 -   Done: {'mp_name': 'Kodikunnil Suresh', 'articles_fetched': 0, 'quotes_extracted': 0, 'statements_stored': 0, 'errors': []}
2026-06-07 16:21:27.291 | INFO     | backend.pipeline.news_pipeline:run_all:301 - Processing Rajesh Mishra
2026-06-07 16:22:34.892 | INFO     | backend.pipeline.news_pipeline:run_all:314 -   Done: {'mp_name': 'Rajesh Mishra', 'articles_fetched': 0, 'quotes_extracted': 0, 'statements_stored': 0, 'errors': []}
2026-06-07 16:22:36.893 | INFO     | backend.pipeline.news_pipeline:run_all:301 - Processing Gajendra Singh Patel
2026-06-07 16:22:51.848 | INFO     | backend.pipeline.news_pipeline:run_all:314 -   Done: {'mp_name': 'Gajendra Singh Patel', 'articles_fetched': 0, 'quotes_extracted': 0, 'statements_stored': 0, 'errors': []}
2026-06-07 16:22:53.849 | INFO     | backend.pipeline.news_pipeline:run_all:301 - Processing Sudheer Gupta
2026-06-07 16:23:14.818 | INFO     | backend.pipeline.news_pipeline:run_all:314 -   Done: {'mp_name': 'Sudheer Gupta', 'articles_fetched': 0, 'quotes_extracted': 0, 'statements_stored': 0, 'errors': []}
2026-06-07 16:23:16.819 | INFO     | backend.pipeline.news_pipeline:run_all:301 - Processing Dhanorkar Pratibha Suresh
2026-06-07 16:23:32.635 | INFO     | backend.pipeline.news_pipeline:run_all:314 -   Done: {'mp_name': 'Dhanorkar Pratibha Suresh', 'articles_fetched': 1, 'quotes_extracted': 0, 'statements_stored': 0, 'errors': []}
2026-06-07 16:23:34.636 | INFO     | backend.pipeline.news_pipeline:run_all:301 - Processing Shivaji Bandappa Kalge
2026-06-07 16:23:38.207 | INFO     | backend.pipeline.news_pipeline:run_all:314 -   Done: {'mp_name': 'Shivaji Bandappa Kalge', 'articles_fetched': 0, 'quotes_extracted': 0, 'statements_stored': 0, 'errors': []}
2026-06-07 16:23:40.208 | INFO     | backend.pipeline.news_pipeline:run_all:301 - Processing Rajabhau Parag Prakash Waje
2026-06-07 16:23:47.136 | INFO     | backend.pipeline.news_pipeline:run_all:314 -   Done: {'mp_name': 'Rajabhau Parag Prakash Waje', 'articles_fetched': 0, 'quotes_extracted': 0, 'statements_stored': 0, 'errors': []}
2026-06-07 16:23:49.137 | INFO     | backend.pipeline.news_pipeline:run_all:301 - Processing Shyamkumar Daulat Barve
2026-06-07 16:24:00.095 | INFO     | backend.pipeline.news_pipeline:run_all:314 -   Done: {'mp_name': 'Shyamkumar Daulat Barve', 'articles_fetched': 0, 'quotes_extracted': 0, 'statements_stored': 0, 'errors': []}
2026-06-07 16:24:02.096 | INFO     | backend.pipeline.news_pipeline:run_all:301 - Processing Balya Mama Suresh Gopinath Mhatre
2026-06-07 16:24:16.084 | INFO     | backend.pipeline.news_pipeline:run_all:314 -   Done: {'mp_name': 'Balya Mama Suresh Gopinath Mhatre', 'articles_fetched': 0, 'quotes_extracted': 0, 'statements_stored': 0, 'errors': []}
2026-06-07 16:24:18.085 | INFO     | backend.pipeline.news_pipeline:run_all:301 - Processing Tatkare Sunil Dattatrey
2026-06-07 16:24:28.357 | INFO     | backend.pipeline.news_pipeline:run_all:314 -   Done: {'mp_name': 'Tatkare Sunil Dattatrey', 'articles_fetched': 0, 'quotes_extracted': 0, 'statements_stored': 0, 'errors': []}
2026-06-07 16:24:30.358 | INFO     | backend.pipeline.news_pipeline:run_all:301 - Processing Pradeep Kumar Panigrahy
2026-06-07 16:24:47.285 | INFO     | backend.pipeline.news_pipeline:run_all:314 -   Done: {'mp_name': 'Pradeep Kumar Panigrahy', 'articles_fetched': 1, 'quotes_extracted': 0, 'statements_stored': 0, 'errors': []}
2026-06-07 16:24:49.286 | INFO     | backend.pipeline.news_pipeline:run_all:301 - Processing Amra Ram
2026-06-07 16:25:20.284 | INFO     | backend.pipeline.news_pipeline:run_all:314 -   Done: {'mp_name': 'Amra Ram', 'articles_fetched': 0, 'quotes_extracted': 0, 'statements_stored': 0, 'errors': []}
2026-06-07 16:25:22.285 | INFO     | backend.pipeline.news_pipeline:run_all:301 - Processing Raja A
2026-06-07 16:26:36.569 | INFO     | backend.pipeline.news_pipeline:run_all:314 -   Done: {'mp_name': 'Raja A', 'articles_fetched': 0, 'quotes_extracted': 0, 'statements_stored': 0, 'errors': []}
2026-06-07 16:26:38.571 | INFO     | backend.pipeline.news_pipeline:run_all:301 - Processing D Ravi Kumar
2026-06-07 16:26:45.860 | INFO     | backend.pipeline.news_pipeline:run_all:314 -   Done: {'mp_name': 'D Ravi Kumar', 'articles_fetched': 0, 'quotes_extracted': 0, 'statements_stored': 0, 'errors': []}
2026-06-07 16:26:47.861 | INFO     | backend.pipeline.news_pipeline:run_all:301 - Processing Rani Srikumar
2026-06-07 16:26:55.310 | INFO     | backend.pipeline.news_pipeline:run_all:314 -   Done: {'mp_name': 'Rani Srikumar', 'articles_fetched': 0, 'quotes_extracted': 0, 'statements_stored': 0, 'errors': []}
2026-06-07 16:26:57.312 | INFO     | backend.pipeline.news_pipeline:run_all:301 - Processing Selvam G
2026-06-07 16:27:04.812 | INFO     | backend.pipeline.news_pipeline:run_all:314 -   Done: {'mp_name': 'Selvam G', 'articles_fetched': 0, 'quotes_extracted': 0, 'statements_stored': 0, 'errors': []}
2026-06-07 16:27:06.813 | INFO     | backend.pipeline.news_pipeline:run_all:301 - Processing Subbarayan K
2026-06-07 16:27:20.431 | INFO     | backend.pipeline.news_pipeline:run_all:314 -   Done: {'mp_name': 'Subbarayan K', 'articles_fetched': 0, 'quotes_extracted': 0, 'statements_stored': 0, 'errors': []}
2026-06-07 16:27:22.431 | INFO     | backend.pipeline.news_pipeline:run_all:301 - Processing S Jagathratchakan
2026-06-07 16:27:29.617 | INFO     | backend.pipeline.news_pipeline:run_all:314 -   Done: {'mp_name': 'S Jagathratchakan', 'articles_fetched': 0, 'quotes_extracted': 0, 'statements_stored': 0, 'errors': []}
2026-06-07 16:27:31.618 | INFO     | backend.pipeline.news_pipeline:run_all:301 - Processing Selvaganapathi T.M.
2026-06-07 16:27:35.903 | INFO     | backend.pipeline.news_pipeline:run_all:314 -   Done: {'mp_name': 'Selvaganapathi T.M.', 'articles_fetched': 0, 'quotes_extracted': 0, 'statements_stored': 0, 'errors': []}
2026-06-07 16:27:37.904 | INFO     | backend.pipeline.news_pipeline:run_all:301 - Processing T R Baalu
2026-06-07 16:28:29.661 | INFO     | backend.pipeline.news_pipeline:run_all:314 -   Done: {'mp_name': 'T R Baalu', 'articles_fetched': 0, 'quotes_extracted': 0, 'statements_stored': 0, 'errors': []}
2026-06-07 16:28:31.663 | INFO     | backend.pipeline.news_pipeline:run_all:301 - Processing Tamilselvan Thanga
2026-06-07 16:28:32.360 | INFO     | backend.pipeline.news_pipeline:run_all:314 -   Done: {'mp_name': 'Tamilselvan Thanga', 'articles_fetched': 0, 'quotes_extracted': 0, 'statements_stored': 0, 'errors': []}
2026-06-07 16:28:34.363 | INFO     | backend.pipeline.news_pipeline:run_all:301 - Processing Thirumaavalavan Tholkappiyan
2026-06-07 16:28:35.050 | INFO     | backend.pipeline.news_pipeline:run_all:314 -   Done: {'mp_name': 'Thirumaavalavan Tholkappiyan', 'articles_fetched': 0, 'quotes_extracted': 0, 'statements_stored': 0, 'errors': []}
2026-06-07 16:28:37.053 | INFO     | backend.pipeline.news_pipeline:run_all:301 - Processing D K Aruna
2026-06-07 16:28:55.864 | INFO     | backend.pipeline.news_pipeline:run_all:314 -   Done: {'mp_name': 'D K Aruna', 'articles_fetched': 0, 'quotes_extracted': 0, 'statements_stored': 0, 'errors': []}
2026-06-07 16:28:57.864 | INFO     | backend.pipeline.news_pipeline:run_all:301 - Processing Rajkumar Sangwan
2026-06-07 16:29:10.049 | WARNING  | backend.agents.statement_agent:_call_llm:85 - Groq rate limit hit (llama-3.3-70b-versatile), falling back to Ollama: Error code: 429 - {'error': {'message': 'Rate limit reached for model `llama-3.3-70b-versatile` in organization `org_01k8z2tgj1ezjbwz5qv57a5s85` service tier `on_demand` on tokens per day (TPD): Limit 100000, Used 99389, Requested 1370. Please try again in 10m55.776s. Need more tokens? Upgrade to Dev Tier today at https://console.groq.com/settings/billing', 'type': 'tokens', 'code': 'rate_limit_exceeded'}}
2026-06-07 16:29:14.447 | WARNING  | backend.agents.statement_agent:_call_llm:85 - Groq rate limit hit (llama-3.3-70b-versatile), falling back to Ollama: Error code: 429 - {'error': {'message': 'Rate limit reached for model `llama-3.3-70b-versatile` in organization `org_01k8z2tgj1ezjbwz5qv57a5s85` service tier `on_demand` on tokens per day (TPD): Limit 100000, Used 99384, Requested 1075. Please try again in 6m36.576s. Need more tokens? Upgrade to Dev Tier today at https://console.groq.com/settings/billing', 'type': 'tokens', 'code': 'rate_limit_exceeded'}}
2026-06-07 16:29:36.675 | INFO     | backend.pipeline.news_pipeline:run_all:314 -   Done: {'mp_name': 'Rajkumar Sangwan', 'articles_fetched': 1, 'quotes_extracted': 3, 'statements_stored': 0, 'errors': []}
2026-06-07 16:29:38.677 | INFO     | backend.pipeline.news_pipeline:run_all:301 - Processing Anoop Pradhan Valmiki
2026-06-07 16:29:54.127 | INFO     | backend.pipeline.news_pipeline:run_all:314 -   Done: {'mp_name': 'Anoop Pradhan Valmiki', 'articles_fetched': 0, 'quotes_extracted': 0, 'statements_stored': 0, 'errors': []}
2026-06-07 16:29:56.128 | INFO     | backend.pipeline.news_pipeline:run_all:301 - Processing Virendra Singh
2026-06-07 16:31:08.889 | INFO     | backend.pipeline.news_pipeline:run_all:314 -   Done: {'mp_name': 'Virendra Singh', 'articles_fetched': 0, 'quotes_extracted': 0, 'statements_stored': 0, 'errors': []}
2026-06-07 16:31:10.891 | INFO     | backend.pipeline.news_pipeline:run_all:301 - Processing Chhatrapal Singh Gangwar
2026-06-07 16:31:30.412 | INFO     | backend.pipeline.news_pipeline:run_all:314 -   Done: {'mp_name': 'Chhatrapal Singh Gangwar', 'articles_fetched': 0, 'quotes_extracted': 0, 'statements_stored': 0, 'errors': []}
2026-06-07 16:31:32.413 | INFO     | backend.pipeline.news_pipeline:run_all:301 - Processing Vinod Kumar Bind
2026-06-07 16:31:56.085 | INFO     | backend.pipeline.news_pipeline:run_all:314 -   Done: {'mp_name': 'Vinod Kumar Bind', 'articles_fetched': 0, 'quotes_extracted': 0, 'statements_stored': 0, 'errors': []}
2026-06-07 16:31:58.086 | INFO     | backend.pipeline.news_pipeline:run_all:301 - Processing Hemamalini Dharmendra Deol
2026-06-07 16:32:10.701 | INFO     | backend.pipeline.news_pipeline:run_all:314 -   Done: {'mp_name': 'Hemamalini Dharmendra Deol', 'articles_fetched': 0, 'quotes_extracted': 0, 'statements_stored': 0, 'errors': []}
2026-06-07 16:32:12.702 | INFO     | backend.pipeline.news_pipeline:run_all:301 - Processing Krishna Devi Shivshankar Patel
2026-06-07 16:32:13.162 | INFO     | backend.pipeline.news_pipeline:run_all:314 -   Done: {'mp_name': 'Krishna Devi Shivshankar Patel', 'articles_fetched': 0, 'quotes_extracted': 0, 'statements_stored': 0, 'errors': []}
2026-06-07 16:32:15.168 | INFO     | backend.pipeline.news_pipeline:run_all:301 - Processing Narayandas Ahirwar
2026-06-07 16:32:15.604 | INFO     | backend.pipeline.news_pipeline:run_all:314 -   Done: {'mp_name': 'Narayandas Ahirwar', 'articles_fetched': 0, 'quotes_extracted': 0, 'statements_stored': 0, 'errors': []}
2026-06-07 16:32:17.618 | INFO     | backend.pipeline.news_pipeline:run_all:301 - Processing Satish Kumar Gautam
2026-06-07 16:32:45.325 | INFO     | backend.pipeline.news_pipeline:run_all:314 -   Done: {'mp_name': 'Satish Kumar Gautam', 'articles_fetched': 0, 'quotes_extracted': 0, 'statements_stored': 0, 'errors': []}
2026-06-07 16:32:47.326 | INFO     | backend.pipeline.news_pipeline:run_all:301 - Processing Shiv Pal Singh Patel
2026-06-07 16:32:55.628 | INFO     | backend.pipeline.news_pipeline:run_all:314 -   Done: {'mp_name': 'Shiv Pal Singh Patel', 'articles_fetched': 0, 'quotes_extracted': 0, 'statements_stored': 0, 'errors': []}
2026-06-07 16:32:57.630 | INFO     | backend.pipeline.news_pipeline:run_all:301 - Processing Vijay Kumar Dubey
2026-06-07 16:33:09.580 | INFO     | backend.pipeline.news_pipeline:run_all:314 -   Done: {'mp_name': 'Vijay Kumar Dubey', 'articles_fetched': 0, 'quotes_extracted': 0, 'statements_stored': 0, 'errors': []}
2026-06-07 16:33:11.581 | INFO     | backend.pipeline.news_pipeline:run_all:301 - Processing Adhikari Deepak Dev
2026-06-07 16:33:35.401 | INFO     | backend.pipeline.news_pipeline:run_all:314 -   Done: {'mp_name': 'Adhikari Deepak Dev', 'articles_fetched': 0, 'quotes_extracted': 0, 'statements_stored': 0, 'errors': []}
2026-06-07 16:33:37.402 | INFO     | backend.pipeline.news_pipeline:run_all:301 - Processing Shatrughan Prasad Sinha
2026-06-07 16:33:44.942 | INFO     | backend.pipeline.news_pipeline:run_all:314 -   Done: {'mp_name': 'Shatrughan Prasad Sinha', 'articles_fetched': 0, 'quotes_extracted': 0, 'statements_stored': 0, 'errors': []}
2026-06-07 16:33:46.942 | INFO     | backend.pipeline.news_pipeline:run_all:301 - Processing Chh. Udayanraje Pratapsinha Maharaj Bhonsle
2026-06-07 16:33:47.554 | INFO     | backend.pipeline.news_pipeline:run_all:314 -   Done: {'mp_name': 'Chh. Udayanraje Pratapsinha Maharaj Bhonsle', 'articles_fetched': 0, 'quotes_extracted': 0, 'statements_stored': 0, 'errors': []}
2026-06-07 16:33:49.556 | INFO     | backend.pipeline.news_pipeline:run_all:301 - Processing Swami Sachidanand Hari Sakshi
2026-06-07 16:33:49.932 | INFO     | backend.pipeline.news_pipeline:run_all:314 -   Done: {'mp_name': 'Swami Sachidanand Hari Sakshi', 'articles_fetched': 0, 'quotes_extracted': 0, 'statements_stored': 0, 'errors': []}
2026-06-07 16:33:51.966 | INFO     | backend.pipeline.news_pipeline:run_all:318 - News pipeline complete: 444 MPs, 61 articles, 4 statements
2026-06-07 21:23:51.351 | INFO     | backend.api.main:_start_scheduler:65 - Weekly news pipeline scheduled (Sun 02:00)
2026-06-07 21:40:08.099 | INFO     | backend.api.main:_start_scheduler:65 - Weekly news pipeline scheduled (Sun 02:00)
2026-06-07 21:47:02.820 | INFO     | backend.api.main:_start_scheduler:65 - Weekly news pipeline scheduled (Sun 02:00)
2026-06-07 22:12:09.126 | INFO     | backend.api.main:_start_scheduler:65 - Weekly news pipeline scheduled (Sun 02:00)
2026-06-07 23:08:29.304 | INFO     | backend.api.main:_start_scheduler:65 - Weekly news pipeline scheduled (Sun 02:00)
2026-06-07 23:13:01.699 | INFO     | backend.api.main:_start_scheduler:65 - Weekly news pipeline scheduled (Sun 02:00)
2026-06-07 23:25:20.437 | INFO     | backend.api.main:_start_scheduler:65 - Weekly news pipeline scheduled (Sun 02:00)
2026-06-07 23:25:20.437 | INFO     | backend.api.main:_start_scheduler:65 - Weekly news pipeline scheduled (Sun 02:00)
2026-06-07 23:25:23.243 | INFO     | backend.api.main:_start_scheduler:65 - Weekly news pipeline scheduled (Sun 02:00)
2026-06-07 23:25:23.259 | INFO     | backend.api.main:_start_scheduler:65 - Weekly news pipeline scheduled (Sun 02:00)
